20294,/images/notfound.jpg
20266,/images/notfound.jpg
20295,/images/notfound.jpg
31661,/images/notfound.jpg
20273,/images/notfound.jpg
20243,/images/notfound.jpg
20282,/images/notfound.jpg
20238,/images/notfound.jpg
20284,/images/notfound.jpg
20290,/images/notfound.jpg
19416,/images/notfound.jpg
20278,/images/notfound.jpg
20239,/images/notfound.jpg
20286,/images/notfound.jpg
20215,/images/notfound.jpg
20213,/images/notfound.jpg
20234,/images/notfound.jpg
20281,/images/notfound.jpg
20268,/images/notfound.jpg
20228,/images/notfound.jpg
20221,/images/notfound.jpg
20270,/images/notfound.jpg
20289,/images/notfound.jpg
20226,/images/notfound.jpg
20237,/images/notfound.jpg
20214,/images/notfound.jpg
20236,/images/notfound.jpg
20269,/images/notfound.jpg
20230,/images/notfound.jpg
20277,/images/notfound.jpg
20280,/images/notfound.jpg
20218,/images/notfound.jpg
20219,/images/notfound.jpg
20279,/images/notfound.jpg
20225,/images/notfound.jpg
20271,/images/notfound.jpg
20293,/images/notfound.jpg
20274,/images/notfound.jpg
20285,/images/notfound.jpg
20256,/images/notfound.jpg
20245,/images/notfound.jpg
20246,/images/notfound.jpg
20222,/images/notfound.jpg
20257,/images/notfound.jpg
20265,/images/notfound.jpg
20283,/images/notfound.jpg
20212,/images/notfound.jpg
20263,/images/notfound.jpg
20291,/images/notfound.jpg
20240,/images/notfound.jpg
20216,/images/notfound.jpg
20217,/images/notfound.jpg
20254,/images/notfound.jpg
20231,/images/notfound.jpg
20292,/images/notfound.jpg
20248,/images/notfound.jpg
20242,/images/notfound.jpg
20247,/images/notfound.jpg
20267,/images/notfound.jpg
20275,/images/notfound.jpg
20229,/images/notfound.jpg
20251,/images/notfound.jpg
20287,/images/notfound.jpg
20223,/images/notfound.jpg
20232,/images/notfound.jpg
20258,/images/notfound.jpg
20227,/images/notfound.jpg
20249,/images/notfound.jpg
20252,/images/notfound.jpg
20241,/images/notfound.jpg
20276,/images/notfound.jpg
20233,/images/notfound.jpg
20262,/images/notfound.jpg
20235,/images/notfound.jpg
20260,/images/notfound.jpg
20260,/images/notfound.jpg
20288,/images/notfound.jpg
20288,/images/notfound.jpg
20264,/images/notfound.jpg
20264,/images/notfound.jpg
20272,/images/notfound.jpg
20272,/images/notfound.jpg
20255,/images/notfound.jpg
20224,/images/notfound.jpg
20259,/images/notfound.jpg
20220,/images/notfound.jpg
20244,/images/notfound.jpg
20250,/images/notfound.jpg
20253,/images/notfound.jpg
20261,/images/notfound.jpg
