34216,http://commondatastorage.googleapis.com/jjgames-static/images/26148.JPG
34221,http://commondatastorage.googleapis.com/jjgames-static/images/26149.JPG
34193,http://commondatastorage.googleapis.com/jjgames-static/images/26150.JPG
34424,/images/notfound.jpg
34197,http://commondatastorage.googleapis.com/jjgames-static/images/26151.JPG
34206,http://commondatastorage.googleapis.com/jjgames-static/images/26152.JPG
34196,http://commondatastorage.googleapis.com/jjgames-static/images/26153.JPG
34222,http://commondatastorage.googleapis.com/jjgames-static/images/26154.JPG
34215,http://commondatastorage.googleapis.com/jjgames-static/images/26155.JPG
34201,http://commondatastorage.googleapis.com/jjgames-static/images/26156.JPG
34202,http://commondatastorage.googleapis.com/jjgames-static/images/26157.JPG
34217,http://commondatastorage.googleapis.com/jjgames-static/images/26158.JPG
34224,http://commondatastorage.googleapis.com/jjgames-static/images/26178.JPG
34194,http://commondatastorage.googleapis.com/jjgames-static/images/26159.JPG
34203,http://commondatastorage.googleapis.com/jjgames-static/images/26160.JPG
34204,http://commondatastorage.googleapis.com/jjgames-static/images/26161.JPG
34218,http://commondatastorage.googleapis.com/jjgames-static/images/26162.JPG
34205,http://commondatastorage.googleapis.com/jjgames-static/images/26163.JPG
34198,http://commondatastorage.googleapis.com/jjgames-static/images/26164.JPG
34422,/images/notfound.jpg
34208,http://commondatastorage.googleapis.com/jjgames-static/images/26166.JPG
34214,http://commondatastorage.googleapis.com/jjgames-static/images/26167.JPG
34212,http://commondatastorage.googleapis.com/jjgames-static/images/26168.JPG
34199,http://commondatastorage.googleapis.com/jjgames-static/images/26169.JPG
34220,http://commondatastorage.googleapis.com/jjgames-static/images/26170.JPG
34211,http://commondatastorage.googleapis.com/jjgames-static/images/26171.JPG
34200,http://commondatastorage.googleapis.com/jjgames-static/images/26172.JPG
34423,/images/notfound.jpg
34210,http://commondatastorage.googleapis.com/jjgames-static/images/26173.JPG
34219,http://commondatastorage.googleapis.com/jjgames-static/images/26174.JPG
34213,http://commondatastorage.googleapis.com/jjgames-static/images/26175.JPG
34209,http://commondatastorage.googleapis.com/jjgames-static/images/26176.JPG
34195,http://commondatastorage.googleapis.com/jjgames-static/images/26177.JPG
34207,http://commondatastorage.googleapis.com/jjgames-static/images/26165.JPG
