11066,http://commondatastorage.googleapis.com/jjgames-static/images/8727.JPG
11338,http://commondatastorage.googleapis.com/jjgames-static/images/8928.JPG
11336,http://commondatastorage.googleapis.com/jjgames-static/images/8927.JPG
1964,http://commondatastorage.googleapis.com/jjgames-static/images/3349.JPG
11314,http://commondatastorage.googleapis.com/jjgames-static/images/8907.JPG
1965,http://commondatastorage.googleapis.com/jjgames-static/images/5050.JPG
1989,http://commondatastorage.googleapis.com/jjgames-static/images/5828.JPG
8544,http://commondatastorage.googleapis.com/jjgames-static/images/5470.JPG
10954,http://commondatastorage.googleapis.com/jjgames-static/images/5694.JPG
1966,http://commondatastorage.googleapis.com/jjgames-static/images/3058.JPG
1967,http://commondatastorage.googleapis.com/jjgames-static/images/4967.JPG
1968,http://commondatastorage.googleapis.com/jjgames-static/images/7636.JPG
1969,http://commondatastorage.googleapis.com/jjgames-static/images/642.JPG
1970,http://commondatastorage.googleapis.com/jjgames-static/images/3586.JPG
11316,http://commondatastorage.googleapis.com/jjgames-static/images/8909.JPG
10937,http://commondatastorage.googleapis.com/jjgames-static/images/5684.JPG
1971,http://commondatastorage.googleapis.com/jjgames-static/images/3805.JPG
1973,http://commondatastorage.googleapis.com/jjgames-static/images/3885.JPG
11289,http://commondatastorage.googleapis.com/jjgames-static/images/8883.JPG
1974,http://commondatastorage.googleapis.com/jjgames-static/images/3144.JPG
11651,http://commondatastorage.googleapis.com/jjgames-static/images/9188.JPG
1975,http://commondatastorage.googleapis.com/jjgames-static/images/7496.JPG
1976,http://commondatastorage.googleapis.com/jjgames-static/images/3435.JPG
1977,http://commondatastorage.googleapis.com/jjgames-static/images/2511.JPG
1978,http://commondatastorage.googleapis.com/jjgames-static/images/3201.JPG
1979,http://commondatastorage.googleapis.com/jjgames-static/images/3385.JPG
18709,http://commondatastorage.googleapis.com/jjgames-static/images/13086.JPG
1980,http://commondatastorage.googleapis.com/jjgames-static/images/3968.JPG
10975,http://commondatastorage.googleapis.com/jjgames-static/images/6343.JPG
1981,http://commondatastorage.googleapis.com/jjgames-static/images/4744.JPG
10398,http://commondatastorage.googleapis.com/jjgames-static/images/5496.JPG
18688,http://commondatastorage.googleapis.com/jjgames-static/images/13069.JPG
11823,http://commondatastorage.googleapis.com/jjgames-static/images/5827.JPG
11827,http://commondatastorage.googleapis.com/jjgames-static/images/9337.JPG
7265,http://commondatastorage.googleapis.com/jjgames-static/images/8110.JPG
1982,http://commondatastorage.googleapis.com/jjgames-static/images/7988.JPG
11739,http://commondatastorage.googleapis.com/jjgames-static/images/9259.JPG
1983,http://commondatastorage.googleapis.com/jjgames-static/images/2550.JPG
11700,http://commondatastorage.googleapis.com/jjgames-static/images/9226.JPG
11698,http://commondatastorage.googleapis.com/jjgames-static/images/6240.JPG
11429,http://commondatastorage.googleapis.com/jjgames-static/images/9006.JPG
1984,http://commondatastorage.googleapis.com/jjgames-static/images/8020.JPG
1986,http://commondatastorage.googleapis.com/jjgames-static/images/3174.JPG
1987,http://commondatastorage.googleapis.com/jjgames-static/images/4297.JPG
1988,http://commondatastorage.googleapis.com/jjgames-static/images/4577.JPG
10246,http://commondatastorage.googleapis.com/jjgames-static/images/5701.JPG
1990,http://commondatastorage.googleapis.com/jjgames-static/images/5715.JPG
2021,http://commondatastorage.googleapis.com/jjgames-static/images/4360.JPG
21673,/images/notfound.jpg
1991,http://commondatastorage.googleapis.com/jjgames-static/images/7642.JPG
1992,http://commondatastorage.googleapis.com/jjgames-static/images/3118.JPG
1993,http://commondatastorage.googleapis.com/jjgames-static/images/7907.JPG
11602,http://commondatastorage.googleapis.com/jjgames-static/images/9154.JPG
1994,http://commondatastorage.googleapis.com/jjgames-static/images/4213.JPG
11604,http://commondatastorage.googleapis.com/jjgames-static/images/9156.JPG
1995,http://commondatastorage.googleapis.com/jjgames-static/images/3445.JPG
11587,http://commondatastorage.googleapis.com/jjgames-static/images/9140.JPG
11606,http://commondatastorage.googleapis.com/jjgames-static/images/9158.JPG
1996,http://commondatastorage.googleapis.com/jjgames-static/images/3071.JPG
11588,http://commondatastorage.googleapis.com/jjgames-static/images/6194.JPG
1997,http://commondatastorage.googleapis.com/jjgames-static/images/3115.JPG
11434,http://commondatastorage.googleapis.com/jjgames-static/images/9011.JPG
14647,http://commondatastorage.googleapis.com/jjgames-static/images/10530.JPG
1998,http://commondatastorage.googleapis.com/jjgames-static/images/2561.JPG
1999,http://commondatastorage.googleapis.com/jjgames-static/images/3301.JPG
11302,http://commondatastorage.googleapis.com/jjgames-static/images/8896.JPG
11735,http://commondatastorage.googleapis.com/jjgames-static/images/9255.JPG
11215,http://commondatastorage.googleapis.com/jjgames-static/images/8827.JPG
2001,http://commondatastorage.googleapis.com/jjgames-static/images/4476.JPG
2002,http://commondatastorage.googleapis.com/jjgames-static/images/4761.JPG
8555,http://commondatastorage.googleapis.com/jjgames-static/images/5433.JPG
10247,http://commondatastorage.googleapis.com/jjgames-static/images/8549.JPG
2003,http://commondatastorage.googleapis.com/jjgames-static/images/3165.JPG
8556,http://commondatastorage.googleapis.com/jjgames-static/images/5434.JPG
2004,http://commondatastorage.googleapis.com/jjgames-static/images/7631.JPG
2000,http://commondatastorage.googleapis.com/jjgames-static/images/7660.JPG
2005,http://commondatastorage.googleapis.com/jjgames-static/images/4579.JPG
11639,http://commondatastorage.googleapis.com/jjgames-static/images/9180.JPG
2006,http://commondatastorage.googleapis.com/jjgames-static/images/4794.JPG
2007,http://commondatastorage.googleapis.com/jjgames-static/images/7645.JPG
2008,http://commondatastorage.googleapis.com/jjgames-static/images/2564.JPG
8578,http://commondatastorage.googleapis.com/jjgames-static/images/8148.JPG
8579,http://commondatastorage.googleapis.com/jjgames-static/images/8149.JPG
30778,http://commondatastorage.googleapis.com/jjgames-static/images/27202.JPG
2009,http://commondatastorage.googleapis.com/jjgames-static/images/2716.JPG
2010,http://commondatastorage.googleapis.com/jjgames-static/images/2542.JPG
11150,http://commondatastorage.googleapis.com/jjgames-static/images/8782.JPG
2011,http://commondatastorage.googleapis.com/jjgames-static/images/7952.JPG
10584,http://commondatastorage.googleapis.com/jjgames-static/images/5497.JPG
11973,http://commondatastorage.googleapis.com/jjgames-static/images/5870.JPG
2012,http://commondatastorage.googleapis.com/jjgames-static/images/4152.JPG
2014,http://commondatastorage.googleapis.com/jjgames-static/images/5831.JPG
2015,http://commondatastorage.googleapis.com/jjgames-static/images/7981.JPG
8611,http://commondatastorage.googleapis.com/jjgames-static/images/5477.JPG
11647,http://commondatastorage.googleapis.com/jjgames-static/images/9187.JPG
2016,http://commondatastorage.googleapis.com/jjgames-static/images/2708.JPG
11413,http://commondatastorage.googleapis.com/jjgames-static/images/8991.JPG
2018,http://commondatastorage.googleapis.com/jjgames-static/images/3087.JPG
2019,http://commondatastorage.googleapis.com/jjgames-static/images/3211.JPG
2017,http://commondatastorage.googleapis.com/jjgames-static/images/2473.JPG
11093,http://commondatastorage.googleapis.com/jjgames-static/images/8742.JPG
2020,http://commondatastorage.googleapis.com/jjgames-static/images/8054.JPG
11568,http://commondatastorage.googleapis.com/jjgames-static/images/9126.JPG
2022,http://commondatastorage.googleapis.com/jjgames-static/images/7667.JPG
2023,http://commondatastorage.googleapis.com/jjgames-static/images/4075.JPG
2024,http://commondatastorage.googleapis.com/jjgames-static/images/3112.JPG
2025,http://commondatastorage.googleapis.com/jjgames-static/images/2133.JPG
2026,http://commondatastorage.googleapis.com/jjgames-static/images/2119.JPG
2027,http://commondatastorage.googleapis.com/jjgames-static/images/3811.JPG
2028,http://commondatastorage.googleapis.com/jjgames-static/images/2719.JPG
2029,http://commondatastorage.googleapis.com/jjgames-static/images/7581.JPG
2030,http://commondatastorage.googleapis.com/jjgames-static/images/3155.JPG
2031,http://commondatastorage.googleapis.com/jjgames-static/images/7666.JPG
2032,http://commondatastorage.googleapis.com/jjgames-static/images/2580.JPG
2033,http://commondatastorage.googleapis.com/jjgames-static/images/5435.JPG
21120,http://commondatastorage.googleapis.com/jjgames-static/images/14644.JPG
11657,http://commondatastorage.googleapis.com/jjgames-static/images/7409.JPG
2034,http://commondatastorage.googleapis.com/jjgames-static/images/5363.JPG
10248,http://commondatastorage.googleapis.com/jjgames-static/images/8560.JPG
2035,http://commondatastorage.googleapis.com/jjgames-static/images/3169.JPG
2036,http://commondatastorage.googleapis.com/jjgames-static/images/3170.JPG
11638,http://commondatastorage.googleapis.com/jjgames-static/images/9179.JPG
2038,http://commondatastorage.googleapis.com/jjgames-static/images/4447.JPG
2039,http://commondatastorage.googleapis.com/jjgames-static/images/3384.JPG
2040,http://commondatastorage.googleapis.com/jjgames-static/images/7663.JPG
11710,http://commondatastorage.googleapis.com/jjgames-static/images/5900.JPG
11642,http://commondatastorage.googleapis.com/jjgames-static/images/9182.JPG
2041,http://commondatastorage.googleapis.com/jjgames-static/images/2555.JPG
11425,http://commondatastorage.googleapis.com/jjgames-static/images/9002.JPG
2084,http://commondatastorage.googleapis.com/jjgames-static/images/7644.JPG
11430,http://commondatastorage.googleapis.com/jjgames-static/images/9007.JPG
11808,http://commondatastorage.googleapis.com/jjgames-static/images/9320.JPG
2042,http://commondatastorage.googleapis.com/jjgames-static/images/3679.JPG
8604,http://commondatastorage.googleapis.com/jjgames-static/images/5469.JPG
11842,http://commondatastorage.googleapis.com/jjgames-static/images/5711.JPG
2043,http://commondatastorage.googleapis.com/jjgames-static/images/2994.JPG
11404,http://commondatastorage.googleapis.com/jjgames-static/images/8982.JPG
11047,http://commondatastorage.googleapis.com/jjgames-static/images/8715.JPG
8697,http://commondatastorage.googleapis.com/jjgames-static/images/5394.JPG
11784,http://commondatastorage.googleapis.com/jjgames-static/images/7399.JPG
2045,http://commondatastorage.googleapis.com/jjgames-static/images/4581.JPG
10249,http://commondatastorage.googleapis.com/jjgames-static/images/8547.JPG
2046,http://commondatastorage.googleapis.com/jjgames-static/images/5542.JPG
2049,http://commondatastorage.googleapis.com/jjgames-static/images/3158.JPG
11335,http://commondatastorage.googleapis.com/jjgames-static/images/8926.JPG
7291,http://commondatastorage.googleapis.com/jjgames-static/images/5303.JPG
2050,http://commondatastorage.googleapis.com/jjgames-static/images/2702.JPG
2051,http://commondatastorage.googleapis.com/jjgames-static/images/3066.JPG
2052,http://commondatastorage.googleapis.com/jjgames-static/images/1487.JPG
7292,http://commondatastorage.googleapis.com/jjgames-static/images/5120.JPG
2053,http://commondatastorage.googleapis.com/jjgames-static/images/1488.JPG
2054,http://commondatastorage.googleapis.com/jjgames-static/images/3106.JPG
2055,http://commondatastorage.googleapis.com/jjgames-static/images/3166.JPG
2056,http://commondatastorage.googleapis.com/jjgames-static/images/4696.JPG
10422,http://commondatastorage.googleapis.com/jjgames-static/images/5541.JPG
2058,http://commondatastorage.googleapis.com/jjgames-static/images/5437.JPG
11021,http://commondatastorage.googleapis.com/jjgames-static/images/8700.JPG
2059,http://commondatastorage.googleapis.com/jjgames-static/images/3816.JPG
2060,http://commondatastorage.googleapis.com/jjgames-static/images/3540.JPG
2061,http://commondatastorage.googleapis.com/jjgames-static/images/5612.JPG
11712,http://commondatastorage.googleapis.com/jjgames-static/images/9237.JPG
2062,http://commondatastorage.googleapis.com/jjgames-static/images/3756.JPG
2063,http://commondatastorage.googleapis.com/jjgames-static/images/3817.JPG
11503,http://commondatastorage.googleapis.com/jjgames-static/images/9068.JPG
10971,http://commondatastorage.googleapis.com/jjgames-static/images/9049.JPG
18651,http://commondatastorage.googleapis.com/jjgames-static/images/13041.JPG
2064,http://commondatastorage.googleapis.com/jjgames-static/images/1741.JPG
2065,http://commondatastorage.googleapis.com/jjgames-static/images/1515.JPG
2066,http://commondatastorage.googleapis.com/jjgames-static/images/4678.JPG
2068,http://commondatastorage.googleapis.com/jjgames-static/images/2138.JPG
2070,http://commondatastorage.googleapis.com/jjgames-static/images/2510.JPG
2071,http://commondatastorage.googleapis.com/jjgames-static/images/2714.JPG
2073,http://commondatastorage.googleapis.com/jjgames-static/images/3204.JPG
2074,http://commondatastorage.googleapis.com/jjgames-static/images/3156.JPG
2076,/images/notfound.jpg
1972,http://commondatastorage.googleapis.com/jjgames-static/images/3218.JPG
9254,http://commondatastorage.googleapis.com/jjgames-static/images/5399.JPG
11340,http://commondatastorage.googleapis.com/jjgames-static/images/8929.JPG
1985,http://commondatastorage.googleapis.com/jjgames-static/images/4677.JPG
2315,http://commondatastorage.googleapis.com/jjgames-static/images/2535.JPG
2316,http://commondatastorage.googleapis.com/jjgames-static/images/3477.JPG
2317,http://commondatastorage.googleapis.com/jjgames-static/images/4587.JPG
2318,http://commondatastorage.googleapis.com/jjgames-static/images/2534.JPG
2044,http://commondatastorage.googleapis.com/jjgames-static/images/3928.JPG
11094,http://commondatastorage.googleapis.com/jjgames-static/images/5840.JPG
2319,http://commondatastorage.googleapis.com/jjgames-static/images/3173.JPG
2067,http://commondatastorage.googleapis.com/jjgames-static/images/7483.JPG
2320,http://commondatastorage.googleapis.com/jjgames-static/images/3175.JPG
2069,http://commondatastorage.googleapis.com/jjgames-static/images/3499.JPG
2321,http://commondatastorage.googleapis.com/jjgames-static/images/4718.JPG
2075,http://commondatastorage.googleapis.com/jjgames-static/images/2997.JPG
14880,http://commondatastorage.googleapis.com/jjgames-static/images/12653.JPG
2077,http://commondatastorage.googleapis.com/jjgames-static/images/4968.JPG
7387,http://commondatastorage.googleapis.com/jjgames-static/images/5277.JPG
2078,http://commondatastorage.googleapis.com/jjgames-static/images/5471.JPG
2399,http://commondatastorage.googleapis.com/jjgames-static/images/7582.JPG
2072,http://commondatastorage.googleapis.com/jjgames-static/images/4469.JPG
2322,http://commondatastorage.googleapis.com/jjgames-static/images/4473.JPG
8768,http://commondatastorage.googleapis.com/jjgames-static/images/8133.JPG
2323,http://commondatastorage.googleapis.com/jjgames-static/images/4619.JPG
2079,http://commondatastorage.googleapis.com/jjgames-static/images/7586.JPG
11234,http://commondatastorage.googleapis.com/jjgames-static/images/8839.JPG
2080,http://commondatastorage.googleapis.com/jjgames-static/images/3202.JPG
2324,http://commondatastorage.googleapis.com/jjgames-static/images/2590.JPG
11751,http://commondatastorage.googleapis.com/jjgames-static/images/9270.JPG
2325,http://commondatastorage.googleapis.com/jjgames-static/images/2509.JPG
2081,http://commondatastorage.googleapis.com/jjgames-static/images/3541.JPG
2326,http://commondatastorage.googleapis.com/jjgames-static/images/2426.JPG
11294,http://commondatastorage.googleapis.com/jjgames-static/images/8888.JPG
2327,http://commondatastorage.googleapis.com/jjgames-static/images/3217.JPG
2082,http://commondatastorage.googleapis.com/jjgames-static/images/2570.JPG
2328,http://commondatastorage.googleapis.com/jjgames-static/images/3898.JPG
2083,http://commondatastorage.googleapis.com/jjgames-static/images/4329.JPG
2329,http://commondatastorage.googleapis.com/jjgames-static/images/4354.JPG
11701,http://commondatastorage.googleapis.com/jjgames-static/images/9227.JPG
10243,http://commondatastorage.googleapis.com/jjgames-static/images/5478.JPG
2085,http://commondatastorage.googleapis.com/jjgames-static/images/3813.JPG
2115,http://commondatastorage.googleapis.com/jjgames-static/images/7658.JPG
2086,http://commondatastorage.googleapis.com/jjgames-static/images/4582.JPG
2087,http://commondatastorage.googleapis.com/jjgames-static/images/6243.JPG
2100,http://commondatastorage.googleapis.com/jjgames-static/images/3491.JPG
2101,http://commondatastorage.googleapis.com/jjgames-static/images/5438.JPG
11656,http://commondatastorage.googleapis.com/jjgames-static/images/9191.JPG
2088,http://commondatastorage.googleapis.com/jjgames-static/images/2635.JPG
2102,http://commondatastorage.googleapis.com/jjgames-static/images/7905.JPG
2089,http://commondatastorage.googleapis.com/jjgames-static/images/3754.JPG
2104,http://commondatastorage.googleapis.com/jjgames-static/images/3966.JPG
11802,http://commondatastorage.googleapis.com/jjgames-static/images/9316.JPG
2105,http://commondatastorage.googleapis.com/jjgames-static/images/7661.JPG
2090,http://commondatastorage.googleapis.com/jjgames-static/images/2610.JPG
2106,http://commondatastorage.googleapis.com/jjgames-static/images/7627.JPG
2091,http://commondatastorage.googleapis.com/jjgames-static/images/3347.JPG
10738,http://commondatastorage.googleapis.com/jjgames-static/images/5626.JPG
11318,http://commondatastorage.googleapis.com/jjgames-static/images/8911.JPG
2108,http://commondatastorage.googleapis.com/jjgames-static/images/3159.JPG
2092,http://commondatastorage.googleapis.com/jjgames-static/images/7637.JPG
15620,http://commondatastorage.googleapis.com/jjgames-static/images/10595.JPG
2093,http://commondatastorage.googleapis.com/jjgames-static/images/5771.JPG
2109,http://commondatastorage.googleapis.com/jjgames-static/images/3035.JPG
2094,http://commondatastorage.googleapis.com/jjgames-static/images/7270.JPG
2095,http://commondatastorage.googleapis.com/jjgames-static/images/7587.JPG
11288,http://commondatastorage.googleapis.com/jjgames-static/images/8882.JPG
11154,http://commondatastorage.googleapis.com/jjgames-static/images/6995.JPG
11287,http://commondatastorage.googleapis.com/jjgames-static/images/8881.JPG
11388,http://commondatastorage.googleapis.com/jjgames-static/images/6837.JPG
2116,http://commondatastorage.googleapis.com/jjgames-static/images/7638.JPG
2096,http://commondatastorage.googleapis.com/jjgames-static/images/7657.JPG
2111,http://commondatastorage.googleapis.com/jjgames-static/images/4223.JPG
11550,http://commondatastorage.googleapis.com/jjgames-static/images/9110.JPG
2112,http://commondatastorage.googleapis.com/jjgames-static/images/7579.JPG
11820,http://commondatastorage.googleapis.com/jjgames-static/images/9331.JPG
2113,http://commondatastorage.googleapis.com/jjgames-static/images/4186.JPG
11317,http://commondatastorage.googleapis.com/jjgames-static/images/8910.JPG
2097,http://commondatastorage.googleapis.com/jjgames-static/images/2140.JPG
14948,http://commondatastorage.googleapis.com/jjgames-static/images/12665.JPG
2098,http://commondatastorage.googleapis.com/jjgames-static/images/4674.JPG
2117,http://commondatastorage.googleapis.com/jjgames-static/images/4477.JPG
2099,http://commondatastorage.googleapis.com/jjgames-static/images/2543.JPG
19365,http://commondatastorage.googleapis.com/jjgames-static/images/13144.JPG
2121,http://commondatastorage.googleapis.com/jjgames-static/images/2780.JPG
10991,http://commondatastorage.googleapis.com/jjgames-static/images/7382.JPG
2122,http://commondatastorage.googleapis.com/jjgames-static/images/4351.JPG
2118,http://commondatastorage.googleapis.com/jjgames-static/images/7585.JPG
2123,http://commondatastorage.googleapis.com/jjgames-static/images/5060.JPG
2119,http://commondatastorage.googleapis.com/jjgames-static/images/5499.JPG
2124,http://commondatastorage.googleapis.com/jjgames-static/images/3305.JPG
2120,http://commondatastorage.googleapis.com/jjgames-static/images/2084.JPG
2125,http://commondatastorage.googleapis.com/jjgames-static/images/3711.JPG
2140,http://commondatastorage.googleapis.com/jjgames-static/images/3121.JPG
2126,http://commondatastorage.googleapis.com/jjgames-static/images/641.JPG
2141,http://commondatastorage.googleapis.com/jjgames-static/images/2695.JPG
16882,http://commondatastorage.googleapis.com/jjgames-static/images/12877.JPG
11592,http://commondatastorage.googleapis.com/jjgames-static/images/9144.JPG
2129,http://commondatastorage.googleapis.com/jjgames-static/images/4964.JPG
2142,http://commondatastorage.googleapis.com/jjgames-static/images/7589.JPG
2130,http://commondatastorage.googleapis.com/jjgames-static/images/6200.JPG
10403,http://commondatastorage.googleapis.com/jjgames-static/images/5514.JPG
2131,http://commondatastorage.googleapis.com/jjgames-static/images/4482.JPG
2143,http://commondatastorage.googleapis.com/jjgames-static/images/5596.JPG
2127,http://commondatastorage.googleapis.com/jjgames-static/images/4618.JPG
11591,http://commondatastorage.googleapis.com/jjgames-static/images/9143.JPG
2132,http://commondatastorage.googleapis.com/jjgames-static/images/3093.JPG
11432,http://commondatastorage.googleapis.com/jjgames-static/images/9009.JPG
11304,http://commondatastorage.googleapis.com/jjgames-static/images/8898.JPG
2144,http://commondatastorage.googleapis.com/jjgames-static/images/2527.JPG
11138,http://commondatastorage.googleapis.com/jjgames-static/images/8774.JPG
2145,http://commondatastorage.googleapis.com/jjgames-static/images/3219.JPG
2133,http://commondatastorage.googleapis.com/jjgames-static/images/3206.JPG
11424,http://commondatastorage.googleapis.com/jjgames-static/images/9001.JPG
2134,http://commondatastorage.googleapis.com/jjgames-static/images/3495.JPG
2146,http://commondatastorage.googleapis.com/jjgames-static/images/7100.JPG
10959,http://commondatastorage.googleapis.com/jjgames-static/images/5702.JPG
11585,http://commondatastorage.googleapis.com/jjgames-static/images/7272.JPG
11598,http://commondatastorage.googleapis.com/jjgames-static/images/9150.JPG
2147,http://commondatastorage.googleapis.com/jjgames-static/images/3575.JPG
2135,http://commondatastorage.googleapis.com/jjgames-static/images/5627.JPG
11589,http://commondatastorage.googleapis.com/jjgames-static/images/9141.JPG
2136,http://commondatastorage.googleapis.com/jjgames-static/images/3390.JPG
2148,http://commondatastorage.googleapis.com/jjgames-static/images/4103.JPG
11599,http://commondatastorage.googleapis.com/jjgames-static/images/9151.JPG
2149,http://commondatastorage.googleapis.com/jjgames-static/images/2549.JPG
2137,http://commondatastorage.googleapis.com/jjgames-static/images/2696.JPG
10739,http://commondatastorage.googleapis.com/jjgames-static/images/5637.JPG
2138,http://commondatastorage.googleapis.com/jjgames-static/images/2694.JPG
2156,http://commondatastorage.googleapis.com/jjgames-static/images/3145.JPG
2139,http://commondatastorage.googleapis.com/jjgames-static/images/2533.JPG
2158,http://commondatastorage.googleapis.com/jjgames-static/images/4652.JPG
11419,http://commondatastorage.googleapis.com/jjgames-static/images/8996.JPG
2159,http://commondatastorage.googleapis.com/jjgames-static/images/4676.JPG
2150,http://commondatastorage.googleapis.com/jjgames-static/images/2598.JPG
2160,http://commondatastorage.googleapis.com/jjgames-static/images/2587.JPG
7319,http://commondatastorage.googleapis.com/jjgames-static/images/5307.JPG
13845,http://commondatastorage.googleapis.com/jjgames-static/images/6996.JPG
2151,http://commondatastorage.googleapis.com/jjgames-static/images/3306.JPG
2161,http://commondatastorage.googleapis.com/jjgames-static/images/7590.JPG
2152,http://commondatastorage.googleapis.com/jjgames-static/images/4029.JPG
2153,http://commondatastorage.googleapis.com/jjgames-static/images/3680.JPG
2178,http://commondatastorage.googleapis.com/jjgames-static/images/8057.JPG
2154,http://commondatastorage.googleapis.com/jjgames-static/images/2136.JPG
11648,http://commondatastorage.googleapis.com/jjgames-static/images/6839.JPG
11830,http://commondatastorage.googleapis.com/jjgames-static/images/9340.JPG
2168,http://commondatastorage.googleapis.com/jjgames-static/images/6653.JPG
2155,http://commondatastorage.googleapis.com/jjgames-static/images/3179.JPG
2169,http://commondatastorage.googleapis.com/jjgames-static/images/4361.JPG
11500,http://commondatastorage.googleapis.com/jjgames-static/images/9065.JPG
2170,http://commondatastorage.googleapis.com/jjgames-static/images/4583.JPG
11109,http://commondatastorage.googleapis.com/jjgames-static/images/6838.JPG
2171,http://commondatastorage.googleapis.com/jjgames-static/images/4584.JPG
8917,http://commondatastorage.googleapis.com/jjgames-static/images/5365.JPG
2167,http://commondatastorage.googleapis.com/jjgames-static/images/3309.JPG
2162,http://commondatastorage.googleapis.com/jjgames-static/images/3335.JPG
19362,http://commondatastorage.googleapis.com/jjgames-static/images/13138.JPG
2163,http://commondatastorage.googleapis.com/jjgames-static/images/3449.JPG
15613,http://commondatastorage.googleapis.com/jjgames-static/images/10566.JPG
18650,http://commondatastorage.googleapis.com/jjgames-static/images/13040.JPG
2172,http://commondatastorage.googleapis.com/jjgames-static/images/4277.JPG
2166,http://commondatastorage.googleapis.com/jjgames-static/images/3117.JPG
11230,http://commondatastorage.googleapis.com/jjgames-static/images/8836.JPG
11348,http://commondatastorage.googleapis.com/jjgames-static/images/8934.JPG
2173,http://commondatastorage.googleapis.com/jjgames-static/images/3814.JPG
2197,http://commondatastorage.googleapis.com/jjgames-static/images/2425.JPG
2179,http://commondatastorage.googleapis.com/jjgames-static/images/3061.JPG
2198,http://commondatastorage.googleapis.com/jjgames-static/images/2548.JPG
2180,http://commondatastorage.googleapis.com/jjgames-static/images/3393.JPG
2165,http://commondatastorage.googleapis.com/jjgames-static/images/4011.JPG
2181,http://commondatastorage.googleapis.com/jjgames-static/images/1517.JPG
2174,http://commondatastorage.googleapis.com/jjgames-static/images/3333.JPG
8973,http://commondatastorage.googleapis.com/jjgames-static/images/5348.JPG
2175,http://commondatastorage.googleapis.com/jjgames-static/images/4362.JPG
8974,http://commondatastorage.googleapis.com/jjgames-static/images/5349.JPG
2176,http://commondatastorage.googleapis.com/jjgames-static/images/3469.JPG
2182,http://commondatastorage.googleapis.com/jjgames-static/images/2701.JPG
2177,http://commondatastorage.googleapis.com/jjgames-static/images/7639.JPG
2183,http://commondatastorage.googleapis.com/jjgames-static/images/3108.JPG
2184,http://commondatastorage.googleapis.com/jjgames-static/images/3073.JPG
2187,http://commondatastorage.googleapis.com/jjgames-static/images/2597.JPG
2188,http://commondatastorage.googleapis.com/jjgames-static/images/2596.JPG
11645,http://commondatastorage.googleapis.com/jjgames-static/images/9185.JPG
11649,http://commondatastorage.googleapis.com/jjgames-static/images/7276.JPG
2189,http://commondatastorage.googleapis.com/jjgames-static/images/2560.JPG
2185,http://commondatastorage.googleapis.com/jjgames-static/images/1732.JPG
11807,http://commondatastorage.googleapis.com/jjgames-static/images/6840.JPG
2186,http://commondatastorage.googleapis.com/jjgames-static/images/3394.JPG
11715,http://commondatastorage.googleapis.com/jjgames-static/images/7176.JPG
2190,http://commondatastorage.googleapis.com/jjgames-static/images/2129.JPG
11326,http://commondatastorage.googleapis.com/jjgames-static/images/8919.JPG
11403,http://commondatastorage.googleapis.com/jjgames-static/images/8981.JPG
19366,http://commondatastorage.googleapis.com/jjgames-static/images/13147.JPG
11782,http://commondatastorage.googleapis.com/jjgames-static/images/9297.JPG
11187,http://commondatastorage.googleapis.com/jjgames-static/images/5897.JPG
11785,http://commondatastorage.googleapis.com/jjgames-static/images/9299.JPG
2464,http://commondatastorage.googleapis.com/jjgames-static/images/2595.JPG
2191,http://commondatastorage.googleapis.com/jjgames-static/images/2718.JPG
11186,http://commondatastorage.googleapis.com/jjgames-static/images/5712.JPG
7335,http://commondatastorage.googleapis.com/jjgames-static/images/5310.JPG
11185,http://commondatastorage.googleapis.com/jjgames-static/images/8809.JPG
2195,http://commondatastorage.googleapis.com/jjgames-static/images/3223.JPG
11342,http://commondatastorage.googleapis.com/jjgames-static/images/8930.JPG
2193,http://commondatastorage.googleapis.com/jjgames-static/images/3381.JPG
11341,http://commondatastorage.googleapis.com/jjgames-static/images/6436.JPG
2194,http://commondatastorage.googleapis.com/jjgames-static/images/2700.JPG
34114,/images/notfound.jpg
2196,http://commondatastorage.googleapis.com/jjgames-static/images/2149.JPG
11325,http://commondatastorage.googleapis.com/jjgames-static/images/8918.JPG
2209,http://commondatastorage.googleapis.com/jjgames-static/images/3493.JPG
2566,http://commondatastorage.googleapis.com/jjgames-static/images/4608.JPG
34851,http://commondatastorage.googleapis.com/jjgames-static/images/27205.JPG
2567,http://commondatastorage.googleapis.com/jjgames-static/images/4590.JPG
33652,http://commondatastorage.googleapis.com/jjgames-static/images/25558.JPG
11329,http://commondatastorage.googleapis.com/jjgames-static/images/5714.JPG
33648,http://commondatastorage.googleapis.com/jjgames-static/images/25557.JPG
33993,/images/notfound.jpg
11330,http://commondatastorage.googleapis.com/jjgames-static/images/8922.JPG
2221,http://commondatastorage.googleapis.com/jjgames-static/images/4325.JPG
2047,http://commondatastorage.googleapis.com/jjgames-static/images/4592.JPG
2222,http://commondatastorage.googleapis.com/jjgames-static/images/2713.JPG
2048,http://commondatastorage.googleapis.com/jjgames-static/images/4591.JPG
2223,http://commondatastorage.googleapis.com/jjgames-static/images/1548.JPG
11327,http://commondatastorage.googleapis.com/jjgames-static/images/8920.JPG
2199,http://commondatastorage.googleapis.com/jjgames-static/images/7584.JPG
11328,http://commondatastorage.googleapis.com/jjgames-static/images/8921.JPG
11056,http://commondatastorage.googleapis.com/jjgames-static/images/8721.JPG
2200,http://commondatastorage.googleapis.com/jjgames-static/images/2131.JPG
11653,http://commondatastorage.googleapis.com/jjgames-static/images/9189.JPG
2201,http://commondatastorage.googleapis.com/jjgames-static/images/3467.JPG
2206,http://commondatastorage.googleapis.com/jjgames-static/images/3566.JPG
2202,http://commondatastorage.googleapis.com/jjgames-static/images/3466.JPG
11794,http://commondatastorage.googleapis.com/jjgames-static/images/9308.JPG
19198,http://commondatastorage.googleapis.com/jjgames-static/images/12102.JPG
11783,http://commondatastorage.googleapis.com/jjgames-static/images/9298.JPG
2203,http://commondatastorage.googleapis.com/jjgames-static/images/4009.JPG
2208,http://commondatastorage.googleapis.com/jjgames-static/images/3753.JPG
2207,http://commondatastorage.googleapis.com/jjgames-static/images/4081.JPG
2225,http://commondatastorage.googleapis.com/jjgames-static/images/3745.JPG
2210,http://commondatastorage.googleapis.com/jjgames-static/images/7649.JPG
10595,http://commondatastorage.googleapis.com/jjgames-static/images/5619.JPG
21131,/images/notfound.jpg
2226,http://commondatastorage.googleapis.com/jjgames-static/images/2118.JPG
11475,http://commondatastorage.googleapis.com/jjgames-static/images/7400.JPG
2227,http://commondatastorage.googleapis.com/jjgames-static/images/5576.JPG
2211,http://commondatastorage.googleapis.com/jjgames-static/images/2709.JPG
21674,/images/notfound.jpg
2212,http://commondatastorage.googleapis.com/jjgames-static/images/1684.JPG
11145,http://commondatastorage.googleapis.com/jjgames-static/images/8781.JPG
2213,http://commondatastorage.googleapis.com/jjgames-static/images/3444.JPG
2228,http://commondatastorage.googleapis.com/jjgames-static/images/3884.JPG
16137,http://commondatastorage.googleapis.com/jjgames-static/images/10594.JPG
11726,http://commondatastorage.googleapis.com/jjgames-static/images/9247.JPG
2214,http://commondatastorage.googleapis.com/jjgames-static/images/4563.JPG
2230,http://commondatastorage.googleapis.com/jjgames-static/images/2703.JPG
2215,http://commondatastorage.googleapis.com/jjgames-static/images/567.JPG
2231,http://commondatastorage.googleapis.com/jjgames-static/images/4032.JPG
2216,http://commondatastorage.googleapis.com/jjgames-static/images/782.JPG
2232,http://commondatastorage.googleapis.com/jjgames-static/images/3160.JPG
2217,http://commondatastorage.googleapis.com/jjgames-static/images/3088.JPG
2233,http://commondatastorage.googleapis.com/jjgames-static/images/3308.JPG
2218,http://commondatastorage.googleapis.com/jjgames-static/images/3062.JPG
2234,http://commondatastorage.googleapis.com/jjgames-static/images/3161.JPG
11708,http://commondatastorage.googleapis.com/jjgames-static/images/9234.JPG
2229,http://commondatastorage.googleapis.com/jjgames-static/images/8051.JPG
2220,http://commondatastorage.googleapis.com/jjgames-static/images/3124.JPG
2235,http://commondatastorage.googleapis.com/jjgames-static/images/2126.JPG
9065,http://commondatastorage.googleapis.com/jjgames-static/images/8495.JPG
11504,http://commondatastorage.googleapis.com/jjgames-static/images/7410.JPG
14073,http://commondatastorage.googleapis.com/jjgames-static/images/7269.JPG
11555,http://commondatastorage.googleapis.com/jjgames-static/images/9115.JPG
11144,http://commondatastorage.googleapis.com/jjgames-static/images/8780.JPG
2236,http://commondatastorage.googleapis.com/jjgames-static/images/7632.JPG
2224,http://commondatastorage.googleapis.com/jjgames-static/images/2545.JPG
2237,http://commondatastorage.googleapis.com/jjgames-static/images/4472.JPG
11640,http://commondatastorage.googleapis.com/jjgames-static/images/6249.JPG
13798,http://commondatastorage.googleapis.com/jjgames-static/images/6841.JPG
11402,http://commondatastorage.googleapis.com/jjgames-static/images/8980.JPG
15661,http://commondatastorage.googleapis.com/jjgames-static/images/10591.JPG
2240,http://commondatastorage.googleapis.com/jjgames-static/images/5588.JPG
2238,http://commondatastorage.googleapis.com/jjgames-static/images/2603.JPG
2241,http://commondatastorage.googleapis.com/jjgames-static/images/8040.JPG
2239,http://commondatastorage.googleapis.com/jjgames-static/images/2602.JPG
2242,http://commondatastorage.googleapis.com/jjgames-static/images/7577.JPG
11705,http://commondatastorage.googleapis.com/jjgames-static/images/9231.JPG
11721,http://commondatastorage.googleapis.com/jjgames-static/images/9243.JPG
2256,http://commondatastorage.googleapis.com/jjgames-static/images/2551.JPG
2243,http://commondatastorage.googleapis.com/jjgames-static/images/4661.JPG
2257,http://commondatastorage.googleapis.com/jjgames-static/images/4154.JPG
2244,http://commondatastorage.googleapis.com/jjgames-static/images/4585.JPG
2258,http://commondatastorage.googleapis.com/jjgames-static/images/2707.JPG
2246,http://commondatastorage.googleapis.com/jjgames-static/images/4033.JPG
2300,http://commondatastorage.googleapis.com/jjgames-static/images/2710.JPG
2247,http://commondatastorage.googleapis.com/jjgames-static/images/4278.JPG
11643,http://commondatastorage.googleapis.com/jjgames-static/images/9183.JPG
2248,http://commondatastorage.googleapis.com/jjgames-static/images/4445.JPG
2260,http://commondatastorage.googleapis.com/jjgames-static/images/2531.JPG
17608,http://commondatastorage.googleapis.com/jjgames-static/images/12893.JPG
2261,http://commondatastorage.googleapis.com/jjgames-static/images/5837.JPG
11531,http://commondatastorage.googleapis.com/jjgames-static/images/9092.JPG
10740,http://commondatastorage.googleapis.com/jjgames-static/images/5629.JPG
11321,http://commondatastorage.googleapis.com/jjgames-static/images/8914.JPG
2262,http://commondatastorage.googleapis.com/jjgames-static/images/7626.JPG
2249,http://commondatastorage.googleapis.com/jjgames-static/images/2151.JPG
11530,http://commondatastorage.googleapis.com/jjgames-static/images/9091.JPG
2263,http://commondatastorage.googleapis.com/jjgames-static/images/3153.JPG
2250,http://commondatastorage.googleapis.com/jjgames-static/images/2698.JPG
2264,http://commondatastorage.googleapis.com/jjgames-static/images/3141.JPG
2251,http://commondatastorage.googleapis.com/jjgames-static/images/4830.JPG
2265,http://commondatastorage.googleapis.com/jjgames-static/images/4887.JPG
2252,http://commondatastorage.googleapis.com/jjgames-static/images/3302.JPG
2266,http://commondatastorage.googleapis.com/jjgames-static/images/3434.JPG
2253,http://commondatastorage.googleapis.com/jjgames-static/images/6114.JPG
2267,http://commondatastorage.googleapis.com/jjgames-static/images/2528.JPG
2254,http://commondatastorage.googleapis.com/jjgames-static/images/639.JPG
10903,http://commondatastorage.googleapis.com/jjgames-static/images/5651.JPG
11371,http://commondatastorage.googleapis.com/jjgames-static/images/8954.JPG
11363,http://commondatastorage.googleapis.com/jjgames-static/images/8946.JPG
21121,/images/notfound.jpg
2268,http://commondatastorage.googleapis.com/jjgames-static/images/2537.JPG
2255,http://commondatastorage.googleapis.com/jjgames-static/images/7652.JPG
2269,http://commondatastorage.googleapis.com/jjgames-static/images/2536.JPG
2275,http://commondatastorage.googleapis.com/jjgames-static/images/4701.JPG
2270,http://commondatastorage.googleapis.com/jjgames-static/images/3544.JPG
2271,http://commondatastorage.googleapis.com/jjgames-static/images/4309.JPG
11722,http://commondatastorage.googleapis.com/jjgames-static/images/9244.JPG
7363,http://commondatastorage.googleapis.com/jjgames-static/images/8093.JPG
2276,http://commondatastorage.googleapis.com/jjgames-static/images/7271.JPG
2272,http://commondatastorage.googleapis.com/jjgames-static/images/3389.JPG
2278,http://commondatastorage.googleapis.com/jjgames-static/images/7659.JPG
2273,http://commondatastorage.googleapis.com/jjgames-static/images/7578.JPG
2279,http://commondatastorage.googleapis.com/jjgames-static/images/7656.JPG
2274,http://commondatastorage.googleapis.com/jjgames-static/images/4448.JPG
11711,http://commondatastorage.googleapis.com/jjgames-static/images/9236.JPG
2280,http://commondatastorage.googleapis.com/jjgames-static/images/3162.JPG
2301,http://commondatastorage.googleapis.com/jjgames-static/images/4888.JPG
2281,http://commondatastorage.googleapis.com/jjgames-static/images/4767.JPG
2302,http://commondatastorage.googleapis.com/jjgames-static/images/2606.JPG
13185,http://commondatastorage.googleapis.com/jjgames-static/images/6272.JPG
2303,http://commondatastorage.googleapis.com/jjgames-static/images/3599.JPG
2283,http://commondatastorage.googleapis.com/jjgames-static/images/2539.JPG
2304,http://commondatastorage.googleapis.com/jjgames-static/images/4357.JPG
2284,http://commondatastorage.googleapis.com/jjgames-static/images/3191.JPG
2294,http://commondatastorage.googleapis.com/jjgames-static/images/4279.JPG
2285,http://commondatastorage.googleapis.com/jjgames-static/images/3064.JPG
2295,http://commondatastorage.googleapis.com/jjgames-static/images/4586.JPG
2286,http://commondatastorage.googleapis.com/jjgames-static/images/2134.JPG
2296,http://commondatastorage.googleapis.com/jjgames-static/images/6842.JPG
2288,http://commondatastorage.googleapis.com/jjgames-static/images/3421.JPG
11114,http://commondatastorage.googleapis.com/jjgames-static/images/5713.JPG
2289,http://commondatastorage.googleapis.com/jjgames-static/images/3157.JPG
2297,http://commondatastorage.googleapis.com/jjgames-static/images/2577.JPG
2290,http://commondatastorage.googleapis.com/jjgames-static/images/3181.JPG
2305,http://commondatastorage.googleapis.com/jjgames-static/images/3542.JPG
11787,http://commondatastorage.googleapis.com/jjgames-static/images/9301.JPG
2306,http://commondatastorage.googleapis.com/jjgames-static/images/4853.JPG
2291,http://commondatastorage.googleapis.com/jjgames-static/images/2585.JPG
11621,http://commondatastorage.googleapis.com/jjgames-static/images/9163.JPG
10446,http://commondatastorage.googleapis.com/jjgames-static/images/5575.JPG
2307,http://commondatastorage.googleapis.com/jjgames-static/images/3929.JPG
11333,http://commondatastorage.googleapis.com/jjgames-static/images/8924.JPG
2308,http://commondatastorage.googleapis.com/jjgames-static/images/3852.JPG
2292,http://commondatastorage.googleapis.com/jjgames-static/images/2604.JPG
2309,http://commondatastorage.googleapis.com/jjgames-static/images/7906.JPG
2293,http://commondatastorage.googleapis.com/jjgames-static/images/2079.JPG
18482,http://commondatastorage.googleapis.com/jjgames-static/images/12084.JPG
2298,http://commondatastorage.googleapis.com/jjgames-static/images/2605.JPG
2310,http://commondatastorage.googleapis.com/jjgames-static/images/4706.JPG
2299,http://commondatastorage.googleapis.com/jjgames-static/images/2607.JPG
10983,http://commondatastorage.googleapis.com/jjgames-static/images/9059.JPG
11296,http://commondatastorage.googleapis.com/jjgames-static/images/8890.JPG
2330,http://commondatastorage.googleapis.com/jjgames-static/images/4719.JPG
11421,http://commondatastorage.googleapis.com/jjgames-static/images/8998.JPG
11473,http://commondatastorage.googleapis.com/jjgames-static/images/7177.JPG
2311,http://commondatastorage.googleapis.com/jjgames-static/images/4358.JPG
2312,http://commondatastorage.googleapis.com/jjgames-static/images/4702.JPG
2332,http://commondatastorage.googleapis.com/jjgames-static/images/4748.JPG
2313,http://commondatastorage.googleapis.com/jjgames-static/images/5366.JPG
11736,http://commondatastorage.googleapis.com/jjgames-static/images/9256.JPG
2334,http://commondatastorage.googleapis.com/jjgames-static/images/2471.JPG
2314,http://commondatastorage.googleapis.com/jjgames-static/images/4184.JPG
2335,http://commondatastorage.googleapis.com/jjgames-static/images/575.JPG
16380,http://commondatastorage.googleapis.com/jjgames-static/images/12810.JPG
2336,http://commondatastorage.googleapis.com/jjgames-static/images/3163.JPG
2349,http://commondatastorage.googleapis.com/jjgames-static/images/13146.JPG
2337,http://commondatastorage.googleapis.com/jjgames-static/images/3100.JPG
2350,http://commondatastorage.googleapis.com/jjgames-static/images/3507.JPG
2338,http://commondatastorage.googleapis.com/jjgames-static/images/3494.JPG
2351,http://commondatastorage.googleapis.com/jjgames-static/images/2532.JPG
2333,http://commondatastorage.googleapis.com/jjgames-static/images/1733.JPG
2352,http://commondatastorage.googleapis.com/jjgames-static/images/8056.JPG
2339,http://commondatastorage.googleapis.com/jjgames-static/images/2404.JPG
2354,http://commondatastorage.googleapis.com/jjgames-static/images/4089.JPG
11232,http://commondatastorage.googleapis.com/jjgames-static/images/8837.JPG
2355,http://commondatastorage.googleapis.com/jjgames-static/images/612.JPG
2340,http://commondatastorage.googleapis.com/jjgames-static/images/4474.JPG
2356,http://commondatastorage.googleapis.com/jjgames-static/images/3579.JPG
2341,http://commondatastorage.googleapis.com/jjgames-static/images/4944.JPG
2357,http://commondatastorage.googleapis.com/jjgames-static/images/3107.JPG
2342,http://commondatastorage.googleapis.com/jjgames-static/images/3886.JPG
2358,http://commondatastorage.googleapis.com/jjgames-static/images/4912.JPG
2343,http://commondatastorage.googleapis.com/jjgames-static/images/2563.JPG
2359,http://commondatastorage.googleapis.com/jjgames-static/images/3759.JPG
2344,http://commondatastorage.googleapis.com/jjgames-static/images/2562.JPG
2360,http://commondatastorage.googleapis.com/jjgames-static/images/3504.JPG
11723,http://commondatastorage.googleapis.com/jjgames-static/images/7491.JPG
2361,http://commondatastorage.googleapis.com/jjgames-static/images/7550.JPG
33011,http://commondatastorage.googleapis.com/jjgames-static/images/25571.JPG
2362,http://commondatastorage.googleapis.com/jjgames-static/images/3033.JPG
2346,http://commondatastorage.googleapis.com/jjgames-static/images/3334.JPG
2363,http://commondatastorage.googleapis.com/jjgames-static/images/4355.JPG
11816,http://commondatastorage.googleapis.com/jjgames-static/images/9327.JPG
2364,http://commondatastorage.googleapis.com/jjgames-static/images/4356.JPG
2347,http://commondatastorage.googleapis.com/jjgames-static/images/2344.JPG
2365,http://commondatastorage.googleapis.com/jjgames-static/images/2474.JPG
2348,http://commondatastorage.googleapis.com/jjgames-static/images/2578.JPG
2366,http://commondatastorage.googleapis.com/jjgames-static/images/1734.JPG
16379,http://commondatastorage.googleapis.com/jjgames-static/images/2579.JPG
2367,http://commondatastorage.googleapis.com/jjgames-static/images/3094.JPG
2372,http://commondatastorage.googleapis.com/jjgames-static/images/3105.JPG
2368,http://commondatastorage.googleapis.com/jjgames-static/images/4162.JPG
2373,http://commondatastorage.googleapis.com/jjgames-static/images/2294.JPG
2353,http://commondatastorage.googleapis.com/jjgames-static/images/3098.JPG
2374,http://commondatastorage.googleapis.com/jjgames-static/images/2576.JPG
2369,http://commondatastorage.googleapis.com/jjgames-static/images/2546.JPG
16887,http://commondatastorage.googleapis.com/jjgames-static/images/12881.JPG
2370,http://commondatastorage.googleapis.com/jjgames-static/images/3095.JPG
2375,http://commondatastorage.googleapis.com/jjgames-static/images/2712.JPG
2371,http://commondatastorage.googleapis.com/jjgames-static/images/576.JPG
2376,http://commondatastorage.googleapis.com/jjgames-static/images/3101.JPG
2391,http://commondatastorage.googleapis.com/jjgames-static/images/3815.JPG
10966,http://commondatastorage.googleapis.com/jjgames-static/images/8679.JPG
11139,http://commondatastorage.googleapis.com/jjgames-static/images/8775.JPG
2377,http://commondatastorage.googleapis.com/jjgames-static/images/4854.JPG
2392,http://commondatastorage.googleapis.com/jjgames-static/images/4077.JPG
2378,http://commondatastorage.googleapis.com/jjgames-static/images/2609.JPG
10988,http://commondatastorage.googleapis.com/jjgames-static/images/8682.JPG
2379,http://commondatastorage.googleapis.com/jjgames-static/images/2573.JPG
2393,http://commondatastorage.googleapis.com/jjgames-static/images/2581.JPG
2380,http://commondatastorage.googleapis.com/jjgames-static/images/3600.JPG
2394,http://commondatastorage.googleapis.com/jjgames-static/images/3382.JPG
2381,http://commondatastorage.googleapis.com/jjgames-static/images/3497.JPG
2395,http://commondatastorage.googleapis.com/jjgames-static/images/7629.JPG
2382,http://commondatastorage.googleapis.com/jjgames-static/images/3142.JPG
2397,http://commondatastorage.googleapis.com/jjgames-static/images/7411.JPG
2383,http://commondatastorage.googleapis.com/jjgames-static/images/7580.JPG
2396,http://commondatastorage.googleapis.com/jjgames-static/images/4726.JPG
7390,http://commondatastorage.googleapis.com/jjgames-static/images/6844.JPG
18530,http://commondatastorage.googleapis.com/jjgames-static/images/12951.JPG
2384,http://commondatastorage.googleapis.com/jjgames-static/images/5368.JPG
2398,http://commondatastorage.googleapis.com/jjgames-static/images/7591.JPG
2385,http://commondatastorage.googleapis.com/jjgames-static/images/2566.JPG
10468,http://commondatastorage.googleapis.com/jjgames-static/images/8572.JPG
2386,http://commondatastorage.googleapis.com/jjgames-static/images/3221.JPG
11567,http://commondatastorage.googleapis.com/jjgames-static/images/9125.JPG
2387,http://commondatastorage.googleapis.com/jjgames-static/images/5843.JPG
2404,http://commondatastorage.googleapis.com/jjgames-static/images/4630.JPG
2388,http://commondatastorage.googleapis.com/jjgames-static/images/3470.JPG
2409,http://commondatastorage.googleapis.com/jjgames-static/images/3065.JPG
11728,http://commondatastorage.googleapis.com/jjgames-static/images/9249.JPG
2410,http://commondatastorage.googleapis.com/jjgames-static/images/2600.JPG
14391,http://commondatastorage.googleapis.com/jjgames-static/images/7412.JPG
2411,http://commondatastorage.googleapis.com/jjgames-static/images/2599.JPG
2389,http://commondatastorage.googleapis.com/jjgames-static/images/3404.JPG
2412,http://commondatastorage.googleapis.com/jjgames-static/images/3832.JPG
2390,http://commondatastorage.googleapis.com/jjgames-static/images/1739.JPG
2413,http://commondatastorage.googleapis.com/jjgames-static/images/3190.JPG
11070,http://commondatastorage.googleapis.com/jjgames-static/images/8729.JPG
2400,http://commondatastorage.googleapis.com/jjgames-static/images/2715.JPG
2405,http://commondatastorage.googleapis.com/jjgames-static/images/4704.JPG
2401,http://commondatastorage.googleapis.com/jjgames-static/images/3496.JPG
2406,http://commondatastorage.googleapis.com/jjgames-static/images/4483.JPG
2402,http://commondatastorage.googleapis.com/jjgames-static/images/3125.JPG
2407,http://commondatastorage.googleapis.com/jjgames-static/images/4963.JPG
2403,http://commondatastorage.googleapis.com/jjgames-static/images/3616.JPG
2408,http://commondatastorage.googleapis.com/jjgames-static/images/3667.JPG
11241,http://commondatastorage.googleapis.com/jjgames-static/images/8845.JPG
2414,http://commondatastorage.googleapis.com/jjgames-static/images/6253.JPG
2427,http://commondatastorage.googleapis.com/jjgames-static/images/4359.JPG
10404,http://commondatastorage.googleapis.com/jjgames-static/images/5517.JPG
2428,http://commondatastorage.googleapis.com/jjgames-static/images/2588.JPG
10250,http://commondatastorage.googleapis.com/jjgames-static/images/8521.JPG
2429,http://commondatastorage.googleapis.com/jjgames-static/images/2122.JPG
11655,http://commondatastorage.googleapis.com/jjgames-static/images/6846.JPG
2430,http://commondatastorage.googleapis.com/jjgames-static/images/3234.JPG
2415,http://commondatastorage.googleapis.com/jjgames-static/images/3433.JPG
2431,http://commondatastorage.googleapis.com/jjgames-static/images/3154.JPG
7408,http://commondatastorage.googleapis.com/jjgames-static/images/5318.JPG
2432,http://commondatastorage.googleapis.com/jjgames-static/images/4799.JPG
2416,http://commondatastorage.googleapis.com/jjgames-static/images/4891.JPG
2433,http://commondatastorage.googleapis.com/jjgames-static/images/4430.JPG
2417,http://commondatastorage.googleapis.com/jjgames-static/images/4363.JPG
2434,http://commondatastorage.googleapis.com/jjgames-static/images/4909.JPG
2418,http://commondatastorage.googleapis.com/jjgames-static/images/4566.JPG
11620,http://commondatastorage.googleapis.com/jjgames-static/images/6847.JPG
2419,http://commondatastorage.googleapis.com/jjgames-static/images/3976.JPG
34004,http://commondatastorage.googleapis.com/jjgames-static/images/25727.JPG
2420,http://commondatastorage.googleapis.com/jjgames-static/images/2592.JPG
11709,http://commondatastorage.googleapis.com/jjgames-static/images/9235.JPG
11791,http://commondatastorage.googleapis.com/jjgames-static/images/9305.JPG
2435,http://commondatastorage.googleapis.com/jjgames-static/images/3210.JPG
2421,http://commondatastorage.googleapis.com/jjgames-static/images/2538.JPG
2436,http://commondatastorage.googleapis.com/jjgames-static/images/3426.JPG
2422,http://commondatastorage.googleapis.com/jjgames-static/images/4076.JPG
2437,http://commondatastorage.googleapis.com/jjgames-static/images/2526.JPG
2423,http://commondatastorage.googleapis.com/jjgames-static/images/2196.JPG
10965,http://commondatastorage.googleapis.com/jjgames-static/images/8678.JPG
10447,http://commondatastorage.googleapis.com/jjgames-static/images/8564.JPG
10470,http://commondatastorage.googleapis.com/jjgames-static/images/8599.JPG
2424,http://commondatastorage.googleapis.com/jjgames-static/images/2720.JPG
10994,http://commondatastorage.googleapis.com/jjgames-static/images/8686.JPG
2425,http://commondatastorage.googleapis.com/jjgames-static/images/4633.JPG
2438,http://commondatastorage.googleapis.com/jjgames-static/images/2583.JPG
2426,http://commondatastorage.googleapis.com/jjgames-static/images/4773.JPG
2439,http://commondatastorage.googleapis.com/jjgames-static/images/3171.JPG
11372,http://commondatastorage.googleapis.com/jjgames-static/images/8955.JPG
10977,http://commondatastorage.googleapis.com/jjgames-static/images/9053.JPG
2444,http://commondatastorage.googleapis.com/jjgames-static/images/3199.JPG
2440,http://commondatastorage.googleapis.com/jjgames-static/images/4620.JPG
2445,http://commondatastorage.googleapis.com/jjgames-static/images/3550.JPG
2442,http://commondatastorage.googleapis.com/jjgames-static/images/3198.JPG
2446,http://commondatastorage.googleapis.com/jjgames-static/images/7971.JPG
2441,http://commondatastorage.googleapis.com/jjgames-static/images/4302.JPG
2448,http://commondatastorage.googleapis.com/jjgames-static/images/2614.JPG
2443,http://commondatastorage.googleapis.com/jjgames-static/images/2116.JPG
2447,http://commondatastorage.googleapis.com/jjgames-static/images/2615.JPG
10400,http://commondatastorage.googleapis.com/jjgames-static/images/5503.JPG
2449,http://commondatastorage.googleapis.com/jjgames-static/images/7588.JPG
11699,http://commondatastorage.googleapis.com/jjgames-static/images/9225.JPG
2450,http://commondatastorage.googleapis.com/jjgames-static/images/7583.JPG
2465,http://commondatastorage.googleapis.com/jjgames-static/images/4705.JPG
2451,http://commondatastorage.googleapis.com/jjgames-static/images/2424.JPG
10401,http://commondatastorage.googleapis.com/jjgames-static/images/5504.JPG
2452,http://commondatastorage.googleapis.com/jjgames-static/images/644.JPG
2466,http://commondatastorage.googleapis.com/jjgames-static/images/3545.JPG
2453,http://commondatastorage.googleapis.com/jjgames-static/images/7908.JPG
2467,http://commondatastorage.googleapis.com/jjgames-static/images/5491.JPG
33136,/images/notfound.jpg
2468,http://commondatastorage.googleapis.com/jjgames-static/images/3785.JPG
2454,http://commondatastorage.googleapis.com/jjgames-static/images/2586.JPG
2469,http://commondatastorage.googleapis.com/jjgames-static/images/4024.JPG
2455,http://commondatastorage.googleapis.com/jjgames-static/images/3031.JPG
2470,http://commondatastorage.googleapis.com/jjgames-static/images/4034.JPG
2456,http://commondatastorage.googleapis.com/jjgames-static/images/3032.JPG
11445,http://commondatastorage.googleapis.com/jjgames-static/images/9020.JPG
2457,http://commondatastorage.googleapis.com/jjgames-static/images/5070.JPG
2471,http://commondatastorage.googleapis.com/jjgames-static/images/2530.JPG
2459,http://commondatastorage.googleapis.com/jjgames-static/images/7935.JPG
2472,http://commondatastorage.googleapis.com/jjgames-static/images/5631.JPG
2458,http://commondatastorage.googleapis.com/jjgames-static/images/3164.JPG
2473,http://commondatastorage.googleapis.com/jjgames-static/images/3675.JPG
2460,http://commondatastorage.googleapis.com/jjgames-static/images/4621.JPG
11729,http://commondatastorage.googleapis.com/jjgames-static/images/9250.JPG
2461,http://commondatastorage.googleapis.com/jjgames-static/images/2137.JPG
10408,http://commondatastorage.googleapis.com/jjgames-static/images/5523.JPG
2462,http://commondatastorage.googleapis.com/jjgames-static/images/3020.JPG
11218,http://commondatastorage.googleapis.com/jjgames-static/images/8829.JPG
2463,http://commondatastorage.googleapis.com/jjgames-static/images/3070.JPG
2474,http://commondatastorage.googleapis.com/jjgames-static/images/3833.JPG
11554,http://commondatastorage.googleapis.com/jjgames-static/images/9114.JPG
2475,http://commondatastorage.googleapis.com/jjgames-static/images/2559.JPG
10244,http://commondatastorage.googleapis.com/jjgames-static/images/5479.JPG
2502,http://commondatastorage.googleapis.com/jjgames-static/images/4298.JPG
2478,http://commondatastorage.googleapis.com/jjgames-static/images/8042.JPG
11658,http://commondatastorage.googleapis.com/jjgames-static/images/9192.JPG
2479,http://commondatastorage.googleapis.com/jjgames-static/images/7654.JPG
11839,http://commondatastorage.googleapis.com/jjgames-static/images/9348.JPG
10989,http://commondatastorage.googleapis.com/jjgames-static/images/8683.JPG
2654,http://commondatastorage.googleapis.com/jjgames-static/images/2541.JPG
2480,http://commondatastorage.googleapis.com/jjgames-static/images/3546.JPG
2476,http://commondatastorage.googleapis.com/jjgames-static/images/4622.JPG
2481,http://commondatastorage.googleapis.com/jjgames-static/images/2594.JPG
10990,http://commondatastorage.googleapis.com/jjgames-static/images/8684.JPG
2477,http://commondatastorage.googleapis.com/jjgames-static/images/3387.JPG
10992,http://commondatastorage.googleapis.com/jjgames-static/images/8685.JPG
11089,http://commondatastorage.googleapis.com/jjgames-static/images/8739.JPG
2482,http://commondatastorage.googleapis.com/jjgames-static/images/3346.JPG
2495,http://commondatastorage.googleapis.com/jjgames-static/images/4185.JPG
2483,http://commondatastorage.googleapis.com/jjgames-static/images/2565.JPG
2496,http://commondatastorage.googleapis.com/jjgames-static/images/5071.JPG
11960,http://commondatastorage.googleapis.com/jjgames-static/images/5600.JPG
11719,http://commondatastorage.googleapis.com/jjgames-static/images/7274.JPG
2484,http://commondatastorage.googleapis.com/jjgames-static/images/2345.JPG
34920,http://commondatastorage.googleapis.com/jjgames-static/images/10592.JPG
2497,http://commondatastorage.googleapis.com/jjgames-static/images/2717.JPG
2485,http://commondatastorage.googleapis.com/jjgames-static/images/2711.JPG
2498,http://commondatastorage.googleapis.com/jjgames-static/images/2706.JPG
2486,http://commondatastorage.googleapis.com/jjgames-static/images/7403.JPG
2499,http://commondatastorage.googleapis.com/jjgames-static/images/2612.JPG
2487,http://commondatastorage.googleapis.com/jjgames-static/images/2540.JPG
2500,http://commondatastorage.googleapis.com/jjgames-static/images/2611.JPG
2488,http://commondatastorage.googleapis.com/jjgames-static/images/2558.JPG
2501,http://commondatastorage.googleapis.com/jjgames-static/images/2575.JPG
2489,http://commondatastorage.googleapis.com/jjgames-static/images/3500.JPG
2503,http://commondatastorage.googleapis.com/jjgames-static/images/3129.JPG
2490,http://commondatastorage.googleapis.com/jjgames-static/images/3069.JPG
2504,http://commondatastorage.googleapis.com/jjgames-static/images/3580.JPG
2491,http://commondatastorage.googleapis.com/jjgames-static/images/3395.JPG
2505,http://commondatastorage.googleapis.com/jjgames-static/images/3547.JPG
2492,http://commondatastorage.googleapis.com/jjgames-static/images/3226.JPG
11197,http://commondatastorage.googleapis.com/jjgames-static/images/6025.JPG
11752,http://commondatastorage.googleapis.com/jjgames-static/images/9271.JPG
7447,http://commondatastorage.googleapis.com/jjgames-static/images/5188.JPG
11303,http://commondatastorage.googleapis.com/jjgames-static/images/8897.JPG
2579,http://commondatastorage.googleapis.com/jjgames-static/images/2567.JPG
2493,http://commondatastorage.googleapis.com/jjgames-static/images/7653.JPG
2506,http://commondatastorage.googleapis.com/jjgames-static/images/7665.JPG
2494,http://commondatastorage.googleapis.com/jjgames-static/images/7646.JPG
2507,http://commondatastorage.googleapis.com/jjgames-static/images/7662.JPG
2508,http://commondatastorage.googleapis.com/jjgames-static/images/3127.JPG
2511,http://commondatastorage.googleapis.com/jjgames-static/images/4035.JPG
21122,/images/notfound.jpg
10405,http://commondatastorage.googleapis.com/jjgames-static/images/5516.JPG
2509,http://commondatastorage.googleapis.com/jjgames-static/images/3182.JPG
2512,http://commondatastorage.googleapis.com/jjgames-static/images/3755.JPG
14013,http://commondatastorage.googleapis.com/jjgames-static/images/7178.JPG
2513,http://commondatastorage.googleapis.com/jjgames-static/images/3501.JPG
10984,http://commondatastorage.googleapis.com/jjgames-static/images/9060.JPG
2514,http://commondatastorage.googleapis.com/jjgames-static/images/5405.JPG
2510,http://commondatastorage.googleapis.com/jjgames-static/images/3172.JPG
2515,http://commondatastorage.googleapis.com/jjgames-static/images/4306.JPG
11646,http://commondatastorage.googleapis.com/jjgames-static/images/9186.JPG
11364,http://commondatastorage.googleapis.com/jjgames-static/images/8947.JPG
11167,http://commondatastorage.googleapis.com/jjgames-static/images/8793.JPG
14216,http://commondatastorage.googleapis.com/jjgames-static/images/10334.JPG
2516,http://commondatastorage.googleapis.com/jjgames-static/images/4623.JPG
2531,http://commondatastorage.googleapis.com/jjgames-static/images/4675.JPG
2517,http://commondatastorage.googleapis.com/jjgames-static/images/7664.JPG
2530,http://commondatastorage.googleapis.com/jjgames-static/images/3691.JPG
2518,http://commondatastorage.googleapis.com/jjgames-static/images/4276.JPG
2532,http://commondatastorage.googleapis.com/jjgames-static/images/3126.JPG
2519,http://commondatastorage.googleapis.com/jjgames-static/images/2572.JPG
2533,http://commondatastorage.googleapis.com/jjgames-static/images/6257.JPG
2520,http://commondatastorage.googleapis.com/jjgames-static/images/5587.JPG
11212,http://commondatastorage.googleapis.com/jjgames-static/images/8825.JPG
2521,http://commondatastorage.googleapis.com/jjgames-static/images/7960.JPG
2534,http://commondatastorage.googleapis.com/jjgames-static/images/5327.JPG
2522,http://commondatastorage.googleapis.com/jjgames-static/images/7655.JPG
2535,http://commondatastorage.googleapis.com/jjgames-static/images/3959.JPG
2523,http://commondatastorage.googleapis.com/jjgames-static/images/7961.JPG
11236,http://commondatastorage.googleapis.com/jjgames-static/images/8840.JPG
10448,http://commondatastorage.googleapis.com/jjgames-static/images/5580.JPG
2536,http://commondatastorage.googleapis.com/jjgames-static/images/7575.JPG
2524,http://commondatastorage.googleapis.com/jjgames-static/images/4307.JPG
2537,http://commondatastorage.googleapis.com/jjgames-static/images/4939.JPG
2525,http://commondatastorage.googleapis.com/jjgames-static/images/3074.JPG
2538,http://commondatastorage.googleapis.com/jjgames-static/images/2124.JPG
11045,http://commondatastorage.googleapis.com/jjgames-static/images/8713.JPG
2540,http://commondatastorage.googleapis.com/jjgames-static/images/7647.JPG
2526,http://commondatastorage.googleapis.com/jjgames-static/images/3176.JPG
2541,http://commondatastorage.googleapis.com/jjgames-static/images/7641.JPG
2527,http://commondatastorage.googleapis.com/jjgames-static/images/3167.JPG
2542,http://commondatastorage.googleapis.com/jjgames-static/images/7634.JPG
2528,http://commondatastorage.googleapis.com/jjgames-static/images/3168.JPG
2543,http://commondatastorage.googleapis.com/jjgames-static/images/2613.JPG
2529,http://commondatastorage.googleapis.com/jjgames-static/images/3336.JPG
2544,http://commondatastorage.googleapis.com/jjgames-static/images/3498.JPG
11714,http://commondatastorage.googleapis.com/jjgames-static/images/9239.JPG
2548,http://commondatastorage.googleapis.com/jjgames-static/images/3096.JPG
11769,http://commondatastorage.googleapis.com/jjgames-static/images/9284.JPG
2549,http://commondatastorage.googleapis.com/jjgames-static/images/3116.JPG
14302,http://commondatastorage.googleapis.com/jjgames-static/images/10378.JPG
18489,http://commondatastorage.googleapis.com/jjgames-static/images/12092.JPG
2545,http://commondatastorage.googleapis.com/jjgames-static/images/3967.JPG
11022,http://commondatastorage.googleapis.com/jjgames-static/images/8701.JPG
2546,http://commondatastorage.googleapis.com/jjgames-static/images/3063.JPG
2550,http://commondatastorage.googleapis.com/jjgames-static/images/3574.JPG
11019,http://commondatastorage.googleapis.com/jjgames-static/images/8698.JPG
2551,http://commondatastorage.googleapis.com/jjgames-static/images/4008.JPG
2547,http://commondatastorage.googleapis.com/jjgames-static/images/3128.JPG
2552,http://commondatastorage.googleapis.com/jjgames-static/images/2130.JPG
2564,http://commondatastorage.googleapis.com/jjgames-static/images/4468.JPG
2553,http://commondatastorage.googleapis.com/jjgames-static/images/3425.JPG
2565,http://commondatastorage.googleapis.com/jjgames-static/images/4069.JPG
2554,http://commondatastorage.googleapis.com/jjgames-static/images/3643.JPG
2555,http://commondatastorage.googleapis.com/jjgames-static/images/5472.JPG
11650,http://commondatastorage.googleapis.com/jjgames-static/images/7516.JPG
11233,http://commondatastorage.googleapis.com/jjgames-static/images/8838.JPG
2568,http://commondatastorage.googleapis.com/jjgames-static/images/2591.JPG
10406,http://commondatastorage.googleapis.com/jjgames-static/images/5513.JPG
2569,http://commondatastorage.googleapis.com/jjgames-static/images/3582.JPG
11431,http://commondatastorage.googleapis.com/jjgames-static/images/9008.JPG
2556,http://commondatastorage.googleapis.com/jjgames-static/images/3548.JPG
2570,http://commondatastorage.googleapis.com/jjgames-static/images/2705.JPG
11229,http://commondatastorage.googleapis.com/jjgames-static/images/8835.JPG
2573,http://commondatastorage.googleapis.com/jjgames-static/images/6699.JPG
11641,http://commondatastorage.googleapis.com/jjgames-static/images/9181.JPG
2571,http://commondatastorage.googleapis.com/jjgames-static/images/2525.JPG
2557,http://commondatastorage.googleapis.com/jjgames-static/images/4431.JPG
11494,http://commondatastorage.googleapis.com/jjgames-static/images/7180.JPG
2558,http://commondatastorage.googleapis.com/jjgames-static/images/2996.JPG
2572,http://commondatastorage.googleapis.com/jjgames-static/images/2704.JPG
2559,http://commondatastorage.googleapis.com/jjgames-static/images/4122.JPG
2574,http://commondatastorage.googleapis.com/jjgames-static/images/3102.JPG
10251,http://commondatastorage.googleapis.com/jjgames-static/images/8523.JPG
2575,http://commondatastorage.googleapis.com/jjgames-static/images/3446.JPG
2561,http://commondatastorage.googleapis.com/jjgames-static/images/3316.JPG
2576,http://commondatastorage.googleapis.com/jjgames-static/images/2934.JPG
2562,http://commondatastorage.googleapis.com/jjgames-static/images/5075.JPG
2577,http://commondatastorage.googleapis.com/jjgames-static/images/2805.JPG
16139,http://commondatastorage.googleapis.com/jjgames-static/images/10596.JPG
2578,http://commondatastorage.googleapis.com/jjgames-static/images/5330.JPG
2563,http://commondatastorage.googleapis.com/jjgames-static/images/4570.JPG
9833,http://commondatastorage.googleapis.com/jjgames-static/images/8145.JPG
2560,http://commondatastorage.googleapis.com/jjgames-static/images/3177.JPG
11821,http://commondatastorage.googleapis.com/jjgames-static/images/9332.JPG
2586,http://commondatastorage.googleapis.com/jjgames-static/images/4167.JPG
2580,http://commondatastorage.googleapis.com/jjgames-static/images/2568.JPG
11435,http://commondatastorage.googleapis.com/jjgames-static/images/6672.JPG
2583,http://commondatastorage.googleapis.com/jjgames-static/images/3644.JPG
11140,http://commondatastorage.googleapis.com/jjgames-static/images/8776.JPG
2581,http://commondatastorage.googleapis.com/jjgames-static/images/4036.JPG
11433,http://commondatastorage.googleapis.com/jjgames-static/images/9010.JPG
2582,http://commondatastorage.googleapis.com/jjgames-static/images/3508.JPG
2587,http://commondatastorage.googleapis.com/jjgames-static/images/5439.JPG
2584,http://commondatastorage.googleapis.com/jjgames-static/images/3388.JPG
9863,http://commondatastorage.googleapis.com/jjgames-static/images/5440.JPG
2585,http://commondatastorage.googleapis.com/jjgames-static/images/4123.JPG
2588,http://commondatastorage.googleapis.com/jjgames-static/images/3543.JPG
2589,http://commondatastorage.googleapis.com/jjgames-static/images/3097.JPG
11141,http://commondatastorage.googleapis.com/jjgames-static/images/8777.JPG
2590,http://commondatastorage.googleapis.com/jjgames-static/images/3712.JPG
2598,http://commondatastorage.googleapis.com/jjgames-static/images/3120.JPG
11532,http://commondatastorage.googleapis.com/jjgames-static/images/9093.JPG
2599,http://commondatastorage.googleapis.com/jjgames-static/images/3757.JPG
11822,http://commondatastorage.googleapis.com/jjgames-static/images/9333.JPG
2600,http://commondatastorage.googleapis.com/jjgames-static/images/598.JPG
2591,http://commondatastorage.googleapis.com/jjgames-static/images/3931.JPG
2601,http://commondatastorage.googleapis.com/jjgames-static/images/1567.JPG
2592,http://commondatastorage.googleapis.com/jjgames-static/images/3203.JPG
2710,http://commondatastorage.googleapis.com/jjgames-static/images/643.JPG
2593,http://commondatastorage.googleapis.com/jjgames-static/images/4379.JPG
2602,http://commondatastorage.googleapis.com/jjgames-static/images/1738.JPG
10471,http://commondatastorage.googleapis.com/jjgames-static/images/6233.JPG
2603,http://commondatastorage.googleapis.com/jjgames-static/images/2395.JPG
10969,http://commondatastorage.googleapis.com/jjgames-static/images/7085.JPG
2604,http://commondatastorage.googleapis.com/jjgames-static/images/2120.JPG
11552,http://commondatastorage.googleapis.com/jjgames-static/images/9112.JPG
2605,http://commondatastorage.googleapis.com/jjgames-static/images/2512.JPG
7458,http://commondatastorage.googleapis.com/jjgames-static/images/5171.JPG
11551,http://commondatastorage.googleapis.com/jjgames-static/images/9111.JPG
2594,http://commondatastorage.googleapis.com/jjgames-static/images/7405.JPG
11553,http://commondatastorage.googleapis.com/jjgames-static/images/9113.JPG
2595,http://commondatastorage.googleapis.com/jjgames-static/images/2154.JPG
2606,http://commondatastorage.googleapis.com/jjgames-static/images/3114.JPG
2596,http://commondatastorage.googleapis.com/jjgames-static/images/3787.JPG
2607,http://commondatastorage.googleapis.com/jjgames-static/images/7643.JPG
9885,http://commondatastorage.googleapis.com/jjgames-static/images/5473.JPG
11569,http://commondatastorage.googleapis.com/jjgames-static/images/9127.JPG
2597,http://commondatastorage.googleapis.com/jjgames-static/images/2601.JPG
2608,http://commondatastorage.googleapis.com/jjgames-static/images/7984.JPG
11819,http://commondatastorage.googleapis.com/jjgames-static/images/9330.JPG
2609,http://commondatastorage.googleapis.com/jjgames-static/images/3310.JPG
9904,http://commondatastorage.googleapis.com/jjgames-static/images/5474.JPG
2613,http://commondatastorage.googleapis.com/jjgames-static/images/3224.JPG
2610,http://commondatastorage.googleapis.com/jjgames-static/images/1737.JPG
2615,http://commondatastorage.googleapis.com/jjgames-static/images/7959.JPG
10993,http://commondatastorage.googleapis.com/jjgames-static/images/6779.JPG
2616,http://commondatastorage.googleapis.com/jjgames-static/images/3478.JPG
11496,http://commondatastorage.googleapis.com/jjgames-static/images/6262.JPG
2617,http://commondatastorage.googleapis.com/jjgames-static/images/2553.JPG
2611,http://commondatastorage.googleapis.com/jjgames-static/images/600.JPG
2618,http://commondatastorage.googleapis.com/jjgames-static/images/3932.JPG
2612,http://commondatastorage.googleapis.com/jjgames-static/images/3072.JPG
11350,http://commondatastorage.googleapis.com/jjgames-static/images/8936.JPG
2614,http://commondatastorage.googleapis.com/jjgames-static/images/3853.JPG
2619,http://commondatastorage.googleapis.com/jjgames-static/images/2608.JPG
2620,http://commondatastorage.googleapis.com/jjgames-static/images/4446.JPG
2633,http://commondatastorage.googleapis.com/jjgames-static/images/4890.JPG
10407,http://commondatastorage.googleapis.com/jjgames-static/images/5515.JPG
11660,http://commondatastorage.googleapis.com/jjgames-static/images/9194.JPG
2621,http://commondatastorage.googleapis.com/jjgames-static/images/4459.JPG
2634,http://commondatastorage.googleapis.com/jjgames-static/images/6169.JPG
2622,http://commondatastorage.googleapis.com/jjgames-static/images/3113.JPG
2636,http://commondatastorage.googleapis.com/jjgames-static/images/7909.JPG
11635,http://commondatastorage.googleapis.com/jjgames-static/images/9176.JPG
2637,http://commondatastorage.googleapis.com/jjgames-static/images/3676.JPG
2623,http://commondatastorage.googleapis.com/jjgames-static/images/3471.JPG
2638,http://commondatastorage.googleapis.com/jjgames-static/images/5615.JPG
2624,http://commondatastorage.googleapis.com/jjgames-static/images/3086.JPG
2639,http://commondatastorage.googleapis.com/jjgames-static/images/2721.JPG
22032,/images/notfound.jpg
10970,http://commondatastorage.googleapis.com/jjgames-static/images/9048.JPG
2625,http://commondatastorage.googleapis.com/jjgames-static/images/3104.JPG
2641,http://commondatastorage.googleapis.com/jjgames-static/images/5508.JPG
9968,http://commondatastorage.googleapis.com/jjgames-static/images/3965.JPG
10974,http://commondatastorage.googleapis.com/jjgames-static/images/9051.JPG
10472,http://commondatastorage.googleapis.com/jjgames-static/images/7497.JPG
2642,http://commondatastorage.googleapis.com/jjgames-static/images/2547.JPG
2628,http://commondatastorage.googleapis.com/jjgames-static/images/7640.JPG
2539,http://commondatastorage.googleapis.com/jjgames-static/images/3183.JPG
2629,http://commondatastorage.googleapis.com/jjgames-static/images/3178.JPG
2643,http://commondatastorage.googleapis.com/jjgames-static/images/4280.JPG
10473,http://commondatastorage.googleapis.com/jjgames-static/images/6850.JPG
2644,http://commondatastorage.googleapis.com/jjgames-static/images/6049.JPG
2630,http://commondatastorage.googleapis.com/jjgames-static/images/2139.JPG
2645,http://commondatastorage.googleapis.com/jjgames-static/images/2127.JPG
2631,http://commondatastorage.googleapis.com/jjgames-static/images/3746.JPG
21672,/images/notfound.jpg
2632,http://commondatastorage.googleapis.com/jjgames-static/images/3184.JPG
11020,http://commondatastorage.googleapis.com/jjgames-static/images/8699.JPG
11182,http://commondatastorage.googleapis.com/jjgames-static/images/8806.JPG
2646,http://commondatastorage.googleapis.com/jjgames-static/images/3123.JPG
2651,http://commondatastorage.googleapis.com/jjgames-static/images/7651.JPG
15035,http://commondatastorage.googleapis.com/jjgames-static/images/10590.JPG
2652,http://commondatastorage.googleapis.com/jjgames-static/images/4304.JPG
2647,http://commondatastorage.googleapis.com/jjgames-static/images/3933.JPG
2653,http://commondatastorage.googleapis.com/jjgames-static/images/2554.JPG
2648,http://commondatastorage.googleapis.com/jjgames-static/images/7633.JPG
11690,http://commondatastorage.googleapis.com/jjgames-static/images/9218.JPG
11104,http://commondatastorage.googleapis.com/jjgames-static/images/8749.JPG
10036,http://commondatastorage.googleapis.com/jjgames-static/images/5441.JPG
2649,http://commondatastorage.googleapis.com/jjgames-static/images/3531.JPG
2655,http://commondatastorage.googleapis.com/jjgames-static/images/6454.JPG
2650,http://commondatastorage.googleapis.com/jjgames-static/images/2569.JPG
2656,http://commondatastorage.googleapis.com/jjgames-static/images/2699.JPG
2668,http://commondatastorage.googleapis.com/jjgames-static/images/2634.JPG
11654,http://commondatastorage.googleapis.com/jjgames-static/images/9190.JPG
11401,http://commondatastorage.googleapis.com/jjgames-static/images/8979.JPG
2657,http://commondatastorage.googleapis.com/jjgames-static/images/1549.JPG
2669,http://commondatastorage.googleapis.com/jjgames-static/images/7648.JPG
2658,http://commondatastorage.googleapis.com/jjgames-static/images/640.JPG
2670,http://commondatastorage.googleapis.com/jjgames-static/images/3974.JPG
2659,http://commondatastorage.googleapis.com/jjgames-static/images/2593.JPG
2671,http://commondatastorage.googleapis.com/jjgames-static/images/2557.JPG
2660,http://commondatastorage.googleapis.com/jjgames-static/images/4475.JPG
2672,http://commondatastorage.googleapis.com/jjgames-static/images/4755.JPG
10044,http://commondatastorage.googleapis.com/jjgames-static/images/5476.JPG
2673,http://commondatastorage.googleapis.com/jjgames-static/images/3180.JPG
2661,http://commondatastorage.googleapis.com/jjgames-static/images/4908.JPG
2674,http://commondatastorage.googleapis.com/jjgames-static/images/5703.JPG
2662,http://commondatastorage.googleapis.com/jjgames-static/images/3119.JPG
11774,http://commondatastorage.googleapis.com/jjgames-static/images/9289.JPG
2663,http://commondatastorage.googleapis.com/jjgames-static/images/3432.JPG
2675,http://commondatastorage.googleapis.com/jjgames-static/images/7625.JPG
2664,http://commondatastorage.googleapis.com/jjgames-static/images/4124.JPG
2676,http://commondatastorage.googleapis.com/jjgames-static/images/2121.JPG
2665,http://commondatastorage.googleapis.com/jjgames-static/images/3615.JPG
2677,http://commondatastorage.googleapis.com/jjgames-static/images/3427.JPG
14075,http://commondatastorage.googleapis.com/jjgames-static/images/7275.JPG
2678,http://commondatastorage.googleapis.com/jjgames-static/images/3227.JPG
2666,http://commondatastorage.googleapis.com/jjgames-static/images/2544.JPG
11772,http://commondatastorage.googleapis.com/jjgames-static/images/9287.JPG
10409,http://commondatastorage.googleapis.com/jjgames-static/images/5527.JPG
11773,http://commondatastorage.googleapis.com/jjgames-static/images/9288.JPG
2667,http://commondatastorage.googleapis.com/jjgames-static/images/5332.JPG
2679,http://commondatastorage.googleapis.com/jjgames-static/images/4281.JPG
11608,http://commondatastorage.googleapis.com/jjgames-static/images/9159.JPG
11652,http://commondatastorage.googleapis.com/jjgames-static/images/7392.JPG
11720,http://commondatastorage.googleapis.com/jjgames-static/images/7273.JPG
2681,http://commondatastorage.googleapis.com/jjgames-static/images/3303.JPG
11724,http://commondatastorage.googleapis.com/jjgames-static/images/9245.JPG
2682,http://commondatastorage.googleapis.com/jjgames-static/images/3225.JPG
10410,http://commondatastorage.googleapis.com/jjgames-static/images/5528.JPG
10972,http://commondatastorage.googleapis.com/jjgames-static/images/6645.JPG
11771,http://commondatastorage.googleapis.com/jjgames-static/images/9286.JPG
2701,http://commondatastorage.googleapis.com/jjgames-static/images/4305.JPG
2683,http://commondatastorage.googleapis.com/jjgames-static/images/3222.JPG
2702,http://commondatastorage.googleapis.com/jjgames-static/images/2582.JPG
10968,http://commondatastorage.googleapis.com/jjgames-static/images/8681.JPG
11644,http://commondatastorage.googleapis.com/jjgames-static/images/9184.JPG
2680,http://commondatastorage.googleapis.com/jjgames-static/images/3337.JPG
10245,http://commondatastorage.googleapis.com/jjgames-static/images/5480.JPG
2684,http://commondatastorage.googleapis.com/jjgames-static/images/2132.JPG
33936,/images/notfound.jpg
2685,http://commondatastorage.googleapis.com/jjgames-static/images/7650.JPG
2697,http://commondatastorage.googleapis.com/jjgames-static/images/2818.JPG
2686,http://commondatastorage.googleapis.com/jjgames-static/images/1513.JPG
2698,http://commondatastorage.googleapis.com/jjgames-static/images/5859.JPG
2687,http://commondatastorage.googleapis.com/jjgames-static/images/2123.JPG
2699,http://commondatastorage.googleapis.com/jjgames-static/images/4432.JPG
10967,http://commondatastorage.googleapis.com/jjgames-static/images/8680.JPG
2688,http://commondatastorage.googleapis.com/jjgames-static/images/3386.JPG
2700,http://commondatastorage.googleapis.com/jjgames-static/images/3628.JPG
2689,http://commondatastorage.googleapis.com/jjgames-static/images/7630.JPG
2704,http://commondatastorage.googleapis.com/jjgames-static/images/3383.JPG
2690,http://commondatastorage.googleapis.com/jjgames-static/images/1723.JPG
2707,http://commondatastorage.googleapis.com/jjgames-static/images/4857.JPG
2691,http://commondatastorage.googleapis.com/jjgames-static/images/2552.JPG
2705,http://commondatastorage.googleapis.com/jjgames-static/images/4471.JPG
2692,http://commondatastorage.googleapis.com/jjgames-static/images/3581.JPG
2706,http://commondatastorage.googleapis.com/jjgames-static/images/3642.JPG
2693,http://commondatastorage.googleapis.com/jjgames-static/images/3758.JPG
11634,http://commondatastorage.googleapis.com/jjgames-static/images/9175.JPG
2694,http://commondatastorage.googleapis.com/jjgames-static/images/7624.JPG
2708,http://commondatastorage.googleapis.com/jjgames-static/images/3706.JPG
2695,http://commondatastorage.googleapis.com/jjgames-static/images/5080.JPG
10741,http://commondatastorage.googleapis.com/jjgames-static/images/5636.JPG
11290,http://commondatastorage.googleapis.com/jjgames-static/images/8884.JPG
14682,http://commondatastorage.googleapis.com/jjgames-static/images/10545.JPG
11291,http://commondatastorage.googleapis.com/jjgames-static/images/8885.JPG
2709,http://commondatastorage.googleapis.com/jjgames-static/images/5493.JPG
11502,http://commondatastorage.googleapis.com/jjgames-static/images/9067.JPG
2711,http://commondatastorage.googleapis.com/jjgames-static/images/2589.JPG
2696,http://commondatastorage.googleapis.com/jjgames-static/images/1740.JPG
10585,http://commondatastorage.googleapis.com/jjgames-static/images/5605.JPG
11561,http://commondatastorage.googleapis.com/jjgames-static/images/9120.JPG
2712,http://commondatastorage.googleapis.com/jjgames-static/images/4380.JPG
2719,http://commondatastorage.googleapis.com/jjgames-static/images/3812.JPG
2713,http://commondatastorage.googleapis.com/jjgames-static/images/4023.JPG
2720,http://commondatastorage.googleapis.com/jjgames-static/images/3037.JPG
2714,http://commondatastorage.googleapis.com/jjgames-static/images/4332.JPG
2721,http://commondatastorage.googleapis.com/jjgames-static/images/4136.JPG
2715,http://commondatastorage.googleapis.com/jjgames-static/images/7967.JPG
2722,http://commondatastorage.googleapis.com/jjgames-static/images/3438.JPG
2716,http://commondatastorage.googleapis.com/jjgames-static/images/3039.JPG
2723,http://commondatastorage.googleapis.com/jjgames-static/images/3038.JPG
2717,http://commondatastorage.googleapis.com/jjgames-static/images/3502.JPG
2724,http://commondatastorage.googleapis.com/jjgames-static/images/2750.JPG
2718,http://commondatastorage.googleapis.com/jjgames-static/images/3492.JPG
2725,http://commondatastorage.googleapis.com/jjgames-static/images/4433.JPG
11198,http://commondatastorage.googleapis.com/jjgames-static/images/8816.JPG
11533,http://commondatastorage.googleapis.com/jjgames-static/images/9094.JPG
2726,http://commondatastorage.googleapis.com/jjgames-static/images/3075.JPG
2727,http://commondatastorage.googleapis.com/jjgames-static/images/613.JPG
2728,http://commondatastorage.googleapis.com/jjgames-static/images/2993.JPG
2729,http://commondatastorage.googleapis.com/jjgames-static/images/2959.JPG
11659,http://commondatastorage.googleapis.com/jjgames-static/images/9193.JPG
2730,http://commondatastorage.googleapis.com/jjgames-static/images/3786.JPG
2731,http://commondatastorage.googleapis.com/jjgames-static/images/3304.JPG
11129,http://commondatastorage.googleapis.com/jjgames-static/images/6173.JPG
11829,http://commondatastorage.googleapis.com/jjgames-static/images/9339.JPG
2110,http://commondatastorage.googleapis.com/jjgames-static/images/3034.JPG
