31328,http://commondatastorage.googleapis.com/jjgames-static/images/25462.JPG
13259,http://commondatastorage.googleapis.com/jjgames-static/images/9794.JPG
13260,http://commondatastorage.googleapis.com/jjgames-static/images/9795.JPG
13261,http://commondatastorage.googleapis.com/jjgames-static/images/7049.JPG
13461,http://commondatastorage.googleapis.com/jjgames-static/images/10095.JPG
13462,http://commondatastorage.googleapis.com/jjgames-static/images/10096.JPG
7259,http://commondatastorage.googleapis.com/jjgames-static/images/5295.JPG
7260,http://commondatastorage.googleapis.com/jjgames-static/images/8109.JPG
13263,http://commondatastorage.googleapis.com/jjgames-static/images/9797.JPG
13264,http://commondatastorage.googleapis.com/jjgames-static/images/9798.JPG
18572,http://commondatastorage.googleapis.com/jjgames-static/images/12987.JPG
2737,http://commondatastorage.googleapis.com/jjgames-static/images/4053.JPG
34778,/images/notfound.jpg
13266,http://commondatastorage.googleapis.com/jjgames-static/images/9800.JPG
13267,http://commondatastorage.googleapis.com/jjgames-static/images/9801.JPG
2740,http://commondatastorage.googleapis.com/jjgames-static/images/4339.JPG
13268,http://commondatastorage.googleapis.com/jjgames-static/images/7050.JPG
13269,http://commondatastorage.googleapis.com/jjgames-static/images/9802.JPG
13464,http://commondatastorage.googleapis.com/jjgames-static/images/7329.JPG
13465,http://commondatastorage.googleapis.com/jjgames-static/images/10097.JPG
32749,http://commondatastorage.googleapis.com/jjgames-static/images/25435.JPG
2743,http://commondatastorage.googleapis.com/jjgames-static/images/5468.JPG
2746,http://commondatastorage.googleapis.com/jjgames-static/images/4021.JPG
2747,http://commondatastorage.googleapis.com/jjgames-static/images/4022.JPG
21154,images/notfound.jpg
13273,http://commondatastorage.googleapis.com/jjgames-static/images/9805.JPG
13416,http://commondatastorage.googleapis.com/jjgames-static/images/9921.JPG
2754,http://commondatastorage.googleapis.com/jjgames-static/images/3036.JPG
2755,http://commondatastorage.googleapis.com/jjgames-static/images/4578.JPG
10440,http://commondatastorage.googleapis.com/jjgames-static/images/5568.JPG
13283,http://commondatastorage.googleapis.com/jjgames-static/images/9808.JPG
13284,http://commondatastorage.googleapis.com/jjgames-static/images/7332.JPG
12538,http://commondatastorage.googleapis.com/jjgames-static/images/5913.JPG
13286,http://commondatastorage.googleapis.com/jjgames-static/images/9810.JPG
8571,http://commondatastorage.googleapis.com/jjgames-static/images/5390.JPG
2760,http://commondatastorage.googleapis.com/jjgames-static/images/4249.JPG
13288,http://commondatastorage.googleapis.com/jjgames-static/images/9812.JPG
18680,http://commondatastorage.googleapis.com/jjgames-static/images/13065.JPG
13289,http://commondatastorage.googleapis.com/jjgames-static/images/7053.JPG
20091,http://commondatastorage.googleapis.com/jjgames-static/images/14315.JPG
21133,http://commondatastorage.googleapis.com/jjgames-static/images/25448.JPG
21153,images/notfound.jpg
2764,http://commondatastorage.googleapis.com/jjgames-static/images/4336.JPG
16262,http://commondatastorage.googleapis.com/jjgames-static/images/10625.JPG
13290,http://commondatastorage.googleapis.com/jjgames-static/images/9813.JPG
13291,http://commondatastorage.googleapis.com/jjgames-static/images/9814.JPG
18684,http://commondatastorage.googleapis.com/jjgames-static/images/13067.JPG
13292,http://commondatastorage.googleapis.com/jjgames-static/images/9815.JPG
34826,/images/notfound.jpg
13293,http://commondatastorage.googleapis.com/jjgames-static/images/7054.JPG
2767,http://commondatastorage.googleapis.com/jjgames-static/images/4580.JPG
13295,http://commondatastorage.googleapis.com/jjgames-static/images/5869.JPG
16873,http://commondatastorage.googleapis.com/jjgames-static/images/12872.JPG
13296,http://commondatastorage.googleapis.com/jjgames-static/images/9817.JPG
13298,http://commondatastorage.googleapis.com/jjgames-static/images/9819.JPG
16870,http://commondatastorage.googleapis.com/jjgames-static/images/12870.JPG
13301,http://commondatastorage.googleapis.com/jjgames-static/images/9822.JPG
13302,http://commondatastorage.googleapis.com/jjgames-static/images/9823.JPG
2771,http://commondatastorage.googleapis.com/jjgames-static/images/7858.JPG
13304,http://commondatastorage.googleapis.com/jjgames-static/images/9824.JPG
2772,http://commondatastorage.googleapis.com/jjgames-static/images/3137.JPG
13307,http://commondatastorage.googleapis.com/jjgames-static/images/9827.JPG
13308,http://commondatastorage.googleapis.com/jjgames-static/images/9828.JPG
13309,http://commondatastorage.googleapis.com/jjgames-static/images/9829.JPG
13310,http://commondatastorage.googleapis.com/jjgames-static/images/9830.JPG
13311,http://commondatastorage.googleapis.com/jjgames-static/images/9831.JPG
13312,http://commondatastorage.googleapis.com/jjgames-static/images/9832.JPG
13313,http://commondatastorage.googleapis.com/jjgames-static/images/9833.JPG
13314,http://commondatastorage.googleapis.com/jjgames-static/images/9834.JPG
18559,images/notfound.jpg
34782,http://commondatastorage.googleapis.com/jjgames-static/images/27153.JPG
13315,http://commondatastorage.googleapis.com/jjgames-static/images/9835.JPG
13316,http://commondatastorage.googleapis.com/jjgames-static/images/9836.JPG
7283,http://commondatastorage.googleapis.com/jjgames-static/images/5301.JPG
33798,http://commondatastorage.googleapis.com/jjgames-static/images/25438.JPG
2777,http://commondatastorage.googleapis.com/jjgames-static/images/4145.JPG
13318,http://commondatastorage.googleapis.com/jjgames-static/images/9838.JPG
2778,http://commondatastorage.googleapis.com/jjgames-static/images/4467.JPG
2779,http://commondatastorage.googleapis.com/jjgames-static/images/4961.JPG
13319,http://commondatastorage.googleapis.com/jjgames-static/images/9839.JPG
2780,http://commondatastorage.googleapis.com/jjgames-static/images/3055.JPG
34962,/images/notfound.jpg
13321,http://commondatastorage.googleapis.com/jjgames-static/images/9841.JPG
34005,http://commondatastorage.googleapis.com/jjgames-static/images/25729.JPG
13322,http://commondatastorage.googleapis.com/jjgames-static/images/9842.JPG
2786,http://commondatastorage.googleapis.com/jjgames-static/images/4301.JPG
2785,http://commondatastorage.googleapis.com/jjgames-static/images/7337.JPG
13323,http://commondatastorage.googleapis.com/jjgames-static/images/9843.JPG
20785,http://commondatastorage.googleapis.com/jjgames-static/images/25453.JPG
2788,http://commondatastorage.googleapis.com/jjgames-static/images/4166.JPG
21152,images/notfound.jpg
12094,http://commondatastorage.googleapis.com/jjgames-static/images/5898.JPG
13324,http://commondatastorage.googleapis.com/jjgames-static/images/7280.JPG
18549,http://commondatastorage.googleapis.com/jjgames-static/images/12967.JPG
15801,http://commondatastorage.googleapis.com/jjgames-static/images/12632.JPG
13326,http://commondatastorage.googleapis.com/jjgames-static/images/9845.JPG
13327,http://commondatastorage.googleapis.com/jjgames-static/images/2433.JPG
13328,http://commondatastorage.googleapis.com/jjgames-static/images/7058.JPG
13329,http://commondatastorage.googleapis.com/jjgames-static/images/9846.JPG
2795,http://commondatastorage.googleapis.com/jjgames-static/images/4340.JPG
13330,http://commondatastorage.googleapis.com/jjgames-static/images/9847.JPG
34779,/images/notfound.jpg
14076,http://commondatastorage.googleapis.com/jjgames-static/images/7278.JPG
31617,http://commondatastorage.googleapis.com/jjgames-static/images/25447.JPG
34850,http://commondatastorage.googleapis.com/jjgames-static/images/27204.JPG
13331,http://commondatastorage.googleapis.com/jjgames-static/images/9848.JPG
2796,http://commondatastorage.googleapis.com/jjgames-static/images/4512.JPG
11970,http://commondatastorage.googleapis.com/jjgames-static/images/5867.JPG
2799,http://commondatastorage.googleapis.com/jjgames-static/images/7037.JPG
34780,/images/notfound.jpg
13332,http://commondatastorage.googleapis.com/jjgames-static/images/7059.JPG
31520,http://commondatastorage.googleapis.com/jjgames-static/images/25459.JPG
19369,http://commondatastorage.googleapis.com/jjgames-static/images/13196.JPG
8800,http://commondatastorage.googleapis.com/jjgames-static/images/5417.JPG
18620,http://commondatastorage.googleapis.com/jjgames-static/images/13021.JPG
13333,http://commondatastorage.googleapis.com/jjgames-static/images/9849.JPG
13334,http://commondatastorage.googleapis.com/jjgames-static/images/9850.JPG
13335,http://commondatastorage.googleapis.com/jjgames-static/images/9851.JPG
2809,http://commondatastorage.googleapis.com/jjgames-static/images/4163.JPG
14958,http://commondatastorage.googleapis.com/jjgames-static/images/12664.JPG
14164,http://commondatastorage.googleapis.com/jjgames-static/images/7417.JPG
13337,http://commondatastorage.googleapis.com/jjgames-static/images/9852.JPG
13338,http://commondatastorage.googleapis.com/jjgames-static/images/9853.JPG
2815,http://commondatastorage.googleapis.com/jjgames-static/images/2252.JPG
2817,http://commondatastorage.googleapis.com/jjgames-static/images/113.JPG
2818,http://commondatastorage.googleapis.com/jjgames-static/images/114.JPG
2819,http://commondatastorage.googleapis.com/jjgames-static/images/2478.JPG
2820,http://commondatastorage.googleapis.com/jjgames-static/images/4335.JPG
13345,http://commondatastorage.googleapis.com/jjgames-static/images/9858.JPG
13346,http://commondatastorage.googleapis.com/jjgames-static/images/7416.JPG
13347,http://commondatastorage.googleapis.com/jjgames-static/images/9859.JPG
13349,http://commondatastorage.googleapis.com/jjgames-static/images/9861.JPG
2827,http://commondatastorage.googleapis.com/jjgames-static/images/7812.JPG
34012,/images/notfound.jpg
13352,http://commondatastorage.googleapis.com/jjgames-static/images/9864.JPG
2835,http://commondatastorage.googleapis.com/jjgames-static/images/3570.JPG
2836,http://commondatastorage.googleapis.com/jjgames-static/images/3448.JPG
13357,http://commondatastorage.googleapis.com/jjgames-static/images/9869.JPG
13358,http://commondatastorage.googleapis.com/jjgames-static/images/9870.JPG
13359,http://commondatastorage.googleapis.com/jjgames-static/images/9871.JPG
21132,http://commondatastorage.googleapis.com/jjgames-static/images/25436.JPG
13360,http://commondatastorage.googleapis.com/jjgames-static/images/9872.JPG
16874,images/notfound.jpg
14150,http://commondatastorage.googleapis.com/jjgames-static/images/7343.JPG
8930,http://commondatastorage.googleapis.com/jjgames-static/images/5391.JPG
13362,http://commondatastorage.googleapis.com/jjgames-static/images/9874.JPG
21081,http://commondatastorage.googleapis.com/jjgames-static/images/25454.JPG
10441,http://commondatastorage.googleapis.com/jjgames-static/images/5570.JPG
13363,http://commondatastorage.googleapis.com/jjgames-static/images/9875.JPG
13364,http://commondatastorage.googleapis.com/jjgames-static/images/9876.JPG
13365,http://commondatastorage.googleapis.com/jjgames-static/images/9877.JPG
2844,http://commondatastorage.googleapis.com/jjgames-static/images/1633.JPG
2845,http://commondatastorage.googleapis.com/jjgames-static/images/3961.JPG
2846,http://commondatastorage.googleapis.com/jjgames-static/images/2430.JPG
2847,http://commondatastorage.googleapis.com/jjgames-static/images/3962.JPG
34770,/images/notfound.jpg
13366,http://commondatastorage.googleapis.com/jjgames-static/images/7064.JPG
13469,http://commondatastorage.googleapis.com/jjgames-static/images/10100.JPG
13470,http://commondatastorage.googleapis.com/jjgames-static/images/7065.JPG
13368,http://commondatastorage.googleapis.com/jjgames-static/images/9878.JPG
13369,http://commondatastorage.googleapis.com/jjgames-static/images/9879.JPG
11844,http://commondatastorage.googleapis.com/jjgames-static/images/5716.JPG
13370,http://commondatastorage.googleapis.com/jjgames-static/images/9880.JPG
13371,http://commondatastorage.googleapis.com/jjgames-static/images/7067.JPG
20088,http://commondatastorage.googleapis.com/jjgames-static/images/14320.JPG
18479,http://commondatastorage.googleapis.com/jjgames-static/images/12914.JPG
2851,http://commondatastorage.googleapis.com/jjgames-static/images/4659.JPG
2204,http://commondatastorage.googleapis.com/jjgames-static/images/610.JPG
2856,http://commondatastorage.googleapis.com/jjgames-static/images/4334.JPG
2857,http://commondatastorage.googleapis.com/jjgames-static/images/4599.JPG
18694,http://commondatastorage.googleapis.com/jjgames-static/images/13074.JPG
33799,http://commondatastorage.googleapis.com/jjgames-static/images/25439.JPG
18646,images/notfound.jpg
13373,http://commondatastorage.googleapis.com/jjgames-static/images/9882.JPG
2860,http://commondatastorage.googleapis.com/jjgames-static/images/4871.JPG
13374,http://commondatastorage.googleapis.com/jjgames-static/images/9883.JPG
2862,http://commondatastorage.googleapis.com/jjgames-static/images/4589.JPG
2866,http://commondatastorage.googleapis.com/jjgames-static/images/3913.JPG
13375,http://commondatastorage.googleapis.com/jjgames-static/images/6955.JPG
13376,http://commondatastorage.googleapis.com/jjgames-static/images/9884.JPG
16871,http://commondatastorage.googleapis.com/jjgames-static/images/12085.JPG
2869,http://commondatastorage.googleapis.com/jjgames-static/images/2254.JPG
21130,http://commondatastorage.googleapis.com/jjgames-static/images/25452.JPG
21149,images/notfound.jpg
13377,http://commondatastorage.googleapis.com/jjgames-static/images/7347.JPG
13378,http://commondatastorage.googleapis.com/jjgames-static/images/9885.JPG
31051,http://commondatastorage.googleapis.com/jjgames-static/images/25464.JPG
13340,http://commondatastorage.googleapis.com/jjgames-static/images/9855.JPG
13380,http://commondatastorage.googleapis.com/jjgames-static/images/9887.JPG
13381,http://commondatastorage.googleapis.com/jjgames-static/images/9888.JPG
13382,http://commondatastorage.googleapis.com/jjgames-static/images/7348.JPG
2882,http://commondatastorage.googleapis.com/jjgames-static/images/4144.JPG
13383,http://commondatastorage.googleapis.com/jjgames-static/images/9889.JPG
2883,http://commondatastorage.googleapis.com/jjgames-static/images/4490.JPG
2885,http://commondatastorage.googleapis.com/jjgames-static/images/4765.JPG
13384,http://commondatastorage.googleapis.com/jjgames-static/images/9890.JPG
13385,http://commondatastorage.googleapis.com/jjgames-static/images/9891.JPG
13386,http://commondatastorage.googleapis.com/jjgames-static/images/6957.JPG
10442,http://commondatastorage.googleapis.com/jjgames-static/images/5569.JPG
13387,http://commondatastorage.googleapis.com/jjgames-static/images/9892.JPG
13388,images/notfound.jpg
21083,images/notfound.jpg
21084,images/notfound.jpg
13389,http://commondatastorage.googleapis.com/jjgames-static/images/9894.JPG
13390,http://commondatastorage.googleapis.com/jjgames-static/images/9895.JPG
13395,http://commondatastorage.googleapis.com/jjgames-static/images/9900.JPG
2887,http://commondatastorage.googleapis.com/jjgames-static/images/3890.JPG
13396,http://commondatastorage.googleapis.com/jjgames-static/images/9901.JPG
2888,http://commondatastorage.googleapis.com/jjgames-static/images/2456.JPG
13397,http://commondatastorage.googleapis.com/jjgames-static/images/9902.JPG
13399,http://commondatastorage.googleapis.com/jjgames-static/images/9904.JPG
13400,http://commondatastorage.googleapis.com/jjgames-static/images/9905.JPG
13398,http://commondatastorage.googleapis.com/jjgames-static/images/9903.JPG
2890,http://commondatastorage.googleapis.com/jjgames-static/images/3152.JPG
13403,http://commondatastorage.googleapis.com/jjgames-static/images/9908.JPG
15880,http://commondatastorage.googleapis.com/jjgames-static/images/10582.JPG
13407,http://commondatastorage.googleapis.com/jjgames-static/images/9912.JPG
13408,http://commondatastorage.googleapis.com/jjgames-static/images/9913.JPG
16189,http://commondatastorage.googleapis.com/jjgames-static/images/12749.JPG
13409,http://commondatastorage.googleapis.com/jjgames-static/images/9914.JPG
13411,http://commondatastorage.googleapis.com/jjgames-static/images/9916.JPG
13412,images/notfound.jpg
2893,http://commondatastorage.googleapis.com/jjgames-static/images/3424.JPG
2894,http://commondatastorage.googleapis.com/jjgames-static/images/4146.JPG
2895,http://commondatastorage.googleapis.com/jjgames-static/images/4782.JPG
13414,http://commondatastorage.googleapis.com/jjgames-static/images/9919.JPG
10575,http://commondatastorage.googleapis.com/jjgames-static/images/5589.JPG
2896,http://commondatastorage.googleapis.com/jjgames-static/images/3889.JPG
2897,http://commondatastorage.googleapis.com/jjgames-static/images/2253.JPG
13417,http://commondatastorage.googleapis.com/jjgames-static/images/9922.JPG
13418,images/notfound.jpg
13419,http://commondatastorage.googleapis.com/jjgames-static/images/9924.JPG
2899,http://commondatastorage.googleapis.com/jjgames-static/images/2128.JPG
9214,http://commondatastorage.googleapis.com/jjgames-static/images/5398.JPG
2901,http://commondatastorage.googleapis.com/jjgames-static/images/3056.JPG
2898,http://commondatastorage.googleapis.com/jjgames-static/images/215.JPG
13420,http://commondatastorage.googleapis.com/jjgames-static/images/6542.JPG
13422,http://commondatastorage.googleapis.com/jjgames-static/images/9926.JPG
13424,http://commondatastorage.googleapis.com/jjgames-static/images/9928.JPG
13425,http://commondatastorage.googleapis.com/jjgames-static/images/9929.JPG
2903,http://commondatastorage.googleapis.com/jjgames-static/images/4341.JPG
13427,http://commondatastorage.googleapis.com/jjgames-static/images/9930.JPG
13428,http://commondatastorage.googleapis.com/jjgames-static/images/9931.JPG
13429,http://commondatastorage.googleapis.com/jjgames-static/images/9932.JPG
21082,images/notfound.jpg
34781,/images/notfound.jpg
13432,http://commondatastorage.googleapis.com/jjgames-static/images/9934.JPG
2911,http://commondatastorage.googleapis.com/jjgames-static/images/3479.JPG
13435,http://commondatastorage.googleapis.com/jjgames-static/images/9937.JPG
2919,http://commondatastorage.googleapis.com/jjgames-static/images/2790.JPG
13472,http://commondatastorage.googleapis.com/jjgames-static/images/10101.JPG
13404,http://commondatastorage.googleapis.com/jjgames-static/images/9909.JPG
13405,http://commondatastorage.googleapis.com/jjgames-static/images/9910.JPG
13406,http://commondatastorage.googleapis.com/jjgames-static/images/9911.JPG
13443,http://commondatastorage.googleapis.com/jjgames-static/images/9943.JPG
13444,http://commondatastorage.googleapis.com/jjgames-static/images/9944.JPG
13445,http://commondatastorage.googleapis.com/jjgames-static/images/7354.JPG
20387,http://commondatastorage.googleapis.com/jjgames-static/images/25449.JPG
2931,http://commondatastorage.googleapis.com/jjgames-static/images/3139.JPG
13452,http://commondatastorage.googleapis.com/jjgames-static/images/9951.JPG
13453,http://commondatastorage.googleapis.com/jjgames-static/images/9952.JPG
13451,http://commondatastorage.googleapis.com/jjgames-static/images/9950.JPG
2932,http://commondatastorage.googleapis.com/jjgames-static/images/3140.JPG
13455,http://commondatastorage.googleapis.com/jjgames-static/images/9954.JPG
13456,http://commondatastorage.googleapis.com/jjgames-static/images/9955.JPG
13457,http://commondatastorage.googleapis.com/jjgames-static/images/9956.JPG
2938,http://commondatastorage.googleapis.com/jjgames-static/images/1571.JPG
19898,http://commondatastorage.googleapis.com/jjgames-static/images/2074.JPG
2940,http://commondatastorage.googleapis.com/jjgames-static/images/3971.JPG
13526,http://commondatastorage.googleapis.com/jjgames-static/images/9959.JPG
13184,http://commondatastorage.googleapis.com/jjgames-static/images/6274.JPG
2944,http://commondatastorage.googleapis.com/jjgames-static/images/13913.JPG
13530,http://commondatastorage.googleapis.com/jjgames-static/images/9963.JPG
13531,http://commondatastorage.googleapis.com/jjgames-static/images/9964.JPG
13532,http://commondatastorage.googleapis.com/jjgames-static/images/9965.JPG
2947,http://commondatastorage.googleapis.com/jjgames-static/images/3972.JPG
13533,http://commondatastorage.googleapis.com/jjgames-static/images/9966.JPG
13535,http://commondatastorage.googleapis.com/jjgames-static/images/9968.JPG
13536,http://commondatastorage.googleapis.com/jjgames-static/images/2251.JPG
2951,http://commondatastorage.googleapis.com/jjgames-static/images/4870.JPG
2954,http://commondatastorage.googleapis.com/jjgames-static/images/4051.JPG
2953,http://commondatastorage.googleapis.com/jjgames-static/images/5090.JPG
13537,http://commondatastorage.googleapis.com/jjgames-static/images/7077.JPG
13538,http://commondatastorage.googleapis.com/jjgames-static/images/9969.JPG
13539,http://commondatastorage.googleapis.com/jjgames-static/images/9970.JPG
13541,http://commondatastorage.googleapis.com/jjgames-static/images/9972.JPG
20100,http://commondatastorage.googleapis.com/jjgames-static/images/14311.JPG
13430,http://commondatastorage.googleapis.com/jjgames-static/images/9933.JPG
13542,http://commondatastorage.googleapis.com/jjgames-static/images/9973.JPG
13543,http://commondatastorage.googleapis.com/jjgames-static/images/9974.JPG
13544,http://commondatastorage.googleapis.com/jjgames-static/images/9975.JPG
2964,http://commondatastorage.googleapis.com/jjgames-static/images/7566.JPG
13548,http://commondatastorage.googleapis.com/jjgames-static/images/7161.JPG
13549,http://commondatastorage.googleapis.com/jjgames-static/images/9979.JPG
13552,http://commondatastorage.googleapis.com/jjgames-static/images/9982.JPG
13553,http://commondatastorage.googleapis.com/jjgames-static/images/9983.JPG
13555,http://commondatastorage.googleapis.com/jjgames-static/images/9985.JPG
13554,http://commondatastorage.googleapis.com/jjgames-static/images/9984.JPG
13556,http://commondatastorage.googleapis.com/jjgames-static/images/9986.JPG
13558,http://commondatastorage.googleapis.com/jjgames-static/images/9987.JPG
19502,images/notfound.jpg
13559,http://commondatastorage.googleapis.com/jjgames-static/images/9988.JPG
13560,http://commondatastorage.googleapis.com/jjgames-static/images/9989.JPG
13561,images/notfound.jpg
2966,http://commondatastorage.googleapis.com/jjgames-static/images/4137.JPG
13475,http://commondatastorage.googleapis.com/jjgames-static/images/10104.JPG
20101,http://commondatastorage.googleapis.com/jjgames-static/images/14310.JPG
13562,http://commondatastorage.googleapis.com/jjgames-static/images/9991.JPG
13563,http://commondatastorage.googleapis.com/jjgames-static/images/9992.JPG
2971,http://commondatastorage.googleapis.com/jjgames-static/images/4337.JPG
13564,http://commondatastorage.googleapis.com/jjgames-static/images/7040.JPG
13566,http://commondatastorage.googleapis.com/jjgames-static/images/9994.JPG
7411,http://commondatastorage.googleapis.com/jjgames-static/images/5320.JPG
13568,http://commondatastorage.googleapis.com/jjgames-static/images/9996.JPG
16869,http://commondatastorage.googleapis.com/jjgames-static/images/12086.JPG
13569,http://commondatastorage.googleapis.com/jjgames-static/images/9997.JPG
13570,http://commondatastorage.googleapis.com/jjgames-static/images/9998.JPG
13571,http://commondatastorage.googleapis.com/jjgames-static/images/9999.JPG
13574,http://commondatastorage.googleapis.com/jjgames-static/images/10002.JPG
2972,http://commondatastorage.googleapis.com/jjgames-static/images/4421.JPG
2973,http://commondatastorage.googleapis.com/jjgames-static/images/7839.JPG
13575,http://commondatastorage.googleapis.com/jjgames-static/images/10003.JPG
13576,http://commondatastorage.googleapis.com/jjgames-static/images/10004.JPG
13578,http://commondatastorage.googleapis.com/jjgames-static/images/10006.JPG
2974,http://commondatastorage.googleapis.com/jjgames-static/images/320.JPG
21142,images/notfound.jpg
13579,http://commondatastorage.googleapis.com/jjgames-static/images/10007.JPG
13580,http://commondatastorage.googleapis.com/jjgames-static/images/10008.JPG
13572,http://commondatastorage.googleapis.com/jjgames-static/images/10000.JPG
13581,http://commondatastorage.googleapis.com/jjgames-static/images/10009.JPG
13582,http://commondatastorage.googleapis.com/jjgames-static/images/10010.JPG
13573,http://commondatastorage.googleapis.com/jjgames-static/images/10001.JPG
13584,http://commondatastorage.googleapis.com/jjgames-static/images/7279.JPG
13585,http://commondatastorage.googleapis.com/jjgames-static/images/10012.JPG
13587,http://commondatastorage.googleapis.com/jjgames-static/images/6970.JPG
2979,http://commondatastorage.googleapis.com/jjgames-static/images/335.JPG
2985,http://commondatastorage.googleapis.com/jjgames-static/images/337.JPG
2988,http://commondatastorage.googleapis.com/jjgames-static/images/342.JPG
13589,http://commondatastorage.googleapis.com/jjgames-static/images/10015.JPG
21126,http://commondatastorage.googleapis.com/jjgames-static/images/25456.JPG
2994,http://commondatastorage.googleapis.com/jjgames-static/images/7562.JPG
13593,http://commondatastorage.googleapis.com/jjgames-static/images/10019.JPG
13594,http://commondatastorage.googleapis.com/jjgames-static/images/10020.JPG
34961,/images/notfound.jpg
13596,http://commondatastorage.googleapis.com/jjgames-static/images/10022.JPG
13597,http://commondatastorage.googleapis.com/jjgames-static/images/10023.JPG
2999,http://commondatastorage.googleapis.com/jjgames-static/images/7751.JPG
13599,http://commondatastorage.googleapis.com/jjgames-static/images/10025.JPG
13600,http://commondatastorage.googleapis.com/jjgames-static/images/10026.JPG
14863,http://commondatastorage.googleapis.com/jjgames-static/images/12646.JPG
3001,http://commondatastorage.googleapis.com/jjgames-static/images/3138.JPG
13601,http://commondatastorage.googleapis.com/jjgames-static/images/10027.JPG
3002,http://commondatastorage.googleapis.com/jjgames-static/images/7838.JPG
13602,http://commondatastorage.googleapis.com/jjgames-static/images/10028.JPG
13603,http://commondatastorage.googleapis.com/jjgames-static/images/10029.JPG
13604,http://commondatastorage.googleapis.com/jjgames-static/images/10030.JPG
13605,http://commondatastorage.googleapis.com/jjgames-static/images/10031.JPG
13606,http://commondatastorage.googleapis.com/jjgames-static/images/10032.JPG
3008,http://commondatastorage.googleapis.com/jjgames-static/images/2043.JPG
11843,http://commondatastorage.googleapis.com/jjgames-static/images/5717.JPG
13478,http://commondatastorage.googleapis.com/jjgames-static/images/10107.JPG
13609,http://commondatastorage.googleapis.com/jjgames-static/images/6971.JPG
13610,http://commondatastorage.googleapis.com/jjgames-static/images/10035.JPG
13611,http://commondatastorage.googleapis.com/jjgames-static/images/10036.JPG
13612,http://commondatastorage.googleapis.com/jjgames-static/images/7042.JPG
3013,http://commondatastorage.googleapis.com/jjgames-static/images/4345.JPG
13614,http://commondatastorage.googleapis.com/jjgames-static/images/10038.JPG
13085,http://commondatastorage.googleapis.com/jjgames-static/images/6117.JPG
21155,images/notfound.jpg
13182,http://commondatastorage.googleapis.com/jjgames-static/images/9764.JPG
3017,http://commondatastorage.googleapis.com/jjgames-static/images/7767.JPG
13616,http://commondatastorage.googleapis.com/jjgames-static/images/10039.JPG
13617,http://commondatastorage.googleapis.com/jjgames-static/images/10040.JPG
13619,http://commondatastorage.googleapis.com/jjgames-static/images/10042.JPG
13621,http://commondatastorage.googleapis.com/jjgames-static/images/10044.JPG
13620,http://commondatastorage.googleapis.com/jjgames-static/images/10043.JPG
31933,images/notfound.jpg
13626,http://commondatastorage.googleapis.com/jjgames-static/images/10049.JPG
21129,http://commondatastorage.googleapis.com/jjgames-static/images/25441.JPG
21128,http://commondatastorage.googleapis.com/jjgames-static/images/25457.JPG
3036,http://commondatastorage.googleapis.com/jjgames-static/images/7749.JPG
13630,http://commondatastorage.googleapis.com/jjgames-static/images/10052.JPG
13631,http://commondatastorage.googleapis.com/jjgames-static/images/10053.JPG
13633,http://commondatastorage.googleapis.com/jjgames-static/images/10055.JPG
13634,http://commondatastorage.googleapis.com/jjgames-static/images/10056.JPG
3040,http://commondatastorage.googleapis.com/jjgames-static/images/4138.JPG
3041,http://commondatastorage.googleapis.com/jjgames-static/images/3464.JPG
13635,http://commondatastorage.googleapis.com/jjgames-static/images/10057.JPG
13636,http://commondatastorage.googleapis.com/jjgames-static/images/10058.JPG
13637,http://commondatastorage.googleapis.com/jjgames-static/images/10059.JPG
20086,http://commondatastorage.googleapis.com/jjgames-static/images/14313.JPG
13638,http://commondatastorage.googleapis.com/jjgames-static/images/7389.JPG
13639,http://commondatastorage.googleapis.com/jjgames-static/images/10060.JPG
13640,http://commondatastorage.googleapis.com/jjgames-static/images/7419.JPG
34639,/images/notfound.jpg
13645,http://commondatastorage.googleapis.com/jjgames-static/images/10064.JPG
3044,http://commondatastorage.googleapis.com/jjgames-static/images/7859.JPG
13646,http://commondatastorage.googleapis.com/jjgames-static/images/10065.JPG
13647,http://commondatastorage.googleapis.com/jjgames-static/images/10066.JPG
13648,http://commondatastorage.googleapis.com/jjgames-static/images/10067.JPG
13649,http://commondatastorage.googleapis.com/jjgames-static/images/10068.JPG
21125,http://commondatastorage.googleapis.com/jjgames-static/images/25451.JPG
21124,http://commondatastorage.googleapis.com/jjgames-static/images/25445.JPG
13650,http://commondatastorage.googleapis.com/jjgames-static/images/10069.JPG
13651,http://commondatastorage.googleapis.com/jjgames-static/images/10070.JPG
13652,http://commondatastorage.googleapis.com/jjgames-static/images/7095.JPG
13653,http://commondatastorage.googleapis.com/jjgames-static/images/7501.JPG
13654,http://commondatastorage.googleapis.com/jjgames-static/images/10071.JPG
21157,images/notfound.jpg
13656,http://commondatastorage.googleapis.com/jjgames-static/images/10072.JPG
13657,http://commondatastorage.googleapis.com/jjgames-static/images/10073.JPG
10443,http://commondatastorage.googleapis.com/jjgames-static/images/5567.JPG
13658,http://commondatastorage.googleapis.com/jjgames-static/images/10074.JPG
3050,http://commondatastorage.googleapis.com/jjgames-static/images/4721.JPG
3051,http://commondatastorage.googleapis.com/jjgames-static/images/4720.JPG
3052,http://commondatastorage.googleapis.com/jjgames-static/images/7756.JPG
3054,http://commondatastorage.googleapis.com/jjgames-static/images/7772.JPG
13659,http://commondatastorage.googleapis.com/jjgames-static/images/10075.JPG
13660,http://commondatastorage.googleapis.com/jjgames-static/images/10076.JPG
13661,http://commondatastorage.googleapis.com/jjgames-static/images/10077.JPG
3056,http://commondatastorage.googleapis.com/jjgames-static/images/4012.JPG
13662,http://commondatastorage.googleapis.com/jjgames-static/images/10078.JPG
13663,http://commondatastorage.googleapis.com/jjgames-static/images/10079.JPG
13664,http://commondatastorage.googleapis.com/jjgames-static/images/7222.JPG
13665,http://commondatastorage.googleapis.com/jjgames-static/images/10080.JPG
13666,http://commondatastorage.googleapis.com/jjgames-static/images/10081.JPG
13667,http://commondatastorage.googleapis.com/jjgames-static/images/10082.JPG
3059,http://commondatastorage.googleapis.com/jjgames-static/images/453.JPG
3060,http://commondatastorage.googleapis.com/jjgames-static/images/1632.JPG
13668,http://commondatastorage.googleapis.com/jjgames-static/images/10083.JPG
16470,http://commondatastorage.googleapis.com/jjgames-static/images/12854.JPG
14393,http://commondatastorage.googleapis.com/jjgames-static/images/7418.JPG
10597,http://commondatastorage.googleapis.com/jjgames-static/images/5618.JPG
13669,http://commondatastorage.googleapis.com/jjgames-static/images/10084.JPG
13179,http://commondatastorage.googleapis.com/jjgames-static/images/9761.JPG
13670,http://commondatastorage.googleapis.com/jjgames-static/images/7046.JPG
13671,http://commondatastorage.googleapis.com/jjgames-static/images/10085.JPG
13672,http://commondatastorage.googleapis.com/jjgames-static/images/10086.JPG
13674,http://commondatastorage.googleapis.com/jjgames-static/images/10087.JPG
13342,http://commondatastorage.googleapis.com/jjgames-static/images/7369.JPG
3062,http://commondatastorage.googleapis.com/jjgames-static/images/4970.JPG
13675,http://commondatastorage.googleapis.com/jjgames-static/images/10088.JPG
13676,http://commondatastorage.googleapis.com/jjgames-static/images/10089.JPG
20125,http://commondatastorage.googleapis.com/jjgames-static/images/3583.JPG
3065,http://commondatastorage.googleapis.com/jjgames-static/images/4616.JPG
3068,http://commondatastorage.googleapis.com/jjgames-static/images/3652.JPG
13673,http://commondatastorage.googleapis.com/jjgames-static/images/7370.JPG
13678,http://commondatastorage.googleapis.com/jjgames-static/images/10091.JPG
16083,http://commondatastorage.googleapis.com/jjgames-static/images/12726.JPG
9952,http://commondatastorage.googleapis.com/jjgames-static/images/5475.JPG
13679,http://commondatastorage.googleapis.com/jjgames-static/images/10092.JPG
3073,http://commondatastorage.googleapis.com/jjgames-static/images/2080.JPG
9965,http://commondatastorage.googleapis.com/jjgames-static/images/5409.JPG
3074,http://commondatastorage.googleapis.com/jjgames-static/images/467.JPG
13460,http://commondatastorage.googleapis.com/jjgames-static/images/10094.JPG
3076,http://commondatastorage.googleapis.com/jjgames-static/images/3678.JPG
13463,http://commondatastorage.googleapis.com/jjgames-static/images/7097.JPG
13467,http://commondatastorage.googleapis.com/jjgames-static/images/10098.JPG
13468,http://commondatastorage.googleapis.com/jjgames-static/images/10099.JPG
3080,http://commondatastorage.googleapis.com/jjgames-static/images/2432.JPG
3081,http://commondatastorage.googleapis.com/jjgames-static/images/3481.JPG
3082,http://commondatastorage.googleapis.com/jjgames-static/images/4010.JPG
14392,http://commondatastorage.googleapis.com/jjgames-static/images/7415.JPG
13477,http://commondatastorage.googleapis.com/jjgames-static/images/10106.JPG
21156,images/notfound.jpg
13632,http://commondatastorage.googleapis.com/jjgames-static/images/10054.JPG
13285,http://commondatastorage.googleapis.com/jjgames-static/images/9809.JPG
11971,http://commondatastorage.googleapis.com/jjgames-static/images/5868.JPG
13481,http://commondatastorage.googleapis.com/jjgames-static/images/6985.JPG
13483,http://commondatastorage.googleapis.com/jjgames-static/images/6986.JPG
13484,http://commondatastorage.googleapis.com/jjgames-static/images/10111.JPG
34783,/images/notfound.jpg
13485,http://commondatastorage.googleapis.com/jjgames-static/images/10112.JPG
18487,http://commondatastorage.googleapis.com/jjgames-static/images/12090.JPG
13180,http://commondatastorage.googleapis.com/jjgames-static/images/9762.JPG
13486,http://commondatastorage.googleapis.com/jjgames-static/images/10113.JPG
13487,http://commondatastorage.googleapis.com/jjgames-static/images/10114.JPG
13488,http://commondatastorage.googleapis.com/jjgames-static/images/10115.JPG
13491,http://commondatastorage.googleapis.com/jjgames-static/images/10118.JPG
3104,http://commondatastorage.googleapis.com/jjgames-static/images/3989.JPG
31327,http://commondatastorage.googleapis.com/jjgames-static/images/25461.JPG
13493,http://commondatastorage.googleapis.com/jjgames-static/images/10120.JPG
13494,http://commondatastorage.googleapis.com/jjgames-static/images/10121.JPG
3106,http://commondatastorage.googleapis.com/jjgames-static/images/7771.JPG
34017,http://commondatastorage.googleapis.com/jjgames-static/images/27151.JPG
13495,http://commondatastorage.googleapis.com/jjgames-static/images/6922.JPG
13497,http://commondatastorage.googleapis.com/jjgames-static/images/10123.JPG
13498,http://commondatastorage.googleapis.com/jjgames-static/images/10124.JPG
15876,http://commondatastorage.googleapis.com/jjgames-static/images/12716.JPG
13086,http://commondatastorage.googleapis.com/jjgames-static/images/6122.JPG
13500,http://commondatastorage.googleapis.com/jjgames-static/images/10125.JPG
13502,http://commondatastorage.googleapis.com/jjgames-static/images/10127.JPG
13503,http://commondatastorage.googleapis.com/jjgames-static/images/6547.JPG
13506,http://commondatastorage.googleapis.com/jjgames-static/images/10129.JPG
13507,http://commondatastorage.googleapis.com/jjgames-static/images/10130.JPG
3111,http://commondatastorage.googleapis.com/jjgames-static/images/5083.JPG
13509,http://commondatastorage.googleapis.com/jjgames-static/images/10132.JPG
13510,http://commondatastorage.googleapis.com/jjgames-static/images/10133.JPG
13512,http://commondatastorage.googleapis.com/jjgames-static/images/10134.JPG
13513,http://commondatastorage.googleapis.com/jjgames-static/images/10135.JPG
13514,http://commondatastorage.googleapis.com/jjgames-static/images/7281.JPG
13515,http://commondatastorage.googleapis.com/jjgames-static/images/10136.JPG
13517,http://commondatastorage.googleapis.com/jjgames-static/images/10137.JPG
3117,http://commondatastorage.googleapis.com/jjgames-static/images/4617.JPG
21158,images/notfound.jpg
3119,http://commondatastorage.googleapis.com/jjgames-static/images/1630.JPG
7496,http://commondatastorage.googleapis.com/jjgames-static/images/5336.JPG
13518,http://commondatastorage.googleapis.com/jjgames-static/images/10138.JPG
13519,http://commondatastorage.googleapis.com/jjgames-static/images/10139.JPG
3124,http://commondatastorage.googleapis.com/jjgames-static/images/3151.JPG
7498,http://commondatastorage.googleapis.com/jjgames-static/images/5337.JPG
13522,http://commondatastorage.googleapis.com/jjgames-static/images/10142.JPG
3126,http://commondatastorage.googleapis.com/jjgames-static/images/3887.JPG
20079,http://commondatastorage.googleapis.com/jjgames-static/images/14314.JPG
3129,http://commondatastorage.googleapis.com/jjgames-static/images/3149.JPG
13523,http://commondatastorage.googleapis.com/jjgames-static/images/6989.JPG
21127,http://commondatastorage.googleapis.com/jjgames-static/images/25440.JPG
13680,http://commondatastorage.googleapis.com/jjgames-static/images/7408.JPG
3130,http://commondatastorage.googleapis.com/jjgames-static/images/4126.JPG
13681,http://commondatastorage.googleapis.com/jjgames-static/images/10143.JPG
13479,http://commondatastorage.googleapis.com/jjgames-static/images/10108.JPG
13682,http://commondatastorage.googleapis.com/jjgames-static/images/10144.JPG
16872,http://commondatastorage.googleapis.com/jjgames-static/images/12871.JPG
3138,http://commondatastorage.googleapis.com/jjgames-static/images/4140.JPG
3139,http://commondatastorage.googleapis.com/jjgames-static/images/3480.JPG
16123,http://commondatastorage.googleapis.com/jjgames-static/images/6631.JPG
13687,http://commondatastorage.googleapis.com/jjgames-static/images/10149.JPG
13689,http://commondatastorage.googleapis.com/jjgames-static/images/10151.JPG
10907,http://commondatastorage.googleapis.com/jjgames-static/images/5656.JPG
18488,http://commondatastorage.googleapis.com/jjgames-static/images/12091.JPG
13348,http://commondatastorage.googleapis.com/jjgames-static/images/9860.JPG
2822,http://commondatastorage.googleapis.com/jjgames-static/images/3130.JPG
13394,http://commondatastorage.googleapis.com/jjgames-static/images/9899.JPG
13540,http://commondatastorage.googleapis.com/jjgames-static/images/9971.JPG
34784,/images/notfound.jpg
2957,http://commondatastorage.googleapis.com/jjgames-static/images/3708.JPG
