2732,http://commondatastorage.googleapis.com/jjgames-static/images/6940.JPG
2733,http://commondatastorage.googleapis.com/jjgames-static/images/5360.JPG
2734,http://commondatastorage.googleapis.com/jjgames-static/images/3677.JPG
2735,http://commondatastorage.googleapis.com/jjgames-static/images/4102.JPG
13262,http://commondatastorage.googleapis.com/jjgames-static/images/9796.JPG
13265,http://commondatastorage.googleapis.com/jjgames-static/images/9799.JPG
2736,http://commondatastorage.googleapis.com/jjgames-static/images/4164.JPG
2738,http://commondatastorage.googleapis.com/jjgames-static/images/7781.JPG
2739,http://commondatastorage.googleapis.com/jjgames-static/images/7861.JPG
2741,http://commondatastorage.googleapis.com/jjgames-static/images/3463.JPG
2742,http://commondatastorage.googleapis.com/jjgames-static/images/4466.JPG
8503,http://commondatastorage.googleapis.com/jjgames-static/images/5432.JPG
2744,http://commondatastorage.googleapis.com/jjgames-static/images/4165.JPG
8513,http://commondatastorage.googleapis.com/jjgames-static/images/5416.JPG
2745,http://commondatastorage.googleapis.com/jjgames-static/images/5299.JPG
2748,http://commondatastorage.googleapis.com/jjgames-static/images/7853.JPG
2749,http://commondatastorage.googleapis.com/jjgames-static/images/7822.JPG
13270,http://commondatastorage.googleapis.com/jjgames-static/images/9803.JPG
2750,http://commondatastorage.googleapis.com/jjgames-static/images/2455.JPG
2751,http://commondatastorage.googleapis.com/jjgames-static/images/3988.JPG
13271,http://commondatastorage.googleapis.com/jjgames-static/images/7213.JPG
13272,http://commondatastorage.googleapis.com/jjgames-static/images/9804.JPG
13196,http://commondatastorage.googleapis.com/jjgames-static/images/6315.JPG
2752,http://commondatastorage.googleapis.com/jjgames-static/images/7810.JPG
13339,http://commondatastorage.googleapis.com/jjgames-static/images/9854.JPG
13274,http://commondatastorage.googleapis.com/jjgames-static/images/9806.JPG
2753,http://commondatastorage.googleapis.com/jjgames-static/images/7825.JPG
13275,http://commondatastorage.googleapis.com/jjgames-static/images/6943.JPG
2756,http://commondatastorage.googleapis.com/jjgames-static/images/7173.JPG
13282,http://commondatastorage.googleapis.com/jjgames-static/images/9807.JPG
2757,http://commondatastorage.googleapis.com/jjgames-static/images/7780.JPG
2758,http://commondatastorage.googleapis.com/jjgames-static/images/4962.JPG
11968,http://commondatastorage.googleapis.com/jjgames-static/images/5865.JPG
13287,http://commondatastorage.googleapis.com/jjgames-static/images/9811.JPG
2761,http://commondatastorage.googleapis.com/jjgames-static/images/4300.JPG
2759,http://commondatastorage.googleapis.com/jjgames-static/images/4975.JPG
2762,http://commondatastorage.googleapis.com/jjgames-static/images/5362.JPG
2763,http://commondatastorage.googleapis.com/jjgames-static/images/7821.JPG
2765,http://commondatastorage.googleapis.com/jjgames-static/images/7818.JPG
16876,http://commondatastorage.googleapis.com/jjgames-static/images/12875.JPG
2766,http://commondatastorage.googleapis.com/jjgames-static/images/3339.JPG
13294,http://commondatastorage.googleapis.com/jjgames-static/images/9816.JPG
2768,http://commondatastorage.googleapis.com/jjgames-static/images/4141.JPG
13297,http://commondatastorage.googleapis.com/jjgames-static/images/9818.JPG
2769,http://commondatastorage.googleapis.com/jjgames-static/images/7816.JPG
13300,http://commondatastorage.googleapis.com/jjgames-static/images/9821.JPG
13303,http://commondatastorage.googleapis.com/jjgames-static/images/7099.JPG
13305,http://commondatastorage.googleapis.com/jjgames-static/images/9825.JPG
13306,http://commondatastorage.googleapis.com/jjgames-static/images/9826.JPG
2773,http://commondatastorage.googleapis.com/jjgames-static/images/3888.JPG
2774,http://commondatastorage.googleapis.com/jjgames-static/images/7773.JPG
13317,http://commondatastorage.googleapis.com/jjgames-static/images/9837.JPG
13320,http://commondatastorage.googleapis.com/jjgames-static/images/9840.JPG
2781,http://commondatastorage.googleapis.com/jjgames-static/images/5611.JPG
2782,http://commondatastorage.googleapis.com/jjgames-static/images/7775.JPG
2783,http://commondatastorage.googleapis.com/jjgames-static/images/4052.JPG
11969,http://commondatastorage.googleapis.com/jjgames-static/images/5866.JPG
2787,http://commondatastorage.googleapis.com/jjgames-static/images/7811.JPG
2789,http://commondatastorage.googleapis.com/jjgames-static/images/2125.JPG
2790,http://commondatastorage.googleapis.com/jjgames-static/images/7414.JPG
2791,http://commondatastorage.googleapis.com/jjgames-static/images/7803.JPG
2792,http://commondatastorage.googleapis.com/jjgames-static/images/6312.JPG
13325,http://commondatastorage.googleapis.com/jjgames-static/images/9844.JPG
2776,http://commondatastorage.googleapis.com/jjgames-static/images/1631.JPG
2793,http://commondatastorage.googleapis.com/jjgames-static/images/7863.JPG
2794,http://commondatastorage.googleapis.com/jjgames-static/images/3019.JPG
2797,http://commondatastorage.googleapis.com/jjgames-static/images/3969.JPG
2798,http://commondatastorage.googleapis.com/jjgames-static/images/3703.JPG
10742,http://commondatastorage.googleapis.com/jjgames-static/images/5625.JPG
2800,http://commondatastorage.googleapis.com/jjgames-static/images/7849.JPG
2801,http://commondatastorage.googleapis.com/jjgames-static/images/7766.JPG
10938,http://commondatastorage.googleapis.com/jjgames-static/images/5683.JPG
2803,http://commondatastorage.googleapis.com/jjgames-static/images/7824.JPG
2804,http://commondatastorage.googleapis.com/jjgames-static/images/5304.JPG
2805,http://commondatastorage.googleapis.com/jjgames-static/images/3710.JPG
2806,http://commondatastorage.googleapis.com/jjgames-static/images/7820.JPG
2807,http://commondatastorage.googleapis.com/jjgames-static/images/7806.JPG
2834,http://commondatastorage.googleapis.com/jjgames-static/images/3705.JPG
2808,http://commondatastorage.googleapis.com/jjgames-static/images/7761.JPG
2837,http://commondatastorage.googleapis.com/jjgames-static/images/4834.JPG
2810,http://commondatastorage.googleapis.com/jjgames-static/images/3830.JPG
14826,http://commondatastorage.googleapis.com/jjgames-static/images/12089.JPG
2811,http://commondatastorage.googleapis.com/jjgames-static/images/3150.JPG
13355,http://commondatastorage.googleapis.com/jjgames-static/images/9867.JPG
2812,http://commondatastorage.googleapis.com/jjgames-static/images/4364.JPG
2839,http://commondatastorage.googleapis.com/jjgames-static/images/7850.JPG
13344,http://commondatastorage.googleapis.com/jjgames-static/images/7303.JPG
13356,http://commondatastorage.googleapis.com/jjgames-static/images/9868.JPG
2813,http://commondatastorage.googleapis.com/jjgames-static/images/7768.JPG
13353,http://commondatastorage.googleapis.com/jjgames-static/images/9865.JPG
2814,http://commondatastorage.googleapis.com/jjgames-static/images/5305.JPG
13354,http://commondatastorage.googleapis.com/jjgames-static/images/9866.JPG
2816,http://commondatastorage.googleapis.com/jjgames-static/images/2047.JPG
2838,http://commondatastorage.googleapis.com/jjgames-static/images/2081.JPG
2821,http://commondatastorage.googleapis.com/jjgames-static/images/5306.JPG
13343,http://commondatastorage.googleapis.com/jjgames-static/images/9857.JPG
2823,http://commondatastorage.googleapis.com/jjgames-static/images/7856.JPG
2840,http://commondatastorage.googleapis.com/jjgames-static/images/7763.JPG
2825,http://commondatastorage.googleapis.com/jjgames-static/images/4028.JPG
2841,http://commondatastorage.googleapis.com/jjgames-static/images/7827.JPG
2826,http://commondatastorage.googleapis.com/jjgames-static/images/7062.JPG
34118,http://commondatastorage.googleapis.com/jjgames-static/images/26135.JPG
13350,http://commondatastorage.googleapis.com/jjgames-static/images/9862.JPG
2842,http://commondatastorage.googleapis.com/jjgames-static/images/7854.JPG
2843,http://commondatastorage.googleapis.com/jjgames-static/images/7857.JPG
2829,http://commondatastorage.googleapis.com/jjgames-static/images/4598.JPG
13367,http://commondatastorage.googleapis.com/jjgames-static/images/7066.JPG
2830,http://commondatastorage.googleapis.com/jjgames-static/images/3683.JPG
21079,http://commondatastorage.googleapis.com/jjgames-static/images/25450.JPG
2831,http://commondatastorage.googleapis.com/jjgames-static/images/2477.JPG
2848,http://commondatastorage.googleapis.com/jjgames-static/images/4197.JPG
2832,http://commondatastorage.googleapis.com/jjgames-static/images/7484.JPG
13351,http://commondatastorage.googleapis.com/jjgames-static/images/9863.JPG
2849,http://commondatastorage.googleapis.com/jjgames-static/images/4470.JPG
2833,http://commondatastorage.googleapis.com/jjgames-static/images/3831.JPG
2850,http://commondatastorage.googleapis.com/jjgames-static/images/7759.JPG
2852,http://commondatastorage.googleapis.com/jjgames-static/images/4646.JPG
2855,http://commondatastorage.googleapis.com/jjgames-static/images/3351.JPG
2853,http://commondatastorage.googleapis.com/jjgames-static/images/2152.JPG
13372,http://commondatastorage.googleapis.com/jjgames-static/images/9881.JPG
14282,images/notfound.jpg
2858,http://commondatastorage.googleapis.com/jjgames-static/images/3465.JPG
2854,http://commondatastorage.googleapis.com/jjgames-static/images/154.JPG
2859,http://commondatastorage.googleapis.com/jjgames-static/images/7778.JPG
2861,http://commondatastorage.googleapis.com/jjgames-static/images/7754.JPG
2884,http://commondatastorage.googleapis.com/jjgames-static/images/6026.JPG
2863,http://commondatastorage.googleapis.com/jjgames-static/images/4139.JPG
13840,http://commondatastorage.googleapis.com/jjgames-static/images/10176.JPG
2864,http://commondatastorage.googleapis.com/jjgames-static/images/5577.JPG
2886,http://commondatastorage.googleapis.com/jjgames-static/images/7765.JPG
2867,http://commondatastorage.googleapis.com/jjgames-static/images/4660.JPG
20092,http://commondatastorage.googleapis.com/jjgames-static/images/25470.JPG
2868,http://commondatastorage.googleapis.com/jjgames-static/images/3212.JPG
13392,http://commondatastorage.googleapis.com/jjgames-static/images/9897.JPG
16875,http://commondatastorage.googleapis.com/jjgames-static/images/12874.JPG
13391,http://commondatastorage.googleapis.com/jjgames-static/images/9896.JPG
2870,http://commondatastorage.googleapis.com/jjgames-static/images/3229.JPG
13393,http://commondatastorage.googleapis.com/jjgames-static/images/9898.JPG
2871,http://commondatastorage.googleapis.com/jjgames-static/images/7842.JPG
2889,http://commondatastorage.googleapis.com/jjgames-static/images/7819.JPG
13401,http://commondatastorage.googleapis.com/jjgames-static/images/9906.JPG
2872,http://commondatastorage.googleapis.com/jjgames-static/images/7755.JPG
14105,http://commondatastorage.googleapis.com/jjgames-static/images/13135.JPG
13402,http://commondatastorage.googleapis.com/jjgames-static/images/9907.JPG
2873,http://commondatastorage.googleapis.com/jjgames-static/images/3447.JPG
2891,http://commondatastorage.googleapis.com/jjgames-static/images/7833.JPG
2874,http://commondatastorage.googleapis.com/jjgames-static/images/3690.JPG
2892,http://commondatastorage.googleapis.com/jjgames-static/images/3709.JPG
2875,http://commondatastorage.googleapis.com/jjgames-static/images/2434.JPG
13410,http://commondatastorage.googleapis.com/jjgames-static/images/9915.JPG
13415,http://commondatastorage.googleapis.com/jjgames-static/images/9920.JPG
2876,http://commondatastorage.googleapis.com/jjgames-static/images/7753.JPG
2900,http://commondatastorage.googleapis.com/jjgames-static/images/2135.JPG
2877,http://commondatastorage.googleapis.com/jjgames-static/images/3665.JPG
2902,http://commondatastorage.googleapis.com/jjgames-static/images/7860.JPG
2878,http://commondatastorage.googleapis.com/jjgames-static/images/4935.JPG
13421,http://commondatastorage.googleapis.com/jjgames-static/images/9925.JPG
2879,http://commondatastorage.googleapis.com/jjgames-static/images/5290.JPG
13423,http://commondatastorage.googleapis.com/jjgames-static/images/9927.JPG
2880,http://commondatastorage.googleapis.com/jjgames-static/images/7831.JPG
13426,http://commondatastorage.googleapis.com/jjgames-static/images/7488.JPG
13379,http://commondatastorage.googleapis.com/jjgames-static/images/9886.JPG
2908,http://commondatastorage.googleapis.com/jjgames-static/images/4019.JPG
2881,http://commondatastorage.googleapis.com/jjgames-static/images/7815.JPG
10449,http://commondatastorage.googleapis.com/jjgames-static/images/5579.JPG
2907,http://commondatastorage.googleapis.com/jjgames-static/images/3975.JPG
2909,http://commondatastorage.googleapis.com/jjgames-static/images/7830.JPG
2910,http://commondatastorage.googleapis.com/jjgames-static/images/2153.JPG
2904,http://commondatastorage.googleapis.com/jjgames-static/images/7832.JPG
13433,http://commondatastorage.googleapis.com/jjgames-static/images/9935.JPG
2906,http://commondatastorage.googleapis.com/jjgames-static/images/4747.JPG
2912,http://commondatastorage.googleapis.com/jjgames-static/images/4330.JPG
13434,http://commondatastorage.googleapis.com/jjgames-static/images/9936.JPG
2925,http://commondatastorage.googleapis.com/jjgames-static/images/4795.JPG
13436,http://commondatastorage.googleapis.com/jjgames-static/images/9938.JPG
2926,http://commondatastorage.googleapis.com/jjgames-static/images/2429.JPG
2913,http://commondatastorage.googleapis.com/jjgames-static/images/4027.JPG
2927,http://commondatastorage.googleapis.com/jjgames-static/images/2427.JPG
2914,http://commondatastorage.googleapis.com/jjgames-static/images/5313.JPG
13446,http://commondatastorage.googleapis.com/jjgames-static/images/9945.JPG
2915,http://commondatastorage.googleapis.com/jjgames-static/images/7804.JPG
10383,http://commondatastorage.googleapis.com/jjgames-static/images/5485.JPG
2916,http://commondatastorage.googleapis.com/jjgames-static/images/7387.JPG
10384,http://commondatastorage.googleapis.com/jjgames-static/images/5486.JPG
2917,http://commondatastorage.googleapis.com/jjgames-static/images/7807.JPG
2928,http://commondatastorage.googleapis.com/jjgames-static/images/7814.JPG
2918,http://commondatastorage.googleapis.com/jjgames-static/images/5314.JPG
13447,http://commondatastorage.googleapis.com/jjgames-static/images/9946.JPG
2920,http://commondatastorage.googleapis.com/jjgames-static/images/4026.JPG
13448,http://commondatastorage.googleapis.com/jjgames-static/images/9947.JPG
2921,http://commondatastorage.googleapis.com/jjgames-static/images/7846.JPG
14564,http://commondatastorage.googleapis.com/jjgames-static/images/7500.JPG
2924,http://commondatastorage.googleapis.com/jjgames-static/images/7864.JPG
2929,http://commondatastorage.googleapis.com/jjgames-static/images/7813.JPG
13437,http://commondatastorage.googleapis.com/jjgames-static/images/7413.JPG
2930,http://commondatastorage.googleapis.com/jjgames-static/images/7779.JPG
13438,http://commondatastorage.googleapis.com/jjgames-static/images/9939.JPG
2933,http://commondatastorage.googleapis.com/jjgames-static/images/3392.JPG
13439,http://commondatastorage.googleapis.com/jjgames-static/images/9940.JPG
2934,http://commondatastorage.googleapis.com/jjgames-static/images/4770.JPG
13440,http://commondatastorage.googleapis.com/jjgames-static/images/7162.JPG
2935,http://commondatastorage.googleapis.com/jjgames-static/images/4190.JPG
13441,http://commondatastorage.googleapis.com/jjgames-static/images/9941.JPG
2936,http://commondatastorage.googleapis.com/jjgames-static/images/7964.JPG
2922,http://commondatastorage.googleapis.com/jjgames-static/images/6914.JPG
2937,http://commondatastorage.googleapis.com/jjgames-static/images/2428.JPG
13113,http://commondatastorage.googleapis.com/jjgames-static/images/6207.JPG
13524,http://commondatastorage.googleapis.com/jjgames-static/images/7073.JPG
13442,http://commondatastorage.googleapis.com/jjgames-static/images/9942.JPG
13525,http://commondatastorage.googleapis.com/jjgames-static/images/9958.JPG
2923,http://commondatastorage.googleapis.com/jjgames-static/images/4125.JPG
2941,http://commondatastorage.googleapis.com/jjgames-static/images/3377.JPG
2943,http://commondatastorage.googleapis.com/jjgames-static/images/6252.JPG
2942,http://commondatastorage.googleapis.com/jjgames-static/images/5566.JPG
21123,http://commondatastorage.googleapis.com/jjgames-static/images/25446.JPG
13527,http://commondatastorage.googleapis.com/jjgames-static/images/9960.JPG
2946,http://commondatastorage.googleapis.com/jjgames-static/images/4835.JPG
13528,http://commondatastorage.googleapis.com/jjgames-static/images/9961.JPG
2945,http://commondatastorage.googleapis.com/jjgames-static/images/4142.JPG
13529,http://commondatastorage.googleapis.com/jjgames-static/images/9962.JPG
2948,http://commondatastorage.googleapis.com/jjgames-static/images/4742.JPG
13546,http://commondatastorage.googleapis.com/jjgames-static/images/9977.JPG
2949,http://commondatastorage.googleapis.com/jjgames-static/images/4143.JPG
13551,http://commondatastorage.googleapis.com/jjgames-static/images/9981.JPG
13534,http://commondatastorage.googleapis.com/jjgames-static/images/9967.JPG
18511,http://commondatastorage.googleapis.com/jjgames-static/images/2789.JPG
2950,http://commondatastorage.googleapis.com/jjgames-static/images/3991.JPG
2967,http://commondatastorage.googleapis.com/jjgames-static/images/7310.JPG
7394,http://commondatastorage.googleapis.com/jjgames-static/images/5317.JPG
2968,http://commondatastorage.googleapis.com/jjgames-static/images/6966.JPG
2952,http://commondatastorage.googleapis.com/jjgames-static/images/4458.JPG
20093,http://commondatastorage.googleapis.com/jjgames-static/images/25471.JPG
2955,http://commondatastorage.googleapis.com/jjgames-static/images/4648.JPG
13258,http://commondatastorage.googleapis.com/jjgames-static/images/9793.JPG
10596,http://commondatastorage.googleapis.com/jjgames-static/images/5617.JPG
13474,http://commondatastorage.googleapis.com/jjgames-static/images/10103.JPG
2956,http://commondatastorage.googleapis.com/jjgames-static/images/2150.JPG
2970,http://commondatastorage.googleapis.com/jjgames-static/images/7801.JPG
13565,http://commondatastorage.googleapis.com/jjgames-static/images/9993.JPG
2958,http://commondatastorage.googleapis.com/jjgames-static/images/3146.JPG
7412,http://commondatastorage.googleapis.com/jjgames-static/images/8108.JPG
13341,http://commondatastorage.googleapis.com/jjgames-static/images/9856.JPG
2959,http://commondatastorage.googleapis.com/jjgames-static/images/7826.JPG
2975,http://commondatastorage.googleapis.com/jjgames-static/images/4025.JPG
2960,http://commondatastorage.googleapis.com/jjgames-static/images/7840.JPG
2976,http://commondatastorage.googleapis.com/jjgames-static/images/3666.JPG
2961,http://commondatastorage.googleapis.com/jjgames-static/images/4198.JPG
7422,http://commondatastorage.googleapis.com/jjgames-static/images/5323.JPG
13586,http://commondatastorage.googleapis.com/jjgames-static/images/10013.JPG
2962,http://commondatastorage.googleapis.com/jjgames-static/images/7784.JPG
2977,http://commondatastorage.googleapis.com/jjgames-static/images/7783.JPG
13545,http://commondatastorage.googleapis.com/jjgames-static/images/9976.JPG
2963,http://commondatastorage.googleapis.com/jjgames-static/images/7769.JPG
2978,http://commondatastorage.googleapis.com/jjgames-static/images/7563.JPG
13588,http://commondatastorage.googleapis.com/jjgames-static/images/10014.JPG
13547,http://commondatastorage.googleapis.com/jjgames-static/images/9978.JPG
2980,http://commondatastorage.googleapis.com/jjgames-static/images/3230.JPG
13550,http://commondatastorage.googleapis.com/jjgames-static/images/9980.JPG
2981,http://commondatastorage.googleapis.com/jjgames-static/images/2476.JPG
2965,http://commondatastorage.googleapis.com/jjgames-static/images/2791.JPG
2982,http://commondatastorage.googleapis.com/jjgames-static/images/7750.JPG
2983,http://commondatastorage.googleapis.com/jjgames-static/images/3378.JPG
32999,http://commondatastorage.googleapis.com/jjgames-static/images/24585.JPG
2984,http://commondatastorage.googleapis.com/jjgames-static/images/3506.JPG
2987,http://commondatastorage.googleapis.com/jjgames-static/images/2044.JPG
2989,http://commondatastorage.googleapis.com/jjgames-static/images/4429.JPG
2986,http://commondatastorage.googleapis.com/jjgames-static/images/338.JPG
2990,http://commondatastorage.googleapis.com/jjgames-static/images/4725.JPG
3007,http://commondatastorage.googleapis.com/jjgames-static/images/4324.JPG
2991,http://commondatastorage.googleapis.com/jjgames-static/images/7862.JPG
14341,http://commondatastorage.googleapis.com/jjgames-static/images/10411.JPG
13590,http://commondatastorage.googleapis.com/jjgames-static/images/10016.JPG
9630,http://commondatastorage.googleapis.com/jjgames-static/images/5389.JPG
2992,http://commondatastorage.googleapis.com/jjgames-static/images/4997.JPG
3009,http://commondatastorage.googleapis.com/jjgames-static/images/5369.JPG
2993,http://commondatastorage.googleapis.com/jjgames-static/images/2082.JPG
13607,http://commondatastorage.googleapis.com/jjgames-static/images/10033.JPG
2995,http://commondatastorage.googleapis.com/jjgames-static/images/3851.JPG
13608,http://commondatastorage.googleapis.com/jjgames-static/images/10034.JPG
2996,http://commondatastorage.googleapis.com/jjgames-static/images/6916.JPG
2997,http://commondatastorage.googleapis.com/jjgames-static/images/4515.JPG
3010,http://commondatastorage.googleapis.com/jjgames-static/images/7106.JPG
13592,http://commondatastorage.googleapis.com/jjgames-static/images/10018.JPG
3011,http://commondatastorage.googleapis.com/jjgames-static/images/3348.JPG
13476,http://commondatastorage.googleapis.com/jjgames-static/images/10105.JPG
3012,http://commondatastorage.googleapis.com/jjgames-static/images/7760.JPG
7425,http://commondatastorage.googleapis.com/jjgames-static/images/5324.JPG
13613,http://commondatastorage.googleapis.com/jjgames-static/images/10037.JPG
13595,http://commondatastorage.googleapis.com/jjgames-static/images/10021.JPG
13615,http://commondatastorage.googleapis.com/jjgames-static/images/7083.JPG
2998,http://commondatastorage.googleapis.com/jjgames-static/images/4783.JPG
3014,http://commondatastorage.googleapis.com/jjgames-static/images/7848.JPG
13598,http://commondatastorage.googleapis.com/jjgames-static/images/10024.JPG
3015,http://commondatastorage.googleapis.com/jjgames-static/images/4607.JPG
3000,http://commondatastorage.googleapis.com/jjgames-static/images/5565.JPG
3016,http://commondatastorage.googleapis.com/jjgames-static/images/7564.JPG
3003,http://commondatastorage.googleapis.com/jjgames-static/images/7837.JPG
13618,http://commondatastorage.googleapis.com/jjgames-static/images/10041.JPG
3004,http://commondatastorage.googleapis.com/jjgames-static/images/4020.JPG
3018,http://commondatastorage.googleapis.com/jjgames-static/images/3505.JPG
3019,http://commondatastorage.googleapis.com/jjgames-static/images/3584.JPG
3022,http://commondatastorage.googleapis.com/jjgames-static/images/3228.JPG
7430,http://commondatastorage.googleapis.com/jjgames-static/images/5325.JPG
3020,http://commondatastorage.googleapis.com/jjgames-static/images/7764.JPG
13622,http://commondatastorage.googleapis.com/jjgames-static/images/10045.JPG
3005,http://commondatastorage.googleapis.com/jjgames-static/images/4191.JPG
13623,http://commondatastorage.googleapis.com/jjgames-static/images/10046.JPG
3006,http://commondatastorage.googleapis.com/jjgames-static/images/2045.JPG
3021,http://commondatastorage.googleapis.com/jjgames-static/images/7770.JPG
3025,http://commondatastorage.googleapis.com/jjgames-static/images/3131.JPG
3026,http://commondatastorage.googleapis.com/jjgames-static/images/3549.JPG
3028,http://commondatastorage.googleapis.com/jjgames-static/images/5001.JPG
3027,http://commondatastorage.googleapis.com/jjgames-static/images/4784.JPG
13625,http://commondatastorage.googleapis.com/jjgames-static/images/10048.JPG
3023,http://commondatastorage.googleapis.com/jjgames-static/images/4422.JPG
14861,http://commondatastorage.googleapis.com/jjgames-static/images/12645.JPG
3048,http://commondatastorage.googleapis.com/jjgames-static/images/3391.JPG
3029,http://commondatastorage.googleapis.com/jjgames-static/images/4259.JPG
13627,http://commondatastorage.googleapis.com/jjgames-static/images/10050.JPG
3049,http://commondatastorage.googleapis.com/jjgames-static/images/5370.JPG
3030,http://commondatastorage.googleapis.com/jjgames-static/images/7762.JPG
3053,http://commondatastorage.googleapis.com/jjgames-static/images/1722.JPG
3031,http://commondatastorage.googleapis.com/jjgames-static/images/7823.JPG
3055,http://commondatastorage.googleapis.com/jjgames-static/images/4303.JPG
3032,http://commondatastorage.googleapis.com/jjgames-static/images/7757.JPG
3057,http://commondatastorage.googleapis.com/jjgames-static/images/5371.JPG
3033,http://commondatastorage.googleapis.com/jjgames-static/images/7777.JPG
2775,http://commondatastorage.googleapis.com/jjgames-static/images/5914.JPG
3034,http://commondatastorage.googleapis.com/jjgames-static/images/4097.JPG
3058,http://commondatastorage.googleapis.com/jjgames-static/images/3103.JPG
3035,http://commondatastorage.googleapis.com/jjgames-static/images/7847.JPG
3061,http://commondatastorage.googleapis.com/jjgames-static/images/7758.JPG
13629,http://commondatastorage.googleapis.com/jjgames-static/images/10051.JPG
3088,http://commondatastorage.googleapis.com/jjgames-static/images/7843.JPG
3037,http://commondatastorage.googleapis.com/jjgames-static/images/4013.JPG
3089,http://commondatastorage.googleapis.com/jjgames-static/images/7776.JPG
3038,http://commondatastorage.googleapis.com/jjgames-static/images/3990.JPG
3063,http://commondatastorage.googleapis.com/jjgames-static/images/3379.JPG
3042,http://commondatastorage.googleapis.com/jjgames-static/images/7845.JPG
13677,http://commondatastorage.googleapis.com/jjgames-static/images/10090.JPG
3043,http://commondatastorage.googleapis.com/jjgames-static/images/6314.JPG
14614,images/notfound.jpg
13641,http://commondatastorage.googleapis.com/jjgames-static/images/10061.JPG
3066,http://commondatastorage.googleapis.com/jjgames-static/images/7852.JPG
13642,http://commondatastorage.googleapis.com/jjgames-static/images/6977.JPG
3067,http://commondatastorage.googleapis.com/jjgames-static/images/4338.JPG
13643,http://commondatastorage.googleapis.com/jjgames-static/images/10062.JPG
3069,http://commondatastorage.googleapis.com/jjgames-static/images/7808.JPG
13644,http://commondatastorage.googleapis.com/jjgames-static/images/10063.JPG
3070,http://commondatastorage.googleapis.com/jjgames-static/images/7817.JPG
3045,http://commondatastorage.googleapis.com/jjgames-static/images/7835.JPG
3071,http://commondatastorage.googleapis.com/jjgames-static/images/7809.JPG
3046,http://commondatastorage.googleapis.com/jjgames-static/images/3651.JPG
13459,http://commondatastorage.googleapis.com/jjgames-static/images/10093.JPG
3047,http://commondatastorage.googleapis.com/jjgames-static/images/4326.JPG
3072,http://commondatastorage.googleapis.com/jjgames-static/images/7277.JPG
3075,http://commondatastorage.googleapis.com/jjgames-static/images/4111.JPG
3079,http://commondatastorage.googleapis.com/jjgames-static/images/7407.JPG
3077,http://commondatastorage.googleapis.com/jjgames-static/images/7782.JPG
16473,http://commondatastorage.googleapis.com/jjgames-static/images/12856.JPG
20105,http://commondatastorage.googleapis.com/jjgames-static/images/2479.JPG
3083,http://commondatastorage.googleapis.com/jjgames-static/images/7844.JPG
3078,http://commondatastorage.googleapis.com/jjgames-static/images/7748.JPG
3084,http://commondatastorage.googleapis.com/jjgames-static/images/7108.JPG
3085,http://commondatastorage.googleapis.com/jjgames-static/images/5792.JPG
3102,http://commondatastorage.googleapis.com/jjgames-static/images/3189.JPG
13473,http://commondatastorage.googleapis.com/jjgames-static/images/10102.JPG
3103,http://commondatastorage.googleapis.com/jjgames-static/images/7805.JPG
3039,http://commondatastorage.googleapis.com/jjgames-static/images/7828.JPG
13490,http://commondatastorage.googleapis.com/jjgames-static/images/10117.JPG
3086,http://commondatastorage.googleapis.com/jjgames-static/images/7866.JPG
16140,http://commondatastorage.googleapis.com/jjgames-static/images/3973.JPG
13480,http://commondatastorage.googleapis.com/jjgames-static/images/10109.JPG
3105,http://commondatastorage.googleapis.com/jjgames-static/images/10599.JPG
13482,http://commondatastorage.googleapis.com/jjgames-static/images/10110.JPG
13496,http://commondatastorage.googleapis.com/jjgames-static/images/10122.JPG
3087,http://commondatastorage.googleapis.com/jjgames-static/images/7774.JPG
10074,http://commondatastorage.googleapis.com/jjgames-static/images/5422.JPG
3090,http://commondatastorage.googleapis.com/jjgames-static/images/5014.JPG
3107,http://commondatastorage.googleapis.com/jjgames-static/images/5334.JPG
3091,http://commondatastorage.googleapis.com/jjgames-static/images/5418.JPG
13499,http://commondatastorage.googleapis.com/jjgames-static/images/7089.JPG
3092,http://commondatastorage.googleapis.com/jjgames-static/images/3707.JPG
13501,http://commondatastorage.googleapis.com/jjgames-static/images/10126.JPG
3093,http://commondatastorage.googleapis.com/jjgames-static/images/3668.JPG
13504,http://commondatastorage.googleapis.com/jjgames-static/images/7547.JPG
3094,http://commondatastorage.googleapis.com/jjgames-static/images/3704.JPG
13577,http://commondatastorage.googleapis.com/jjgames-static/images/10005.JPG
3095,http://commondatastorage.googleapis.com/jjgames-static/images/7802.JPG
13505,http://commondatastorage.googleapis.com/jjgames-static/images/10128.JPG
3096,http://commondatastorage.googleapis.com/jjgames-static/images/3380.JPG
3108,http://commondatastorage.googleapis.com/jjgames-static/images/4299.JPG
3097,http://commondatastorage.googleapis.com/jjgames-static/images/3422.JPG
3109,http://commondatastorage.googleapis.com/jjgames-static/images/7834.JPG
3098,http://commondatastorage.googleapis.com/jjgames-static/images/3350.JPG
3110,http://commondatastorage.googleapis.com/jjgames-static/images/6313.JPG
3099,http://commondatastorage.googleapis.com/jjgames-static/images/3423.JPG
3115,http://commondatastorage.googleapis.com/jjgames-static/images/4647.JPG
3100,http://commondatastorage.googleapis.com/jjgames-static/images/7109.JPG
3114,http://commondatastorage.googleapis.com/jjgames-static/images/7829.JPG
3101,http://commondatastorage.googleapis.com/jjgames-static/images/7865.JPG
13508,http://commondatastorage.googleapis.com/jjgames-static/images/10131.JPG
10906,http://commondatastorage.googleapis.com/jjgames-static/images/5657.JPG
3112,http://commondatastorage.googleapis.com/jjgames-static/images/7841.JPG
3113,http://commondatastorage.googleapis.com/jjgames-static/images/7565.JPG
3132,http://commondatastorage.googleapis.com/jjgames-static/images/5415.JPG
3123,http://commondatastorage.googleapis.com/jjgames-static/images/4666.JPG
13516,http://commondatastorage.googleapis.com/jjgames-static/images/7328.JPG
13181,http://commondatastorage.googleapis.com/jjgames-static/images/9763.JPG
3116,http://commondatastorage.googleapis.com/jjgames-static/images/6924.JPG
13511,http://commondatastorage.googleapis.com/jjgames-static/images/7517.JPG
3120,http://commondatastorage.googleapis.com/jjgames-static/images/2431.JPG
3118,http://commondatastorage.googleapis.com/jjgames-static/images/3800.JPG
3137,http://commondatastorage.googleapis.com/jjgames-static/images/7855.JPG
3121,http://commondatastorage.googleapis.com/jjgames-static/images/4258.JPG
13685,http://commondatastorage.googleapis.com/jjgames-static/images/10147.JPG
3122,http://commondatastorage.googleapis.com/jjgames-static/images/3307.JPG
3140,http://commondatastorage.googleapis.com/jjgames-static/images/3057.JPG
13520,http://commondatastorage.googleapis.com/jjgames-static/images/10140.JPG
13686,http://commondatastorage.googleapis.com/jjgames-static/images/10148.JPG
14563,http://commondatastorage.googleapis.com/jjgames-static/images/7503.JPG
3141,http://commondatastorage.googleapis.com/jjgames-static/images/2995.JPG
13521,http://commondatastorage.googleapis.com/jjgames-static/images/10141.JPG
3142,http://commondatastorage.googleapis.com/jjgames-static/images/1570.JPG
3125,http://commondatastorage.googleapis.com/jjgames-static/images/4514.JPG
34078,http://commondatastorage.googleapis.com/jjgames-static/images/25806.JPG
12095,http://commondatastorage.googleapis.com/jjgames-static/images/5904.JPG
3143,http://commondatastorage.googleapis.com/jjgames-static/images/1569.JPG
3127,http://commondatastorage.googleapis.com/jjgames-static/images/7836.JPG
13688,http://commondatastorage.googleapis.com/jjgames-static/images/10150.JPG
3128,http://commondatastorage.googleapis.com/jjgames-static/images/3992.JPG
13178,http://commondatastorage.googleapis.com/jjgames-static/images/9760.JPG
3131,http://commondatastorage.googleapis.com/jjgames-static/images/3340.JPG
3135,http://commondatastorage.googleapis.com/jjgames-static/images/4513.JPG
3134,http://commondatastorage.googleapis.com/jjgames-static/images/3503.JPG
7508,http://commondatastorage.googleapis.com/jjgames-static/images/5341.JPG
3133,http://commondatastorage.googleapis.com/jjgames-static/images/7752.JPG
3136,http://commondatastorage.googleapis.com/jjgames-static/images/7851.JPG
13683,http://commondatastorage.googleapis.com/jjgames-static/images/10145.JPG
13684,http://commondatastorage.googleapis.com/jjgames-static/images/10146.JPG
16877,http://commondatastorage.googleapis.com/jjgames-static/images/12876.JPG
