3144,http://commondatastorage.googleapis.com/jjgames-static/images/1762.JPG
3145,http://commondatastorage.googleapis.com/jjgames-static/images/4.JPG
3146,http://commondatastorage.googleapis.com/jjgames-static/images/730.JPG
3147,http://commondatastorage.googleapis.com/jjgames-static/images/6.JPG
3148,http://commondatastorage.googleapis.com/jjgames-static/images/1454.JPG
3150,http://commondatastorage.googleapis.com/jjgames-static/images/2443.JPG
3166,http://commondatastorage.googleapis.com/jjgames-static/images/1721.JPG
3151,http://commondatastorage.googleapis.com/jjgames-static/images/3011.JPG
3153,http://commondatastorage.googleapis.com/jjgames-static/images/10.JPG
3154,http://commondatastorage.googleapis.com/jjgames-static/images/1360.JPG
3155,http://commondatastorage.googleapis.com/jjgames-static/images/3410.JPG
3156,http://commondatastorage.googleapis.com/jjgames-static/images/766.JPG
3157,http://commondatastorage.googleapis.com/jjgames-static/images/652.JPG
3158,http://commondatastorage.googleapis.com/jjgames-static/images/1747.JPG
3159,http://commondatastorage.googleapis.com/jjgames-static/images/3200.JPG
3160,http://commondatastorage.googleapis.com/jjgames-static/images/3848.JPG
11625,http://commondatastorage.googleapis.com/jjgames-static/images/9167.JPG
3161,http://commondatastorage.googleapis.com/jjgames-static/images/16.JPG
11826,http://commondatastorage.googleapis.com/jjgames-static/images/9336.JPG
7266,http://commondatastorage.googleapis.com/jjgames-static/images/5298.JPG
3162,http://commondatastorage.googleapis.com/jjgames-static/images/1489.JPG
3163,http://commondatastorage.googleapis.com/jjgames-static/images/4826.JPG
3164,http://commondatastorage.googleapis.com/jjgames-static/images/2793.JPG
3165,http://commondatastorage.googleapis.com/jjgames-static/images/2620.JPG
3167,http://commondatastorage.googleapis.com/jjgames-static/images/4606.JPG
3168,http://commondatastorage.googleapis.com/jjgames-static/images/5052.JPG
3198,http://commondatastorage.googleapis.com/jjgames-static/images/665.JPG
3169,http://commondatastorage.googleapis.com/jjgames-static/images/1681.JPG
11603,http://commondatastorage.googleapis.com/jjgames-static/images/9155.JPG
11605,http://commondatastorage.googleapis.com/jjgames-static/images/9157.JPG
3170,http://commondatastorage.googleapis.com/jjgames-static/images/1680.JPG
11399,http://commondatastorage.googleapis.com/jjgames-static/images/8977.JPG
3171,http://commondatastorage.googleapis.com/jjgames-static/images/662.JPG
11301,http://commondatastorage.googleapis.com/jjgames-static/images/8895.JPG
11088,http://commondatastorage.googleapis.com/jjgames-static/images/8738.JPG
3172,http://commondatastorage.googleapis.com/jjgames-static/images/5053.JPG
3173,http://commondatastorage.googleapis.com/jjgames-static/images/2743.JPG
13748,http://commondatastorage.googleapis.com/jjgames-static/images/6834.JPG
3174,http://commondatastorage.googleapis.com/jjgames-static/images/2885.JPG
3175,http://commondatastorage.googleapis.com/jjgames-static/images/1777.JPG
3176,http://commondatastorage.googleapis.com/jjgames-static/images/2242.JPG
3177,http://commondatastorage.googleapis.com/jjgames-static/images/40.JPG
3178,http://commondatastorage.googleapis.com/jjgames-static/images/3083.JPG
11673,http://commondatastorage.googleapis.com/jjgames-static/images/9206.JPG
3179,http://commondatastorage.googleapis.com/jjgames-static/images/716.JPG
3180,http://commondatastorage.googleapis.com/jjgames-static/images/2023.JPG
3181,http://commondatastorage.googleapis.com/jjgames-static/images/2241.JPG
3182,http://commondatastorage.googleapis.com/jjgames-static/images/1668.JPG
3184,http://commondatastorage.googleapis.com/jjgames-static/images/2282.JPG
3185,http://commondatastorage.googleapis.com/jjgames-static/images/2160.JPG
3187,http://commondatastorage.googleapis.com/jjgames-static/images/2628.JPG
3188,http://commondatastorage.googleapis.com/jjgames-static/images/4627.JPG
3190,http://commondatastorage.googleapis.com/jjgames-static/images/49.JPG
3191,http://commondatastorage.googleapis.com/jjgames-static/images/50.JPG
3189,http://commondatastorage.googleapis.com/jjgames-static/images/1796.JPG
3194,http://commondatastorage.googleapis.com/jjgames-static/images/1587.JPG
3195,http://commondatastorage.googleapis.com/jjgames-static/images/769.JPG
3196,http://commondatastorage.googleapis.com/jjgames-static/images/57.JPG
3197,http://commondatastorage.googleapis.com/jjgames-static/images/2917.JPG
3199,http://commondatastorage.googleapis.com/jjgames-static/images/63.JPG
3200,http://commondatastorage.googleapis.com/jjgames-static/images/2441.JPG
11676,http://commondatastorage.googleapis.com/jjgames-static/images/7451.JPG
10997,http://commondatastorage.googleapis.com/jjgames-static/images/8688.JPG
3201,http://commondatastorage.googleapis.com/jjgames-static/images/7380.JPG
11099,http://commondatastorage.googleapis.com/jjgames-static/images/8746.JPG
3203,http://commondatastorage.googleapis.com/jjgames-static/images/70.JPG
3204,http://commondatastorage.googleapis.com/jjgames-static/images/1458.JPG
3205,http://commondatastorage.googleapis.com/jjgames-static/images/2439.JPG
3206,http://commondatastorage.googleapis.com/jjgames-static/images/8065.JPG
3183,http://commondatastorage.googleapis.com/jjgames-static/images/2843.JPG
11204,http://commondatastorage.googleapis.com/jjgames-static/images/7035.JPG
3207,http://commondatastorage.googleapis.com/jjgames-static/images/3891.JPG
3208,http://commondatastorage.googleapis.com/jjgames-static/images/3663.JPG
3209,http://commondatastorage.googleapis.com/jjgames-static/images/2795.JPG
3210,http://commondatastorage.googleapis.com/jjgames-static/images/756.JPG
10590,http://commondatastorage.googleapis.com/jjgames-static/images/8615.JPG
3211,http://commondatastorage.googleapis.com/jjgames-static/images/5055.JPG
3212,http://commondatastorage.googleapis.com/jjgames-static/images/1791.JPG
3507,http://commondatastorage.googleapis.com/jjgames-static/images/636.JPG
3152,http://commondatastorage.googleapis.com/jjgames-static/images/1514.JPG
3508,http://commondatastorage.googleapis.com/jjgames-static/images/2681.JPG
3509,http://commondatastorage.googleapis.com/jjgames-static/images/2954.JPG
3213,http://commondatastorage.googleapis.com/jjgames-static/images/7926.JPG
3510,http://commondatastorage.googleapis.com/jjgames-static/images/2218.JPG
3214,http://commondatastorage.googleapis.com/jjgames-static/images/1362.JPG
3511,http://commondatastorage.googleapis.com/jjgames-static/images/629.JPG
3215,http://commondatastorage.googleapis.com/jjgames-static/images/3476.JPG
3512,http://commondatastorage.googleapis.com/jjgames-static/images/2442.JPG
3216,http://commondatastorage.googleapis.com/jjgames-static/images/4501.JPG
11573,http://commondatastorage.googleapis.com/jjgames-static/images/9131.JPG
3217,http://commondatastorage.googleapis.com/jjgames-static/images/2197.JPG
10743,http://commondatastorage.googleapis.com/jjgames-static/images/5633.JPG
3218,http://commondatastorage.googleapis.com/jjgames-static/images/4478.JPG
3513,http://commondatastorage.googleapis.com/jjgames-static/images/2464.JPG
11300,http://commondatastorage.googleapis.com/jjgames-static/images/8894.JPG
3219,http://commondatastorage.googleapis.com/jjgames-static/images/5695.JPG
3514,http://commondatastorage.googleapis.com/jjgames-static/images/663.JPG
3220,http://commondatastorage.googleapis.com/jjgames-static/images/4350.JPG
3515,http://commondatastorage.googleapis.com/jjgames-static/images/4319.JPG
3221,http://commondatastorage.googleapis.com/jjgames-static/images/2364.JPG
3516,http://commondatastorage.googleapis.com/jjgames-static/images/1456.JPG
3222,http://commondatastorage.googleapis.com/jjgames-static/images/4596.JPG
3517,http://commondatastorage.googleapis.com/jjgames-static/images/767.JPG
3223,http://commondatastorage.googleapis.com/jjgames-static/images/2524.JPG
3518,http://commondatastorage.googleapis.com/jjgames-static/images/2480.JPG
3224,http://commondatastorage.googleapis.com/jjgames-static/images/2162.JPG
3519,http://commondatastorage.googleapis.com/jjgames-static/images/7976.JPG
3225,http://commondatastorage.googleapis.com/jjgames-static/images/2202.JPG
3520,http://commondatastorage.googleapis.com/jjgames-static/images/1793.JPG
3566,http://commondatastorage.googleapis.com/jjgames-static/images/1808.JPG
3226,http://commondatastorage.googleapis.com/jjgames-static/images/709.JPG
3567,http://commondatastorage.googleapis.com/jjgames-static/images/3474.JPG
3227,http://commondatastorage.googleapis.com/jjgames-static/images/2035.JPG
3568,http://commondatastorage.googleapis.com/jjgames-static/images/431.JPG
10415,http://commondatastorage.googleapis.com/jjgames-static/images/7036.JPG
3590,http://commondatastorage.googleapis.com/jjgames-static/images/2958.JPG
3228,http://commondatastorage.googleapis.com/jjgames-static/images/764.JPG
3521,http://commondatastorage.googleapis.com/jjgames-static/images/3413.JPG
10995,http://commondatastorage.googleapis.com/jjgames-static/images/8687.JPG
11457,http://commondatastorage.googleapis.com/jjgames-static/images/9027.JPG
11439,http://commondatastorage.googleapis.com/jjgames-static/images/9015.JPG
3522,http://commondatastorage.googleapis.com/jjgames-static/images/2883.JPG
3229,http://commondatastorage.googleapis.com/jjgames-static/images/2336.JPG
3230,http://commondatastorage.googleapis.com/jjgames-static/images/2675.JPG
3249,http://commondatastorage.googleapis.com/jjgames-static/images/2494.JPG
3231,http://commondatastorage.googleapis.com/jjgames-static/images/5696.JPG
3250,http://commondatastorage.googleapis.com/jjgames-static/images/2638.JPG
3232,http://commondatastorage.googleapis.com/jjgames-static/images/2517.JPG
3251,http://commondatastorage.googleapis.com/jjgames-static/images/4481.JPG
3233,http://commondatastorage.googleapis.com/jjgames-static/images/1566.JPG
3253,http://commondatastorage.googleapis.com/jjgames-static/images/1602.JPG
3234,http://commondatastorage.googleapis.com/jjgames-static/images/3825.JPG
3254,http://commondatastorage.googleapis.com/jjgames-static/images/3060.JPG
3235,http://commondatastorage.googleapis.com/jjgames-static/images/1773.JPG
3255,http://commondatastorage.googleapis.com/jjgames-static/images/3089.JPG
3236,http://commondatastorage.googleapis.com/jjgames-static/images/1795.JPG
21970,http://commondatastorage.googleapis.com/jjgames-static/images/14634.JPG
3237,http://commondatastorage.googleapis.com/jjgames-static/images/101.JPG
3256,http://commondatastorage.googleapis.com/jjgames-static/images/4651.JPG
3238,http://commondatastorage.googleapis.com/jjgames-static/images/105.JPG
16433,http://commondatastorage.googleapis.com/jjgames-static/images/12835.JPG
3239,http://commondatastorage.googleapis.com/jjgames-static/images/2636.JPG
3257,http://commondatastorage.googleapis.com/jjgames-static/images/2759.JPG
3240,http://commondatastorage.googleapis.com/jjgames-static/images/712.JPG
3258,http://commondatastorage.googleapis.com/jjgames-static/images/3111.JPG
3241,http://commondatastorage.googleapis.com/jjgames-static/images/674.JPG
3259,http://commondatastorage.googleapis.com/jjgames-static/images/4321.JPG
3242,http://commondatastorage.googleapis.com/jjgames-static/images/731.JPG
3260,http://commondatastorage.googleapis.com/jjgames-static/images/1688.JPG
3243,http://commondatastorage.googleapis.com/jjgames-static/images/7928.JPG
3261,http://commondatastorage.googleapis.com/jjgames-static/images/2949.JPG
3244,http://commondatastorage.googleapis.com/jjgames-static/images/3749.JPG
3262,http://commondatastorage.googleapis.com/jjgames-static/images/2898.JPG
3245,http://commondatastorage.googleapis.com/jjgames-static/images/4856.JPG
3263,http://commondatastorage.googleapis.com/jjgames-static/images/1667.JPG
3246,http://commondatastorage.googleapis.com/jjgames-static/images/2884.JPG
3264,http://commondatastorage.googleapis.com/jjgames-static/images/117.JPG
3247,http://commondatastorage.googleapis.com/jjgames-static/images/2199.JPG
3265,http://commondatastorage.googleapis.com/jjgames-static/images/2463.JPG
11279,http://commondatastorage.googleapis.com/jjgames-static/images/7174.JPG
3269,http://commondatastorage.googleapis.com/jjgames-static/images/625.JPG
3252,http://commondatastorage.googleapis.com/jjgames-static/images/2449.JPG
11420,http://commondatastorage.googleapis.com/jjgames-static/images/8997.JPG
3248,http://commondatastorage.googleapis.com/jjgames-static/images/3136.JPG
3266,http://commondatastorage.googleapis.com/jjgames-static/images/3750.JPG
3267,http://commondatastorage.googleapis.com/jjgames-static/images/2188.JPG
3271,http://commondatastorage.googleapis.com/jjgames-static/images/722.JPG
3268,http://commondatastorage.googleapis.com/jjgames-static/images/626.JPG
3272,http://commondatastorage.googleapis.com/jjgames-static/images/2186.JPG
3270,http://commondatastorage.googleapis.com/jjgames-static/images/563.JPG
3273,http://commondatastorage.googleapis.com/jjgames-static/images/1783.JPG
11280,http://commondatastorage.googleapis.com/jjgames-static/images/8876.JPG
3294,http://commondatastorage.googleapis.com/jjgames-static/images/2916.JPG
3274,http://commondatastorage.googleapis.com/jjgames-static/images/1589.JPG
3293,http://commondatastorage.googleapis.com/jjgames-static/images/3297.JPG
3275,http://commondatastorage.googleapis.com/jjgames-static/images/132.JPG
11813,http://commondatastorage.googleapis.com/jjgames-static/images/9325.JPG
3303,http://commondatastorage.googleapis.com/jjgames-static/images/1509.JPG
11151,http://commondatastorage.googleapis.com/jjgames-static/images/8783.JPG
3276,http://commondatastorage.googleapis.com/jjgames-static/images/133.JPG
3295,http://commondatastorage.googleapis.com/jjgames-static/images/2046.JPG
3280,http://commondatastorage.googleapis.com/jjgames-static/images/564.JPG
3296,http://commondatastorage.googleapis.com/jjgames-static/images/151.JPG
3281,http://commondatastorage.googleapis.com/jjgames-static/images/3828.JPG
3297,http://commondatastorage.googleapis.com/jjgames-static/images/2438.JPG
3282,http://commondatastorage.googleapis.com/jjgames-static/images/1724.JPG
3298,http://commondatastorage.googleapis.com/jjgames-static/images/2338.JPG
3283,http://commondatastorage.googleapis.com/jjgames-static/images/2036.JPG
11284,http://commondatastorage.googleapis.com/jjgames-static/images/8879.JPG
3284,http://commondatastorage.googleapis.com/jjgames-static/images/2766.JPG
3299,http://commondatastorage.googleapis.com/jjgames-static/images/2462.JPG
3285,http://commondatastorage.googleapis.com/jjgames-static/images/4576.JPG
3300,http://commondatastorage.googleapis.com/jjgames-static/images/2032.JPG
3286,http://commondatastorage.googleapis.com/jjgames-static/images/7461.JPG
3301,http://commondatastorage.googleapis.com/jjgames-static/images/4859.JPG
3287,http://commondatastorage.googleapis.com/jjgames-static/images/2938.JPG
3302,http://commondatastorage.googleapis.com/jjgames-static/images/2755.JPG
3288,http://commondatastorage.googleapis.com/jjgames-static/images/4828.JPG
11057,http://commondatastorage.googleapis.com/jjgames-static/images/8722.JPG
11181,http://commondatastorage.googleapis.com/jjgames-static/images/8805.JPG
3289,http://commondatastorage.googleapis.com/jjgames-static/images/4168.JPG
3304,http://commondatastorage.googleapis.com/jjgames-static/images/688.JPG
3278,http://commondatastorage.googleapis.com/jjgames-static/images/3673.JPG
3277,http://commondatastorage.googleapis.com/jjgames-static/images/2040.JPG
3279,http://commondatastorage.googleapis.com/jjgames-static/images/3396.JPG
14570,http://commondatastorage.googleapis.com/jjgames-static/images/2783.JPG
3290,http://commondatastorage.googleapis.com/jjgames-static/images/2760.JPG
3306,http://commondatastorage.googleapis.com/jjgames-static/images/2145.JPG
3291,http://commondatastorage.googleapis.com/jjgames-static/images/1809.JPG
3307,http://commondatastorage.googleapis.com/jjgames-static/images/164.JPG
3292,http://commondatastorage.googleapis.com/jjgames-static/images/1794.JPG
3308,http://commondatastorage.googleapis.com/jjgames-static/images/3143.JPG
3309,http://commondatastorage.googleapis.com/jjgames-static/images/770.JPG
3312,http://commondatastorage.googleapis.com/jjgames-static/images/2300.JPG
3310,http://commondatastorage.googleapis.com/jjgames-static/images/3294.JPG
3313,http://commondatastorage.googleapis.com/jjgames-static/images/2808.JPG
3311,http://commondatastorage.googleapis.com/jjgames-static/images/2203.JPG
3314,http://commondatastorage.googleapis.com/jjgames-static/images/172.JPG
3331,http://commondatastorage.googleapis.com/jjgames-static/images/192.JPG
3315,http://commondatastorage.googleapis.com/jjgames-static/images/2736.JPG
3332,http://commondatastorage.googleapis.com/jjgames-static/images/1746.JPG
3316,http://commondatastorage.googleapis.com/jjgames-static/images/2335.JPG
3333,http://commondatastorage.googleapis.com/jjgames-static/images/2757.JPG
11152,http://commondatastorage.googleapis.com/jjgames-static/images/8784.JPG
3334,http://commondatastorage.googleapis.com/jjgames-static/images/1780.JPG
11147,http://commondatastorage.googleapis.com/jjgames-static/images/6202.JPG
3339,http://commondatastorage.googleapis.com/jjgames-static/images/2034.JPG
3317,http://commondatastorage.googleapis.com/jjgames-static/images/3341.JPG
3335,http://commondatastorage.googleapis.com/jjgames-static/images/4387.JPG
3318,http://commondatastorage.googleapis.com/jjgames-static/images/3993.JPG
3336,http://commondatastorage.googleapis.com/jjgames-static/images/717.JPG
11146,http://commondatastorage.googleapis.com/jjgames-static/images/7386.JPG
3337,http://commondatastorage.googleapis.com/jjgames-static/images/202.JPG
3320,http://commondatastorage.googleapis.com/jjgames-static/images/637.JPG
3338,http://commondatastorage.googleapis.com/jjgames-static/images/203.JPG
3321,http://commondatastorage.googleapis.com/jjgames-static/images/3595.JPG
3340,http://commondatastorage.googleapis.com/jjgames-static/images/2738.JPG
3322,http://commondatastorage.googleapis.com/jjgames-static/images/2794.JPG
3341,http://commondatastorage.googleapis.com/jjgames-static/images/3594.JPG
3323,http://commondatastorage.googleapis.com/jjgames-static/images/2207.JPG
11706,http://commondatastorage.googleapis.com/jjgames-static/images/9232.JPG
3324,http://commondatastorage.googleapis.com/jjgames-static/images/2114.JPG
11415,http://static.jjgames.com/images/noimage.jpg
3325,http://commondatastorage.googleapis.com/jjgames-static/images/2301.JPG
3342,http://commondatastorage.googleapis.com/jjgames-static/images/1363.JPG
3326,http://commondatastorage.googleapis.com/jjgames-static/images/4260.JPG
3343,http://commondatastorage.googleapis.com/jjgames-static/images/3577.JPG
3327,http://commondatastorage.googleapis.com/jjgames-static/images/4261.JPG
3344,http://commondatastorage.googleapis.com/jjgames-static/images/1427.JPG
3328,http://commondatastorage.googleapis.com/jjgames-static/images/2844.JPG
3345,http://commondatastorage.googleapis.com/jjgames-static/images/3050.JPG
11136,http://commondatastorage.googleapis.com/jjgames-static/images/8772.JPG
11418,http://commondatastorage.googleapis.com/jjgames-static/images/8995.JPG
11556,http://commondatastorage.googleapis.com/jjgames-static/images/9116.JPG
11601,http://commondatastorage.googleapis.com/jjgames-static/images/9153.JPG
11525,http://commondatastorage.googleapis.com/jjgames-static/images/9087.JPG
3329,http://commondatastorage.googleapis.com/jjgames-static/images/1797.JPG
9198,http://commondatastorage.googleapis.com/jjgames-static/images/4717.JPG
3330,http://commondatastorage.googleapis.com/jjgames-static/images/1603.JPG
3347,http://commondatastorage.googleapis.com/jjgames-static/images/1429.JPG
3348,http://commondatastorage.googleapis.com/jjgames-static/images/4244.JPG
3350,http://commondatastorage.googleapis.com/jjgames-static/images/1799.JPG
11281,http://commondatastorage.googleapis.com/jjgames-static/images/5751.JPG
3351,http://commondatastorage.googleapis.com/jjgames-static/images/653.JPG
3349,http://commondatastorage.googleapis.com/jjgames-static/images/4502.JPG
3354,http://commondatastorage.googleapis.com/jjgames-static/images/3674.JPG
3355,http://commondatastorage.googleapis.com/jjgames-static/images/4479.JPG
3417,http://commondatastorage.googleapis.com/jjgames-static/images/793.JPG
11113,http://commondatastorage.googleapis.com/jjgames-static/images/7209.JPG
3366,http://commondatastorage.googleapis.com/jjgames-static/images/4769.JPG
3352,http://commondatastorage.googleapis.com/jjgames-static/images/1425.JPG
3367,http://commondatastorage.googleapis.com/jjgames-static/images/227.JPG
3353,http://commondatastorage.googleapis.com/jjgames-static/images/2103.JPG
3368,http://commondatastorage.googleapis.com/jjgames-static/images/229.JPG
3356,http://commondatastorage.googleapis.com/jjgames-static/images/3092.JPG
3369,http://commondatastorage.googleapis.com/jjgames-static/images/1433.JPG
3357,http://commondatastorage.googleapis.com/jjgames-static/images/2302.JPG
3370,http://commondatastorage.googleapis.com/jjgames-static/images/2422.JPG
3359,http://commondatastorage.googleapis.com/jjgames-static/images/1704.JPG
3371,http://commondatastorage.googleapis.com/jjgames-static/images/2992.JPG
3360,http://commondatastorage.googleapis.com/jjgames-static/images/2756.JPG
3372,http://commondatastorage.googleapis.com/jjgames-static/images/4655.JPG
3361,http://commondatastorage.googleapis.com/jjgames-static/images/713.JPG
3815,http://commondatastorage.googleapis.com/jjgames-static/images/6591.JPG
3362,http://commondatastorage.googleapis.com/jjgames-static/images/1361.JPG
3373,http://commondatastorage.googleapis.com/jjgames-static/images/4882.JPG
3363,http://commondatastorage.googleapis.com/jjgames-static/images/1778.JPG
3374,http://commondatastorage.googleapis.com/jjgames-static/images/1371.JPG
11416,http://commondatastorage.googleapis.com/jjgames-static/images/8993.JPG
3375,http://commondatastorage.googleapis.com/jjgames-static/images/1720.JPG
3364,http://commondatastorage.googleapis.com/jjgames-static/images/223.JPG
18556,http://commondatastorage.googleapis.com/jjgames-static/images/12974.JPG
3387,http://commondatastorage.googleapis.com/jjgames-static/images/7129.JPG
3376,http://commondatastorage.googleapis.com/jjgames-static/images/667.JPG
3406,http://commondatastorage.googleapis.com/jjgames-static/images/1435.JPG
3377,http://commondatastorage.googleapis.com/jjgames-static/images/2041.JPG
3407,http://commondatastorage.googleapis.com/jjgames-static/images/1683.JPG
3378,http://commondatastorage.googleapis.com/jjgames-static/images/2770.JPG
3408,http://commondatastorage.googleapis.com/jjgames-static/images/2792.JPG
3379,http://commondatastorage.googleapis.com/jjgames-static/images/2990.JPG
11456,http://commondatastorage.googleapis.com/jjgames-static/images/9026.JPG
3380,http://commondatastorage.googleapis.com/jjgames-static/images/3411.JPG
11225,http://commondatastorage.googleapis.com/jjgames-static/images/8832.JPG
3381,http://commondatastorage.googleapis.com/jjgames-static/images/3912.JPG
3415,http://commondatastorage.googleapis.com/jjgames-static/images/2399.JPG
3382,http://commondatastorage.googleapis.com/jjgames-static/images/2653.JPG
3416,http://commondatastorage.googleapis.com/jjgames-static/images/2851.JPG
3383,http://commondatastorage.googleapis.com/jjgames-static/images/3028.JPG
3386,http://commondatastorage.googleapis.com/jjgames-static/images/3462.JPG
11507,http://commondatastorage.googleapis.com/jjgames-static/images/9071.JPG
11506,http://commondatastorage.googleapis.com/jjgames-static/images/9070.JPG
3384,http://commondatastorage.googleapis.com/jjgames-static/images/3751.JPG
3388,http://commondatastorage.googleapis.com/jjgames-static/images/3315.JPG
3385,http://commondatastorage.googleapis.com/jjgames-static/images/3091.JPG
3389,http://commondatastorage.googleapis.com/jjgames-static/images/623.JPG
3405,http://commondatastorage.googleapis.com/jjgames-static/images/2459.JPG
3390,http://commondatastorage.googleapis.com/jjgames-static/images/1805.JPG
3409,http://commondatastorage.googleapis.com/jjgames-static/images/1430.JPG
3391,http://commondatastorage.googleapis.com/jjgames-static/images/4904.JPG
10996,http://commondatastorage.googleapis.com/jjgames-static/images/7183.JPG
3392,http://commondatastorage.googleapis.com/jjgames-static/images/2508.JPG
7391,http://commondatastorage.googleapis.com/jjgames-static/images/5278.JPG
3393,http://commondatastorage.googleapis.com/jjgames-static/images/1586.JPG
3410,http://commondatastorage.googleapis.com/jjgames-static/images/2303.JPG
3394,http://commondatastorage.googleapis.com/jjgames-static/images/3552.JPG
3411,http://commondatastorage.googleapis.com/jjgames-static/images/1421.JPG
3395,http://commondatastorage.googleapis.com/jjgames-static/images/3342.JPG
3412,http://commondatastorage.googleapis.com/jjgames-static/images/577.JPG
11580,http://commondatastorage.googleapis.com/jjgames-static/images/9135.JPG
3413,http://commondatastorage.googleapis.com/jjgames-static/images/2838.JPG
3396,http://commondatastorage.googleapis.com/jjgames-static/images/2042.JPG
3414,http://commondatastorage.googleapis.com/jjgames-static/images/3551.JPG
3397,http://commondatastorage.googleapis.com/jjgames-static/images/2211.JPG
3418,http://commondatastorage.googleapis.com/jjgames-static/images/664.JPG
3398,http://commondatastorage.googleapis.com/jjgames-static/images/249.JPG
11143,http://commondatastorage.googleapis.com/jjgames-static/images/8779.JPG
21962,http://commondatastorage.googleapis.com/jjgames-static/images/25803.JPG
3422,http://commondatastorage.googleapis.com/jjgames-static/images/2676.JPG
3399,http://commondatastorage.googleapis.com/jjgames-static/images/2647.JPG
3423,http://commondatastorage.googleapis.com/jjgames-static/images/2072.JPG
11240,http://commondatastorage.googleapis.com/jjgames-static/images/8844.JPG
13256,http://commondatastorage.googleapis.com/jjgames-static/images/9786.JPG
3424,http://commondatastorage.googleapis.com/jjgames-static/images/634.JPG
3400,http://commondatastorage.googleapis.com/jjgames-static/images/2865.JPG
11570,http://commondatastorage.googleapis.com/jjgames-static/images/9128.JPG
3425,http://commondatastorage.googleapis.com/jjgames-static/images/579.JPG
3401,http://commondatastorage.googleapis.com/jjgames-static/images/2071.JPG
3426,http://commondatastorage.googleapis.com/jjgames-static/images/1392.JPG
11135,http://commondatastorage.googleapis.com/jjgames-static/images/8771.JPG
3402,http://commondatastorage.googleapis.com/jjgames-static/images/2737.JPG
3427,http://commondatastorage.googleapis.com/jjgames-static/images/282.JPG
3403,http://commondatastorage.googleapis.com/jjgames-static/images/3397.JPG
11324,http://commondatastorage.googleapis.com/jjgames-static/images/8917.JPG
3428,http://commondatastorage.googleapis.com/jjgames-static/images/774.JPG
3404,http://commondatastorage.googleapis.com/jjgames-static/images/631.JPG
3429,http://commondatastorage.googleapis.com/jjgames-static/images/1801.JPG
3430,http://commondatastorage.googleapis.com/jjgames-static/images/2421.JPG
3433,http://commondatastorage.googleapis.com/jjgames-static/images/711.JPG
3431,http://commondatastorage.googleapis.com/jjgames-static/images/2991.JPG
3434,http://commondatastorage.googleapis.com/jjgames-static/images/2734.JPG
3432,http://commondatastorage.googleapis.com/jjgames-static/images/620.JPG
3436,http://commondatastorage.googleapis.com/jjgames-static/images/3486.JPG
3437,http://commondatastorage.googleapis.com/jjgames-static/images/582.JPG
11242,http://commondatastorage.googleapis.com/jjgames-static/images/6845.JPG
3438,http://commondatastorage.googleapis.com/jjgames-static/images/1682.JPG
3440,http://commondatastorage.googleapis.com/jjgames-static/images/296.JPG
3439,http://commondatastorage.googleapis.com/jjgames-static/images/2398.JPG
3441,http://commondatastorage.googleapis.com/jjgames-static/images/4905.JPG
3435,http://commondatastorage.googleapis.com/jjgames-static/images/2155.JPG
3442,http://commondatastorage.googleapis.com/jjgames-static/images/3082.JPG
3445,http://commondatastorage.googleapis.com/jjgames-static/images/630.JPG
3443,http://commondatastorage.googleapis.com/jjgames-static/images/2069.JPG
3192,http://commondatastorage.googleapis.com/jjgames-static/images/718.JPG
3444,http://commondatastorage.googleapis.com/jjgames-static/images/2657.JPG
3193,http://commondatastorage.googleapis.com/jjgames-static/images/622.JPG
3457,http://commondatastorage.googleapis.com/jjgames-static/images/1455.JPG
3446,http://commondatastorage.googleapis.com/jjgames-static/images/2394.JPG
11675,http://commondatastorage.googleapis.com/jjgames-static/images/6915.JPG
3447,http://commondatastorage.googleapis.com/jjgames-static/images/3487.JPG
3458,http://commondatastorage.googleapis.com/jjgames-static/images/3084.JPG
3448,http://commondatastorage.googleapis.com/jjgames-static/images/2105.JPG
3459,http://commondatastorage.googleapis.com/jjgames-static/images/621.JPG
3449,http://commondatastorage.googleapis.com/jjgames-static/images/719.JPG
14102,http://commondatastorage.googleapis.com/jjgames-static/images/10258.JPG
3450,http://commondatastorage.googleapis.com/jjgames-static/images/2347.JPG
3460,http://commondatastorage.googleapis.com/jjgames-static/images/4615.JPG
3451,http://commondatastorage.googleapis.com/jjgames-static/images/2848.JPG
11529,http://commondatastorage.googleapis.com/jjgames-static/images/9090.JPG
3452,http://commondatastorage.googleapis.com/jjgames-static/images/4127.JPG
3461,http://commondatastorage.googleapis.com/jjgames-static/images/4388.JPG
3453,http://commondatastorage.googleapis.com/jjgames-static/images/1453.JPG
11527,http://commondatastorage.googleapis.com/jjgames-static/images/9088.JPG
3454,http://commondatastorage.googleapis.com/jjgames-static/images/587.JPG
10450,http://commondatastorage.googleapis.com/jjgames-static/images/5573.JPG
3455,http://commondatastorage.googleapis.com/jjgames-static/images/772.JPG
3462,http://commondatastorage.googleapis.com/jjgames-static/images/590.JPG
3456,http://commondatastorage.googleapis.com/jjgames-static/images/1590.JPG
3463,http://commondatastorage.googleapis.com/jjgames-static/images/1391.JPG
3419,http://commondatastorage.googleapis.com/jjgames-static/images/1422.JPG
17617,http://commondatastorage.googleapis.com/jjgames-static/images/12899.JPG
3420,http://commondatastorage.googleapis.com/jjgames-static/images/4491.JPG
3464,http://commondatastorage.googleapis.com/jjgames-static/images/4689.JPG
3421,http://commondatastorage.googleapis.com/jjgames-static/images/4862.JPG
3465,http://commondatastorage.googleapis.com/jjgames-static/images/2896.JPG
14143,http://commondatastorage.googleapis.com/jjgames-static/images/10283.JPG
3467,http://commondatastorage.googleapis.com/jjgames-static/images/318.JPG
3466,http://commondatastorage.googleapis.com/jjgames-static/images/1790.JPG
3469,http://commondatastorage.googleapis.com/jjgames-static/images/7975.JPG
32447,http://commondatastorage.googleapis.com/jjgames-static/images/16609.JPG
11526,http://commondatastorage.googleapis.com/jjgames-static/images/6937.JPG
31312,http://commondatastorage.googleapis.com/jjgames-static/images/25805.JPG
11440,http://commondatastorage.googleapis.com/jjgames-static/images/9016.JPG
3470,http://commondatastorage.googleapis.com/jjgames-static/images/2682.JPG
3487,http://commondatastorage.googleapis.com/jjgames-static/images/1807.JPG
3471,http://commondatastorage.googleapis.com/jjgames-static/images/2816.JPG
3488,http://commondatastorage.googleapis.com/jjgames-static/images/3593.JPG
3472,http://commondatastorage.googleapis.com/jjgames-static/images/591.JPG
3489,http://commondatastorage.googleapis.com/jjgames-static/images/2749.JPG
3473,http://commondatastorage.googleapis.com/jjgames-static/images/2904.JPG
3490,http://commondatastorage.googleapis.com/jjgames-static/images/1701.JPG
3474,http://commondatastorage.googleapis.com/jjgames-static/images/2198.JPG
3491,http://commondatastorage.googleapis.com/jjgames-static/images/351.JPG
3475,http://commondatastorage.googleapis.com/jjgames-static/images/327.JPG
3492,http://commondatastorage.googleapis.com/jjgames-static/images/3412.JPG
11398,http://commondatastorage.googleapis.com/jjgames-static/images/8976.JPG
3476,http://commondatastorage.googleapis.com/jjgames-static/images/2436.JPG
3493,http://commondatastorage.googleapis.com/jjgames-static/images/358.JPG
3477,http://commondatastorage.googleapis.com/jjgames-static/images/5322.JPG
3494,http://commondatastorage.googleapis.com/jjgames-static/images/2807.JPG
3478,http://commondatastorage.googleapis.com/jjgames-static/images/2849.JPG
3495,http://commondatastorage.googleapis.com/jjgames-static/images/2451.JPG
3479,http://commondatastorage.googleapis.com/jjgames-static/images/330.JPG
3496,http://commondatastorage.googleapis.com/jjgames-static/images/4333.JPG
3480,http://commondatastorage.googleapis.com/jjgames-static/images/2444.JPG
3497,http://commondatastorage.googleapis.com/jjgames-static/images/2189.JPG
3481,http://commondatastorage.googleapis.com/jjgames-static/images/2329.JPG
11224,http://commondatastorage.googleapis.com/jjgames-static/images/8831.JPG
15929,http://commondatastorage.googleapis.com/jjgames-static/images/12719.JPG
3498,http://commondatastorage.googleapis.com/jjgames-static/images/4353.JPG
3482,http://commondatastorage.googleapis.com/jjgames-static/images/3021.JPG
3499,http://commondatastorage.googleapis.com/jjgames-static/images/6213.JPG
3483,http://commondatastorage.googleapis.com/jjgames-static/images/2298.JPG
11283,http://commondatastorage.googleapis.com/jjgames-static/images/8878.JPG
19302,http://commondatastorage.googleapis.com/jjgames-static/images/13173.JPG
3500,http://commondatastorage.googleapis.com/jjgames-static/images/1792.JPG
3484,http://commondatastorage.googleapis.com/jjgames-static/images/2953.JPG
3501,http://commondatastorage.googleapis.com/jjgames-static/images/2161.JPG
19304,http://commondatastorage.googleapis.com/jjgames-static/images/13175.JPG
3502,http://commondatastorage.googleapis.com/jjgames-static/images/1507.JPG
3485,http://commondatastorage.googleapis.com/jjgames-static/images/7987.JPG
3503,http://commondatastorage.googleapis.com/jjgames-static/images/763.JPG
3486,http://commondatastorage.googleapis.com/jjgames-static/images/4595.JPG
3504,http://commondatastorage.googleapis.com/jjgames-static/images/2106.JPG
3505,http://commondatastorage.googleapis.com/jjgames-static/images/378.JPG
3523,http://commondatastorage.googleapis.com/jjgames-static/images/1781.JPG
3506,http://commondatastorage.googleapis.com/jjgames-static/images/635.JPG
11674,http://commondatastorage.googleapis.com/jjgames-static/images/5755.JPG
3525,http://commondatastorage.googleapis.com/jjgames-static/images/2458.JPG
3547,http://commondatastorage.googleapis.com/jjgames-static/images/4723.JPG
3526,http://commondatastorage.googleapis.com/jjgames-static/images/402.JPG
3548,http://commondatastorage.googleapis.com/jjgames-static/images/3298.JPG
3527,http://commondatastorage.googleapis.com/jjgames-static/images/3475.JPG
3549,http://commondatastorage.googleapis.com/jjgames-static/images/2170.JPG
3528,http://commondatastorage.googleapis.com/jjgames-static/images/3473.JPG
3550,http://commondatastorage.googleapis.com/jjgames-static/images/7986.JPG
3529,http://commondatastorage.googleapis.com/jjgames-static/images/4751.JPG
3551,http://commondatastorage.googleapis.com/jjgames-static/images/2261.JPG
3530,http://commondatastorage.googleapis.com/jjgames-static/images/2735.JPG
3552,http://commondatastorage.googleapis.com/jjgames-static/images/426.JPG
11059,http://commondatastorage.googleapis.com/jjgames-static/images/8724.JPG
3553,http://commondatastorage.googleapis.com/jjgames-static/images/2327.JPG
3531,http://commondatastorage.googleapis.com/jjgames-static/images/2339.JPG
11370,http://commondatastorage.googleapis.com/jjgames-static/images/8953.JPG
3532,http://commondatastorage.googleapis.com/jjgames-static/images/1784.JPG
3554,http://commondatastorage.googleapis.com/jjgames-static/images/1434.JPG
11210,http://commondatastorage.googleapis.com/jjgames-static/images/8824.JPG
3555,http://commondatastorage.googleapis.com/jjgames-static/images/3090.JPG
3533,http://commondatastorage.googleapis.com/jjgames-static/images/2257.JPG
3556,http://commondatastorage.googleapis.com/jjgames-static/images/2847.JPG
3534,http://commondatastorage.googleapis.com/jjgames-static/images/4291.JPG
13112,http://commondatastorage.googleapis.com/jjgames-static/images/6214.JPG
3537,http://commondatastorage.googleapis.com/jjgames-static/images/614.JPG
3557,http://commondatastorage.googleapis.com/jjgames-static/images/2450.JPG
3538,http://commondatastorage.googleapis.com/jjgames-static/images/732.JPG
3559,http://commondatastorage.googleapis.com/jjgames-static/images/2932.JPG
3539,http://commondatastorage.googleapis.com/jjgames-static/images/1785.JPG
18480,http://commondatastorage.googleapis.com/jjgames-static/images/12915.JPG
3540,http://commondatastorage.googleapis.com/jjgames-static/images/418.JPG
3560,http://commondatastorage.googleapis.com/jjgames-static/images/5076.JPG
3541,http://commondatastorage.googleapis.com/jjgames-static/images/2031.JPG
3561,http://commondatastorage.googleapis.com/jjgames-static/images/5282.JPG
3542,http://commondatastorage.googleapis.com/jjgames-static/images/3030.JPG
3558,http://commondatastorage.googleapis.com/jjgames-static/images/1782.JPG
3543,http://commondatastorage.googleapis.com/jjgames-static/images/2275.JPG
3562,http://commondatastorage.googleapis.com/jjgames-static/images/4128.JPG
3544,http://commondatastorage.googleapis.com/jjgames-static/images/593.JPG
3563,http://commondatastorage.googleapis.com/jjgames-static/images/430.JPG
3545,http://commondatastorage.googleapis.com/jjgames-static/images/4322.JPG
11142,http://commondatastorage.googleapis.com/jjgames-static/images/8778.JPG
3546,http://commondatastorage.googleapis.com/jjgames-static/images/1474.JPG
3564,http://commondatastorage.googleapis.com/jjgames-static/images/3472.JPG
3565,http://commondatastorage.googleapis.com/jjgames-static/images/733.JPG
3575,http://commondatastorage.googleapis.com/jjgames-static/images/2796.JPG
3574,http://commondatastorage.googleapis.com/jjgames-static/images/597.JPG
3569,http://commondatastorage.googleapis.com/jjgames-static/images/762.JPG
3570,http://commondatastorage.googleapis.com/jjgames-static/images/434.JPG
11282,http://commondatastorage.googleapis.com/jjgames-static/images/8877.JPG
3571,http://commondatastorage.googleapis.com/jjgames-static/images/649.JPG
3591,http://commondatastorage.googleapis.com/jjgames-static/images/2768.JPG
3572,http://commondatastorage.googleapis.com/jjgames-static/images/1702.JPG
3593,http://commondatastorage.googleapis.com/jjgames-static/images/4480.JPG
14192,http://commondatastorage.googleapis.com/jjgames-static/images/1432.JPG
3592,http://commondatastorage.googleapis.com/jjgames-static/images/2423.JPG
3573,http://commondatastorage.googleapis.com/jjgames-static/images/437.JPG
3594,http://commondatastorage.googleapis.com/jjgames-static/images/2435.JPG
3576,http://commondatastorage.googleapis.com/jjgames-static/images/2897.JPG
3595,http://commondatastorage.googleapis.com/jjgames-static/images/1457.JPG
3577,http://commondatastorage.googleapis.com/jjgames-static/images/768.JPG
3596,http://commondatastorage.googleapis.com/jjgames-static/images/1776.JPG
3578,http://commondatastorage.googleapis.com/jjgames-static/images/2918.JPG
3579,http://commondatastorage.googleapis.com/jjgames-static/images/4349.JPG
3597,http://commondatastorage.googleapis.com/jjgames-static/images/4320.JPG
3580,http://commondatastorage.googleapis.com/jjgames-static/images/1635.JPG
3598,http://commondatastorage.googleapis.com/jjgames-static/images/1802.JPG
3581,http://commondatastorage.googleapis.com/jjgames-static/images/1459.JPG
3599,http://commondatastorage.googleapis.com/jjgames-static/images/2649.JPG
3582,http://commondatastorage.googleapis.com/jjgames-static/images/1420.JPG
11285,http://commondatastorage.googleapis.com/jjgames-static/images/8880.JPG
3583,http://commondatastorage.googleapis.com/jjgames-static/images/3489.JPG
10908,http://commondatastorage.googleapis.com/jjgames-static/images/5661.JPG
3584,http://commondatastorage.googleapis.com/jjgames-static/images/454.JPG
11183,http://commondatastorage.googleapis.com/jjgames-static/images/8807.JPG
3585,http://commondatastorage.googleapis.com/jjgames-static/images/455.JPG
3600,http://commondatastorage.googleapis.com/jjgames-static/images/469.JPG
3586,http://commondatastorage.googleapis.com/jjgames-static/images/599.JPG
3601,http://commondatastorage.googleapis.com/jjgames-static/images/2033.JPG
10893,http://commondatastorage.googleapis.com/jjgames-static/images/7012.JPG
3602,http://commondatastorage.googleapis.com/jjgames-static/images/1585.JPG
3587,http://commondatastorage.googleapis.com/jjgames-static/images/457.JPG
3603,http://commondatastorage.googleapis.com/jjgames-static/images/3752.JPG
3588,http://commondatastorage.googleapis.com/jjgames-static/images/2176.JPG
3604,http://commondatastorage.googleapis.com/jjgames-static/images/2769.JPG
9905,http://commondatastorage.googleapis.com/jjgames-static/images/8496.JPG
3605,http://commondatastorage.googleapis.com/jjgames-static/images/3085.JPG
3589,http://commondatastorage.googleapis.com/jjgames-static/images/1419.JPG
3667,http://commondatastorage.googleapis.com/jjgames-static/images/1660.JPG
10998,http://commondatastorage.googleapis.com/jjgames-static/images/6778.JPG
3606,http://commondatastorage.googleapis.com/jjgames-static/images/3897.JPG
3524,http://commondatastorage.googleapis.com/jjgames-static/images/1364.JPG
3607,http://commondatastorage.googleapis.com/jjgames-static/images/758.JPG
3535,http://commondatastorage.googleapis.com/jjgames-static/images/1510.JPG
3608,http://commondatastorage.googleapis.com/jjgames-static/images/4030.JPG
3609,http://commondatastorage.googleapis.com/jjgames-static/images/4896.JPG
3536,http://commondatastorage.googleapis.com/jjgames-static/images/410.JPG
3610,http://commondatastorage.googleapis.com/jjgames-static/images/2337.JPG
11137,http://commondatastorage.googleapis.com/jjgames-static/images/8773.JPG
3626,http://commondatastorage.googleapis.com/jjgames-static/images/3662.JPG
3611,http://commondatastorage.googleapis.com/jjgames-static/images/2767.JPG
3627,http://commondatastorage.googleapis.com/jjgames-static/images/1804.JPG
3612,http://commondatastorage.googleapis.com/jjgames-static/images/624.JPG
3628,http://commondatastorage.googleapis.com/jjgames-static/images/2725.JPG
3613,http://commondatastorage.googleapis.com/jjgames-static/images/1679.JPG
3629,http://commondatastorage.googleapis.com/jjgames-static/images/501.JPG
3614,http://commondatastorage.googleapis.com/jjgames-static/images/2420.JPG
3630,http://commondatastorage.googleapis.com/jjgames-static/images/1426.JPG
3615,http://commondatastorage.googleapis.com/jjgames-static/images/3488.JPG
3631,http://commondatastorage.googleapis.com/jjgames-static/images/4865.JPG
3616,http://commondatastorage.googleapis.com/jjgames-static/images/601.JPG
3632,http://commondatastorage.googleapis.com/jjgames-static/images/6373.JPG
3617,http://commondatastorage.googleapis.com/jjgames-static/images/2761.JPG
3633,http://commondatastorage.googleapis.com/jjgames-static/images/602.JPG
3618,http://commondatastorage.googleapis.com/jjgames-static/images/2639.JPG
3634,http://commondatastorage.googleapis.com/jjgames-static/images/2260.JPG
11688,http://commondatastorage.googleapis.com/jjgames-static/images/9216.JPG
3635,http://commondatastorage.googleapis.com/jjgames-static/images/3994.JPG
3619,http://commondatastorage.googleapis.com/jjgames-static/images/2440.JPG
3636,http://commondatastorage.googleapis.com/jjgames-static/images/1508.JPG
3620,http://commondatastorage.googleapis.com/jjgames-static/images/483.JPG
3637,http://commondatastorage.googleapis.com/jjgames-static/images/1554.JPG
3621,http://commondatastorage.googleapis.com/jjgames-static/images/628.JPG
3638,http://commondatastorage.googleapis.com/jjgames-static/images/1491.JPG
3622,http://commondatastorage.googleapis.com/jjgames-static/images/3883.JPG
3639,http://commondatastorage.googleapis.com/jjgames-static/images/2654.JPG
3623,http://commondatastorage.googleapis.com/jjgames-static/images/1803.JPG
7486,http://commondatastorage.googleapis.com/jjgames-static/images/5286.JPG
3624,http://commondatastorage.googleapis.com/jjgames-static/images/2629.JPG
10744,http://commondatastorage.googleapis.com/jjgames-static/images/8620.JPG
11170,http://commondatastorage.googleapis.com/jjgames-static/images/6273.JPG
3640,http://commondatastorage.googleapis.com/jjgames-static/images/2206.JPG
3625,http://commondatastorage.googleapis.com/jjgames-static/images/771.JPG
3652,http://commondatastorage.googleapis.com/jjgames-static/images/2468.JPG
7481,http://commondatastorage.googleapis.com/jjgames-static/images/5333.JPG
3653,http://commondatastorage.googleapis.com/jjgames-static/images/759.JPG
11400,http://commondatastorage.googleapis.com/jjgames-static/images/8978.JPG
3654,http://commondatastorage.googleapis.com/jjgames-static/images/2495.JPG
3641,http://commondatastorage.googleapis.com/jjgames-static/images/1800.JPG
3655,http://commondatastorage.googleapis.com/jjgames-static/images/4275.JPG
3642,http://commondatastorage.googleapis.com/jjgames-static/images/2343.JPG
3656,http://commondatastorage.googleapis.com/jjgames-static/images/539.JPG
3643,http://commondatastorage.googleapis.com/jjgames-static/images/1592.JPG
3657,http://commondatastorage.googleapis.com/jjgames-static/images/1584.JPG
21675,http://static.jjgames.com/images/noimage.jpg
3644,http://commondatastorage.googleapis.com/jjgames-static/images/520.JPG
3645,http://commondatastorage.googleapis.com/jjgames-static/images/522.JPG
32922,http://static.jjgames.com/images/noimage.jpg
3646,http://commondatastorage.googleapis.com/jjgames-static/images/2258.JPG
3669,http://commondatastorage.googleapis.com/jjgames-static/images/633.JPG
3647,http://commondatastorage.googleapis.com/jjgames-static/images/3343.JPG
3670,http://commondatastorage.googleapis.com/jjgames-static/images/4858.JPG
11169,http://commondatastorage.googleapis.com/jjgames-static/images/8795.JPG
3671,http://commondatastorage.googleapis.com/jjgames-static/images/632.JPG
3648,http://commondatastorage.googleapis.com/jjgames-static/images/3664.JPG
21588,http://commondatastorage.googleapis.com/jjgames-static/images/25804.JPG
3649,http://commondatastorage.googleapis.com/jjgames-static/images/2355.JPG
3672,http://commondatastorage.googleapis.com/jjgames-static/images/3029.JPG
3650,http://commondatastorage.googleapis.com/jjgames-static/images/1423.JPG
3673,http://commondatastorage.googleapis.com/jjgames-static/images/1789.JPG
3651,http://commondatastorage.googleapis.com/jjgames-static/images/1786.JPG
3660,http://commondatastorage.googleapis.com/jjgames-static/images/5553.JPG
3661,http://commondatastorage.googleapis.com/jjgames-static/images/2733.JPG
3662,http://commondatastorage.googleapis.com/jjgames-static/images/3810.JPG
3663,http://commondatastorage.googleapis.com/jjgames-static/images/627.JPG
3664,http://commondatastorage.googleapis.com/jjgames-static/images/1689.JPG
3658,http://commondatastorage.googleapis.com/jjgames-static/images/3635.JPG
3659,http://commondatastorage.googleapis.com/jjgames-static/images/2648.JPG
3665,http://commondatastorage.googleapis.com/jjgames-static/images/2201.JPG
3666,http://commondatastorage.googleapis.com/jjgames-static/images/1431.JPG
11199,http://commondatastorage.googleapis.com/jjgames-static/images/8817.JPG
11528,http://commondatastorage.googleapis.com/jjgames-static/images/9089.JPG
3668,http://commondatastorage.googleapis.com/jjgames-static/images/2516.JPG
3305,http://commondatastorage.googleapis.com/jjgames-static/images/2100.JPG
