16747,http://commondatastorage.googleapis.com/jjgames-static/images/26969.JPG
16748,http://commondatastorage.googleapis.com/jjgames-static/images/26970.JPG
16749,http://commondatastorage.googleapis.com/jjgames-static/images/26971.JPG
16750,http://commondatastorage.googleapis.com/jjgames-static/images/26972.JPG
16751,http://commondatastorage.googleapis.com/jjgames-static/images/26973.JPG
16752,http://commondatastorage.googleapis.com/jjgames-static/images/26974.JPG
16753,http://commondatastorage.googleapis.com/jjgames-static/images/26975.JPG
16754,http://commondatastorage.googleapis.com/jjgames-static/images/26976.JPG
16755,images/notfound.jpg
16756,http://commondatastorage.googleapis.com/jjgames-static/images/26978.JPG
16757,http://commondatastorage.googleapis.com/jjgames-static/images/26979.JPG
16758,images/notfound.jpg
16759,http://commondatastorage.googleapis.com/jjgames-static/images/26981.JPG
16760,http://commondatastorage.googleapis.com/jjgames-static/images/26982.JPG
16761,http://commondatastorage.googleapis.com/jjgames-static/images/26983.JPG
16762,http://commondatastorage.googleapis.com/jjgames-static/images/26984.JPG
16763,http://commondatastorage.googleapis.com/jjgames-static/images/26985.JPG
16764,http://commondatastorage.googleapis.com/jjgames-static/images/26986.JPG
16765,http://commondatastorage.googleapis.com/jjgames-static/images/26987.JPG
16766,http://commondatastorage.googleapis.com/jjgames-static/images/26988.JPG
16767,http://commondatastorage.googleapis.com/jjgames-static/images/26989.JPG
33033,http://commondatastorage.googleapis.com/jjgames-static/images/26990.JPG
16768,http://commondatastorage.googleapis.com/jjgames-static/images/26991.JPG
16769,http://commondatastorage.googleapis.com/jjgames-static/images/26992.JPG
16770,images/notfound.jpg
16771,http://commondatastorage.googleapis.com/jjgames-static/images/26994.JPG
16772,http://commondatastorage.googleapis.com/jjgames-static/images/26995.JPG
33026,http://commondatastorage.googleapis.com/jjgames-static/images/26996.JPG
16773,http://commondatastorage.googleapis.com/jjgames-static/images/26997.JPG
16774,http://commondatastorage.googleapis.com/jjgames-static/images/26998.JPG
16775,images/notfound.jpg
16776,http://commondatastorage.googleapis.com/jjgames-static/images/27000.JPG
16778,http://commondatastorage.googleapis.com/jjgames-static/images/27002.JPG
16779,http://commondatastorage.googleapis.com/jjgames-static/images/27003.JPG
16781,images/notfound.jpg
16782,http://commondatastorage.googleapis.com/jjgames-static/images/27005.JPG
16783,http://commondatastorage.googleapis.com/jjgames-static/images/27006.JPG
16784,http://commondatastorage.googleapis.com/jjgames-static/images/27007.JPG
16785,http://commondatastorage.googleapis.com/jjgames-static/images/27008.JPG
16786,http://commondatastorage.googleapis.com/jjgames-static/images/27009.JPG
16787,http://commondatastorage.googleapis.com/jjgames-static/images/27010.JPG
16788,images/notfound.jpg
16789,http://commondatastorage.googleapis.com/jjgames-static/images/27012.JPG
16859,images/notfound.jpg
33001,images/notfound.jpg
16790,http://commondatastorage.googleapis.com/jjgames-static/images/27015.JPG
16791,http://commondatastorage.googleapis.com/jjgames-static/images/27016.JPG
16792,http://commondatastorage.googleapis.com/jjgames-static/images/27017.JPG
16793,http://commondatastorage.googleapis.com/jjgames-static/images/27018.JPG
33014,images/notfound.jpg
33015,images/notfound.jpg
16794,http://commondatastorage.googleapis.com/jjgames-static/images/27021.JPG
16795,http://commondatastorage.googleapis.com/jjgames-static/images/27022.JPG
16796,http://commondatastorage.googleapis.com/jjgames-static/images/27023.JPG
16797,http://commondatastorage.googleapis.com/jjgames-static/images/27024.JPG
16798,images/notfound.jpg
33016,images/notfound.jpg
16799,http://commondatastorage.googleapis.com/jjgames-static/images/27027.JPG
16800,http://commondatastorage.googleapis.com/jjgames-static/images/27028.JPG
16801,http://commondatastorage.googleapis.com/jjgames-static/images/27029.JPG
16802,images/notfound.jpg
33017,/images/notfound.jpg
16803,http://commondatastorage.googleapis.com/jjgames-static/images/27031.JPG
16804,images/notfound.jpg
16805,http://commondatastorage.googleapis.com/jjgames-static/images/27033.JPG
16806,images/notfound.jpg
16807,images/notfound.jpg
16808,http://commondatastorage.googleapis.com/jjgames-static/images/27036.JPG
16809,http://commondatastorage.googleapis.com/jjgames-static/images/27037.JPG
16810,http://commondatastorage.googleapis.com/jjgames-static/images/27038.JPG
16812,images/notfound.jpg
16811,http://commondatastorage.googleapis.com/jjgames-static/images/27039.JPG
16813,http://commondatastorage.googleapis.com/jjgames-static/images/27041.JPG
16815,http://commondatastorage.googleapis.com/jjgames-static/images/27043.JPG
16816,images/notfound.jpg
16817,http://commondatastorage.googleapis.com/jjgames-static/images/27045.JPG
16818,http://commondatastorage.googleapis.com/jjgames-static/images/27046.JPG
16819,http://commondatastorage.googleapis.com/jjgames-static/images/27047.JPG
16820,http://commondatastorage.googleapis.com/jjgames-static/images/27048.JPG
16821,http://commondatastorage.googleapis.com/jjgames-static/images/27049.JPG
33027,http://commondatastorage.googleapis.com/jjgames-static/images/27050.JPG
16822,http://commondatastorage.googleapis.com/jjgames-static/images/27051.JPG
16823,http://commondatastorage.googleapis.com/jjgames-static/images/27052.JPG
16777,images/notfound.jpg
16814,http://commondatastorage.googleapis.com/jjgames-static/images/27042.JPG
33018,http://commondatastorage.googleapis.com/jjgames-static/images/25593.JPG
16824,http://commondatastorage.googleapis.com/jjgames-static/images/27053.JPG
33019,http://commondatastorage.googleapis.com/jjgames-static/images/27064.JPG
16825,http://commondatastorage.googleapis.com/jjgames-static/images/27054.JPG
16834,http://commondatastorage.googleapis.com/jjgames-static/images/27065.JPG
16826,http://commondatastorage.googleapis.com/jjgames-static/images/27055.JPG
16835,http://commondatastorage.googleapis.com/jjgames-static/images/27066.JPG
16827,http://commondatastorage.googleapis.com/jjgames-static/images/27056.JPG
33028,http://commondatastorage.googleapis.com/jjgames-static/images/27057.JPG
16836,images/notfound.jpg
16828,http://commondatastorage.googleapis.com/jjgames-static/images/27058.JPG
16837,http://commondatastorage.googleapis.com/jjgames-static/images/27068.JPG
33020,http://commondatastorage.googleapis.com/jjgames-static/images/27069.JPG
16829,images/notfound.jpg
33029,http://commondatastorage.googleapis.com/jjgames-static/images/27070.JPG
16830,http://commondatastorage.googleapis.com/jjgames-static/images/27060.JPG
16838,images/notfound.jpg
16831,http://commondatastorage.googleapis.com/jjgames-static/images/27061.JPG
32874,/images/notfound.jpg
16832,http://commondatastorage.googleapis.com/jjgames-static/images/27062.JPG
16839,http://commondatastorage.googleapis.com/jjgames-static/images/27072.JPG
16833,http://commondatastorage.googleapis.com/jjgames-static/images/27063.JPG
16840,http://commondatastorage.googleapis.com/jjgames-static/images/27073.JPG
33031,images/notfound.jpg
16780,http://commondatastorage.googleapis.com/jjgames-static/images/27074.JPG
33021,http://commondatastorage.googleapis.com/jjgames-static/images/27087.JPG
33030,http://commondatastorage.googleapis.com/jjgames-static/images/27075.JPG
16850,images/notfound.jpg
16841,images/notfound.jpg
16851,images/notfound.jpg
16842,http://commondatastorage.googleapis.com/jjgames-static/images/27077.JPG
16852,images/notfound.jpg
16843,http://commondatastorage.googleapis.com/jjgames-static/images/27078.JPG
16853,images/notfound.jpg
16844,http://commondatastorage.googleapis.com/jjgames-static/images/27079.JPG
16854,http://commondatastorage.googleapis.com/jjgames-static/images/27092.JPG
32718,images/notfound.jpg
16855,images/notfound.jpg
16845,http://commondatastorage.googleapis.com/jjgames-static/images/27081.JPG
16856,images/notfound.jpg
16846,http://commondatastorage.googleapis.com/jjgames-static/images/27082.JPG
32704,images/notfound.jpg
16847,http://commondatastorage.googleapis.com/jjgames-static/images/27083.JPG
33032,images/notfound.jpg
16848,images/notfound.jpg
16857,http://commondatastorage.googleapis.com/jjgames-static/images/27097.JPG
16849,images/notfound.jpg
16858,http://commondatastorage.googleapis.com/jjgames-static/images/27098.JPG
