12168,http://commondatastorage.googleapis.com/jjgames-static/images/6551.JPG
20126,http://commondatastorage.googleapis.com/jjgames-static/images/27147.JPG
12119,http://commondatastorage.googleapis.com/jjgames-static/images/9404.JPG
19412,http://commondatastorage.googleapis.com/jjgames-static/images/13211.JPG
12175,http://commondatastorage.googleapis.com/jjgames-static/images/6556.JPG
12169,http://commondatastorage.googleapis.com/jjgames-static/images/6552.JPG
11979,http://commondatastorage.googleapis.com/jjgames-static/images/9364.JPG
11980,http://commondatastorage.googleapis.com/jjgames-static/images/9365.JPG
12170,http://commondatastorage.googleapis.com/jjgames-static/images/6780.JPG
8445,http://commondatastorage.googleapis.com/jjgames-static/images/6707.JPG
8469,http://commondatastorage.googleapis.com/jjgames-static/images/8153.JPG
12171,http://commondatastorage.googleapis.com/jjgames-static/images/6466.JPG
8472,http://commondatastorage.googleapis.com/jjgames-static/images/7425.JPG
15741,http://commondatastorage.googleapis.com/jjgames-static/images/12718.JPG
12177,http://commondatastorage.googleapis.com/jjgames-static/images/9388.JPG
8488,http://commondatastorage.googleapis.com/jjgames-static/images/8155.JPG
12172,http://commondatastorage.googleapis.com/jjgames-static/images/9387.JPG
12178,http://commondatastorage.googleapis.com/jjgames-static/images/9389.JPG
12173,http://commondatastorage.googleapis.com/jjgames-static/images/6540.JPG
8491,http://commondatastorage.googleapis.com/jjgames-static/images/6855.JPG
12174,http://commondatastorage.googleapis.com/jjgames-static/images/6757.JPG
16133,http://commondatastorage.googleapis.com/jjgames-static/images/12737.JPG
8451,http://commondatastorage.googleapis.com/jjgames-static/images/6553.JPG
8493,http://commondatastorage.googleapis.com/jjgames-static/images/8156.JPG
8453,http://commondatastorage.googleapis.com/jjgames-static/images/8150.JPG
8495,http://commondatastorage.googleapis.com/jjgames-static/images/6926.JPG
8455,http://commondatastorage.googleapis.com/jjgames-static/images/8261.JPG
12179,http://commondatastorage.googleapis.com/jjgames-static/images/9390.JPG
8456,http://commondatastorage.googleapis.com/jjgames-static/images/8262.JPG
12180,http://commondatastorage.googleapis.com/jjgames-static/images/9391.JPG
8458,http://commondatastorage.googleapis.com/jjgames-static/images/8152.JPG
12181,http://commondatastorage.googleapis.com/jjgames-static/images/6708.JPG
8459,http://commondatastorage.googleapis.com/jjgames-static/images/7228.JPG
12183,http://commondatastorage.googleapis.com/jjgames-static/images/7426.JPG
8460,http://commondatastorage.googleapis.com/jjgames-static/images/8151.JPG
8507,http://commondatastorage.googleapis.com/jjgames-static/images/7505.JPG
8462,http://commondatastorage.googleapis.com/jjgames-static/images/6529.JPG
12184,http://commondatastorage.googleapis.com/jjgames-static/images/6557.JPG
8464,http://commondatastorage.googleapis.com/jjgames-static/images/6781.JPG
12185,http://commondatastorage.googleapis.com/jjgames-static/images/7330.JPG
12176,http://commondatastorage.googleapis.com/jjgames-static/images/6782.JPG
12186,http://commondatastorage.googleapis.com/jjgames-static/images/6942.JPG
8465,http://commondatastorage.googleapis.com/jjgames-static/images/6941.JPG
8527,http://commondatastorage.googleapis.com/jjgames-static/images/7212.JPG
8466,http://commondatastorage.googleapis.com/jjgames-static/images/8154.JPG
16264,http://commondatastorage.googleapis.com/jjgames-static/images/12096.JPG
8468,http://commondatastorage.googleapis.com/jjgames-static/images/6555.JPG
8536,http://commondatastorage.googleapis.com/jjgames-static/images/8157.JPG
8538,http://commondatastorage.googleapis.com/jjgames-static/images/7051.JPG
12199,http://commondatastorage.googleapis.com/jjgames-static/images/6559.JPG
12187,http://commondatastorage.googleapis.com/jjgames-static/images/9393.JPG
8566,http://commondatastorage.googleapis.com/jjgames-static/images/8159.JPG
12188,http://commondatastorage.googleapis.com/jjgames-static/images/6647.JPG
8574,http://commondatastorage.googleapis.com/jjgames-static/images/6929.JPG
8541,http://commondatastorage.googleapis.com/jjgames-static/images/8158.JPG
13844,http://commondatastorage.googleapis.com/jjgames-static/images/6992.JPG
16128,http://commondatastorage.googleapis.com/jjgames-static/images/12732.JPG
8570,http://commondatastorage.googleapis.com/jjgames-static/images/8161.JPG
12189,http://commondatastorage.googleapis.com/jjgames-static/images/9394.JPG
12200,http://commondatastorage.googleapis.com/jjgames-static/images/7529.JPG
12190,http://commondatastorage.googleapis.com/jjgames-static/images/6648.JPG
12201,http://commondatastorage.googleapis.com/jjgames-static/images/9397.JPG
12191,http://commondatastorage.googleapis.com/jjgames-static/images/6927.JPG
8582,http://commondatastorage.googleapis.com/jjgames-static/images/7450.JPG
12192,http://commondatastorage.googleapis.com/jjgames-static/images/6390.JPG
12202,http://commondatastorage.googleapis.com/jjgames-static/images/6560.JPG
12193,http://commondatastorage.googleapis.com/jjgames-static/images/7138.JPG
8586,http://commondatastorage.googleapis.com/jjgames-static/images/6561.JPG
12194,http://commondatastorage.googleapis.com/jjgames-static/images/6928.JPG
8588,http://commondatastorage.googleapis.com/jjgames-static/images/6469.JPG
11981,http://commondatastorage.googleapis.com/jjgames-static/images/6709.JPG
8593,http://commondatastorage.googleapis.com/jjgames-static/images/8162.JPG
16131,http://commondatastorage.googleapis.com/jjgames-static/images/12735.JPG
12203,http://commondatastorage.googleapis.com/jjgames-static/images/9398.JPG
12195,http://commondatastorage.googleapis.com/jjgames-static/images/9395.JPG
12204,http://commondatastorage.googleapis.com/jjgames-static/images/6470.JPG
13109,http://commondatastorage.googleapis.com/jjgames-static/images/9747.JPG
8600,http://commondatastorage.googleapis.com/jjgames-static/images/7140.JPG
8554,http://commondatastorage.googleapis.com/jjgames-static/images/7424.JPG
8603,http://commondatastorage.googleapis.com/jjgames-static/images/8163.JPG
8559,http://commondatastorage.googleapis.com/jjgames-static/images/8263.JPG
12205,http://commondatastorage.googleapis.com/jjgames-static/images/9399.JPG
8560,http://commondatastorage.googleapis.com/jjgames-static/images/7139.JPG
12106,http://commondatastorage.googleapis.com/jjgames-static/images/9400.JPG
11982,http://commondatastorage.googleapis.com/jjgames-static/images/6467.JPG
16129,http://commondatastorage.googleapis.com/jjgames-static/images/12733.JPG
13843,http://commondatastorage.googleapis.com/jjgames-static/images/6991.JPG
12206,http://commondatastorage.googleapis.com/jjgames-static/images/6784.JPG
12198,http://commondatastorage.googleapis.com/jjgames-static/images/6710.JPG
8607,http://commondatastorage.googleapis.com/jjgames-static/images/8164.JPG
8562,http://commondatastorage.googleapis.com/jjgames-static/images/8160.JPG
8606,http://commondatastorage.googleapis.com/jjgames-static/images/6785.JPG
8564,http://commondatastorage.googleapis.com/jjgames-static/images/6468.JPG
12107,http://commondatastorage.googleapis.com/jjgames-static/images/6471.JPG
8565,http://commondatastorage.googleapis.com/jjgames-static/images/6649.JPG
12108,http://commondatastorage.googleapis.com/jjgames-static/images/6930.JPG
12109,http://commondatastorage.googleapis.com/jjgames-static/images/9401.JPG
8683,http://commondatastorage.googleapis.com/jjgames-static/images/8171.JPG
8614,http://commondatastorage.googleapis.com/jjgames-static/images/6396.JPG
12118,http://commondatastorage.googleapis.com/jjgames-static/images/7335.JPG
12110,http://commondatastorage.googleapis.com/jjgames-static/images/6650.JPG
8687,http://commondatastorage.googleapis.com/jjgames-static/images/8172.JPG
8625,http://commondatastorage.googleapis.com/jjgames-static/images/6562.JPG
14928,http://commondatastorage.googleapis.com/jjgames-static/images/12656.JPG
33636,/images/notfound.jpg
8695,http://commondatastorage.googleapis.com/jjgames-static/images/7336.JPG
8627,http://commondatastorage.googleapis.com/jjgames-static/images/8264.JPG
8696,http://commondatastorage.googleapis.com/jjgames-static/images/8173.JPG
8628,http://commondatastorage.googleapis.com/jjgames-static/images/7553.JPG
12120,http://commondatastorage.googleapis.com/jjgames-static/images/6565.JPG
12111,http://commondatastorage.googleapis.com/jjgames-static/images/7056.JPG
12121,http://commondatastorage.googleapis.com/jjgames-static/images/6712.JPG
8632,http://commondatastorage.googleapis.com/jjgames-static/images/8165.JPG
8701,http://commondatastorage.googleapis.com/jjgames-static/images/8174.JPG
8636,http://commondatastorage.googleapis.com/jjgames-static/images/8166.JPG
8702,http://commondatastorage.googleapis.com/jjgames-static/images/6944.JPG
12112,http://commondatastorage.googleapis.com/jjgames-static/images/9402.JPG
12122,http://commondatastorage.googleapis.com/jjgames-static/images/9405.JPG
8643,http://commondatastorage.googleapis.com/jjgames-static/images/8167.JPG
12123,http://commondatastorage.googleapis.com/jjgames-static/images/9406.JPG
8645,http://commondatastorage.googleapis.com/jjgames-static/images/8168.JPG
12124,http://commondatastorage.googleapis.com/jjgames-static/images/9407.JPG
12113,http://commondatastorage.googleapis.com/jjgames-static/images/6563.JPG
8704,http://commondatastorage.googleapis.com/jjgames-static/images/6786.JPG
14930,http://commondatastorage.googleapis.com/jjgames-static/images/12658.JPG
11984,http://commondatastorage.googleapis.com/jjgames-static/images/6652.JPG
11983,http://commondatastorage.googleapis.com/jjgames-static/images/6711.JPG
8706,http://commondatastorage.googleapis.com/jjgames-static/images/6425.JPG
8654,http://commondatastorage.googleapis.com/jjgames-static/images/8169.JPG
12126,http://commondatastorage.googleapis.com/jjgames-static/images/6758.JPG
8658,http://commondatastorage.googleapis.com/jjgames-static/images/7452.JPG
16130,http://commondatastorage.googleapis.com/jjgames-static/images/12734.JPG
8661,http://commondatastorage.googleapis.com/jjgames-static/images/7334.JPG
8713,http://commondatastorage.googleapis.com/jjgames-static/images/7057.JPG
8662,http://commondatastorage.googleapis.com/jjgames-static/images/6761.JPG
8714,http://commondatastorage.googleapis.com/jjgames-static/images/8175.JPG
12114,http://commondatastorage.googleapis.com/jjgames-static/images/6651.JPG
16135,http://commondatastorage.googleapis.com/jjgames-static/images/12739.JPG
12115,http://commondatastorage.googleapis.com/jjgames-static/images/7232.JPG
14927,http://commondatastorage.googleapis.com/jjgames-static/images/12655.JPG
12116,http://commondatastorage.googleapis.com/jjgames-static/images/6472.JPG
8722,http://commondatastorage.googleapis.com/jjgames-static/images/7474.JPG
12117,http://commondatastorage.googleapis.com/jjgames-static/images/9403.JPG
8729,http://commondatastorage.googleapis.com/jjgames-static/images/8176.JPG
12127,http://commondatastorage.googleapis.com/jjgames-static/images/6931.JPG
8794,http://commondatastorage.googleapis.com/jjgames-static/images/8181.JPG
8730,http://commondatastorage.googleapis.com/jjgames-static/images/7528.JPG
8796,http://commondatastorage.googleapis.com/jjgames-static/images/8182.JPG
12128,http://commondatastorage.googleapis.com/jjgames-static/images/7233.JPG
12145,http://commondatastorage.googleapis.com/jjgames-static/images/9416.JPG
12129,http://commondatastorage.googleapis.com/jjgames-static/images/9408.JPG
8801,http://commondatastorage.googleapis.com/jjgames-static/images/8183.JPG
12130,http://commondatastorage.googleapis.com/jjgames-static/images/7216.JPG
8804,http://commondatastorage.googleapis.com/jjgames-static/images/8184.JPG
12131,http://commondatastorage.googleapis.com/jjgames-static/images/6473.JPG
8808,http://commondatastorage.googleapis.com/jjgames-static/images/8185.JPG
12132,http://commondatastorage.googleapis.com/jjgames-static/images/9409.JPG
8810,http://commondatastorage.googleapis.com/jjgames-static/images/6788.JPG
8738,http://commondatastorage.googleapis.com/jjgames-static/images/8177.JPG
12146,http://commondatastorage.googleapis.com/jjgames-static/images/9417.JPG
12133,http://commondatastorage.googleapis.com/jjgames-static/images/7234.JPG
8817,http://commondatastorage.googleapis.com/jjgames-static/images/7453.JPG
12134,http://commondatastorage.googleapis.com/jjgames-static/images/7554.JPG
8818,http://commondatastorage.googleapis.com/jjgames-static/images/7454.JPG
8743,http://commondatastorage.googleapis.com/jjgames-static/images/6932.JPG
12147,http://commondatastorage.googleapis.com/jjgames-static/images/6567.JPG
8747,http://commondatastorage.googleapis.com/jjgames-static/images/7136.JPG
12148,http://commondatastorage.googleapis.com/jjgames-static/images/9418.JPG
8753,http://commondatastorage.googleapis.com/jjgames-static/images/8178.JPG
12149,http://commondatastorage.googleapis.com/jjgames-static/images/9419.JPG
12135,http://commondatastorage.googleapis.com/jjgames-static/images/6398.JPG
12150,http://commondatastorage.googleapis.com/jjgames-static/images/6856.JPG
12136,http://commondatastorage.googleapis.com/jjgames-static/images/9410.JPG
12151,http://commondatastorage.googleapis.com/jjgames-static/images/7235.JPG
12137,http://commondatastorage.googleapis.com/jjgames-static/images/9411.JPG
8836,http://commondatastorage.googleapis.com/jjgames-static/images/8186.JPG
12138,http://commondatastorage.googleapis.com/jjgames-static/images/9412.JPG
12152,http://commondatastorage.googleapis.com/jjgames-static/images/6568.JPG
12139,http://commondatastorage.googleapis.com/jjgames-static/images/6474.JPG
12153,http://commondatastorage.googleapis.com/jjgames-static/images/7475.JPG
12140,http://commondatastorage.googleapis.com/jjgames-static/images/9413.JPG
12154,http://commondatastorage.googleapis.com/jjgames-static/images/7339.JPG
8764,http://commondatastorage.googleapis.com/jjgames-static/images/8179.JPG
12155,http://commondatastorage.googleapis.com/jjgames-static/images/7422.JPG
12142,http://commondatastorage.googleapis.com/jjgames-static/images/9415.JPG
12156,http://commondatastorage.googleapis.com/jjgames-static/images/6789.JPG
12143,http://commondatastorage.googleapis.com/jjgames-static/images/7338.JPG
16134,http://commondatastorage.googleapis.com/jjgames-static/images/12738.JPG
8786,http://commondatastorage.googleapis.com/jjgames-static/images/8180.JPG
12157,http://commondatastorage.googleapis.com/jjgames-static/images/6790.JPG
12144,http://commondatastorage.googleapis.com/jjgames-static/images/6399.JPG
8841,http://commondatastorage.googleapis.com/jjgames-static/images/7455.JPG
12158,http://commondatastorage.googleapis.com/jjgames-static/images/7060.JPG
8868,http://commondatastorage.googleapis.com/jjgames-static/images/7458.JPG
12159,http://commondatastorage.googleapis.com/jjgames-static/images/6569.JPG
8869,http://commondatastorage.googleapis.com/jjgames-static/images/8187.JPG
12160,http://commondatastorage.googleapis.com/jjgames-static/images/7476.JPG
21196,http://commondatastorage.googleapis.com/jjgames-static/images/25807.JPG
12161,http://commondatastorage.googleapis.com/jjgames-static/images/6946.JPG
12217,http://commondatastorage.googleapis.com/jjgames-static/images/9420.JPG
21555,/images/notfound.jpg
16132,http://commondatastorage.googleapis.com/jjgames-static/images/12736.JPG
11985,http://commondatastorage.googleapis.com/jjgames-static/images/6714.JPG
12218,http://commondatastorage.googleapis.com/jjgames-static/images/6401.JPG
12163,http://commondatastorage.googleapis.com/jjgames-static/images/6475.JPG
30823,/images/notfound.jpg
12164,http://commondatastorage.googleapis.com/jjgames-static/images/6476.JPG
12219,http://commondatastorage.googleapis.com/jjgames-static/images/6572.JPG
11986,http://commondatastorage.googleapis.com/jjgames-static/images/7061.JPG
8878,http://commondatastorage.googleapis.com/jjgames-static/images/8189.JPG
11987,http://commondatastorage.googleapis.com/jjgames-static/images/7236.JPG
34156,http://commondatastorage.googleapis.com/jjgames-static/images/26598.JPG
12167,http://commondatastorage.googleapis.com/jjgames-static/images/7237.JPG
12220,http://commondatastorage.googleapis.com/jjgames-static/images/9421.JPG
12207,http://commondatastorage.googleapis.com/jjgames-static/images/6947.JPG
12221,http://commondatastorage.googleapis.com/jjgames-static/images/6794.JPG
12208,http://commondatastorage.googleapis.com/jjgames-static/images/6477.JPG
12222,http://commondatastorage.googleapis.com/jjgames-static/images/9422.JPG
12209,http://commondatastorage.googleapis.com/jjgames-static/images/6887.JPG
8889,http://commondatastorage.googleapis.com/jjgames-static/images/8190.JPG
11988,http://commondatastorage.googleapis.com/jjgames-static/images/6570.JPG
11989,http://commondatastorage.googleapis.com/jjgames-static/images/9366.JPG
12210,http://commondatastorage.googleapis.com/jjgames-static/images/7423.JPG
8906,http://commondatastorage.googleapis.com/jjgames-static/images/6795.JPG
12211,http://commondatastorage.googleapis.com/jjgames-static/images/7477.JPG
30844,/images/notfound.jpg
12212,http://commondatastorage.googleapis.com/jjgames-static/images/7217.JPG
11990,http://commondatastorage.googleapis.com/jjgames-static/images/6402.JPG
8859,http://commondatastorage.googleapis.com/jjgames-static/images/6571.JPG
12223,http://commondatastorage.googleapis.com/jjgames-static/images/9423.JPG
8864,http://commondatastorage.googleapis.com/jjgames-static/images/8188.JPG
8928,http://commondatastorage.googleapis.com/jjgames-static/images/6732.JPG
12213,http://commondatastorage.googleapis.com/jjgames-static/images/6912.JPG
19760,http://commondatastorage.googleapis.com/jjgames-static/images/13652.JPG
12214,http://commondatastorage.googleapis.com/jjgames-static/images/6400.JPG
8929,http://commondatastorage.googleapis.com/jjgames-static/images/8191.JPG
12216,http://commondatastorage.googleapis.com/jjgames-static/images/6478.JPG
8935,http://commondatastorage.googleapis.com/jjgames-static/images/8192.JPG
12215,http://commondatastorage.googleapis.com/jjgames-static/images/7457.JPG
12224,http://commondatastorage.googleapis.com/jjgames-static/images/9424.JPG
20424,http://commondatastorage.googleapis.com/jjgames-static/images/16610.JPG
12237,http://commondatastorage.googleapis.com/jjgames-static/images/6479.JPG
12225,http://commondatastorage.googleapis.com/jjgames-static/images/9507.JPG
12238,http://commondatastorage.googleapis.com/jjgames-static/images/6480.JPG
12226,http://commondatastorage.googleapis.com/jjgames-static/images/6948.JPG
12239,http://commondatastorage.googleapis.com/jjgames-static/images/9431.JPG
8939,http://commondatastorage.googleapis.com/jjgames-static/images/6949.JPG
12240,http://commondatastorage.googleapis.com/jjgames-static/images/9432.JPG
12227,http://commondatastorage.googleapis.com/jjgames-static/images/6654.JPG
9034,http://commondatastorage.googleapis.com/jjgames-static/images/8195.JPG
13717,http://commondatastorage.googleapis.com/jjgames-static/images/6528.JPG
32330,/images/notfound.jpg
8948,http://commondatastorage.googleapis.com/jjgames-static/images/7459.JPG
11991,http://commondatastorage.googleapis.com/jjgames-static/images/7345.JPG
8949,http://commondatastorage.googleapis.com/jjgames-static/images/7460.JPG
12242,http://commondatastorage.googleapis.com/jjgames-static/images/9433.JPG
8950,http://commondatastorage.googleapis.com/jjgames-static/images/6574.JPG
13192,http://commondatastorage.googleapis.com/jjgames-static/images/6576.JPG
8970,http://commondatastorage.googleapis.com/jjgames-static/images/6950.JPG
9012,http://commondatastorage.googleapis.com/jjgames-static/images/7462.JPG
8975,http://commondatastorage.googleapis.com/jjgames-static/images/7063.JPG
12243,http://commondatastorage.googleapis.com/jjgames-static/images/6953.JPG
12229,http://commondatastorage.googleapis.com/jjgames-static/images/9426.JPG
9013,http://commondatastorage.googleapis.com/jjgames-static/images/6405.JPG
12230,http://commondatastorage.googleapis.com/jjgames-static/images/9427.JPG
9018,http://commondatastorage.googleapis.com/jjgames-static/images/8196.JPG
12231,http://commondatastorage.googleapis.com/jjgames-static/images/9428.JPG
12244,http://commondatastorage.googleapis.com/jjgames-static/images/6655.JPG
8976,http://commondatastorage.googleapis.com/jjgames-static/images/8193.JPG
9025,http://commondatastorage.googleapis.com/jjgames-static/images/8197.JPG
12232,http://commondatastorage.googleapis.com/jjgames-static/images/9429.JPG
9029,http://commondatastorage.googleapis.com/jjgames-static/images/8199.JPG
12233,http://commondatastorage.googleapis.com/jjgames-static/images/9430.JPG
12245,http://commondatastorage.googleapis.com/jjgames-static/images/6577.JPG
8981,http://commondatastorage.googleapis.com/jjgames-static/images/8194.JPG
9032,http://commondatastorage.googleapis.com/jjgames-static/images/8198.JPG
13107,http://commondatastorage.googleapis.com/jjgames-static/images/9745.JPG
11992,http://commondatastorage.googleapis.com/jjgames-static/images/6481.JPG
8983,http://commondatastorage.googleapis.com/jjgames-static/images/6575.JPG
9033,http://commondatastorage.googleapis.com/jjgames-static/images/6954.JPG
12234,http://commondatastorage.googleapis.com/jjgames-static/images/6951.JPG
12247,http://commondatastorage.googleapis.com/jjgames-static/images/6578.JPG
12235,http://commondatastorage.googleapis.com/jjgames-static/images/6952.JPG
12248,http://commondatastorage.googleapis.com/jjgames-static/images/9434.JPG
14550,http://commondatastorage.googleapis.com/jjgames-static/images/10481.JPG
9039,http://commondatastorage.googleapis.com/jjgames-static/images/8200.JPG
12236,http://commondatastorage.googleapis.com/jjgames-static/images/6888.JPG
12249,http://commondatastorage.googleapis.com/jjgames-static/images/7555.JPG
9042,http://commondatastorage.googleapis.com/jjgames-static/images/8201.JPG
9113,http://commondatastorage.googleapis.com/jjgames-static/images/8209.JPG
9045,http://commondatastorage.googleapis.com/jjgames-static/images/8202.JPG
12262,http://commondatastorage.googleapis.com/jjgames-static/images/6483.JPG
9050,http://commondatastorage.googleapis.com/jjgames-static/images/6656.JPG
9115,http://commondatastorage.googleapis.com/jjgames-static/images/8210.JPG
9051,http://commondatastorage.googleapis.com/jjgames-static/images/8203.JPG
9117,http://commondatastorage.googleapis.com/jjgames-static/images/6581.JPG
12250,http://commondatastorage.googleapis.com/jjgames-static/images/6889.JPG
9119,http://commondatastorage.googleapis.com/jjgames-static/images/6658.JPG
12251,http://commondatastorage.googleapis.com/jjgames-static/images/6579.JPG
30819,http://commondatastorage.googleapis.com/jjgames-static/images/25810.JPG
11993,http://commondatastorage.googleapis.com/jjgames-static/images/6715.JPG
9121,http://commondatastorage.googleapis.com/jjgames-static/images/6956.JPG
9063,http://commondatastorage.googleapis.com/jjgames-static/images/8204.JPG
12263,http://commondatastorage.googleapis.com/jjgames-static/images/6797.JPG
9068,http://commondatastorage.googleapis.com/jjgames-static/images/8205.JPG
14931,http://commondatastorage.googleapis.com/jjgames-static/images/12659.JPG
12252,http://commondatastorage.googleapis.com/jjgames-static/images/6482.JPG
9132,http://commondatastorage.googleapis.com/jjgames-static/images/8211.JPG
12253,http://commondatastorage.googleapis.com/jjgames-static/images/6657.JPG
9133,http://commondatastorage.googleapis.com/jjgames-static/images/7068.JPG
12254,http://commondatastorage.googleapis.com/jjgames-static/images/7238.JPG
12264,http://commondatastorage.googleapis.com/jjgames-static/images/7351.JPG
12255,http://commondatastorage.googleapis.com/jjgames-static/images/9435.JPG
11994,http://commondatastorage.googleapis.com/jjgames-static/images/9367.JPG
12256,http://commondatastorage.googleapis.com/jjgames-static/images/6934.JPG
11995,http://commondatastorage.googleapis.com/jjgames-static/images/6583.JPG
12257,http://commondatastorage.googleapis.com/jjgames-static/images/6716.JPG
12265,http://commondatastorage.googleapis.com/jjgames-static/images/6660.JPG
12258,http://commondatastorage.googleapis.com/jjgames-static/images/6580.JPG
12266,http://commondatastorage.googleapis.com/jjgames-static/images/7527.JPG
21045,/images/notfound.jpg
12267,http://commondatastorage.googleapis.com/jjgames-static/images/9439.JPG
16172,http://commondatastorage.googleapis.com/jjgames-static/images/12744.JPG
12268,http://commondatastorage.googleapis.com/jjgames-static/images/9440.JPG
9088,http://commondatastorage.googleapis.com/jjgames-static/images/8206.JPG
9138,http://commondatastorage.googleapis.com/jjgames-static/images/7352.JPG
12259,http://commondatastorage.googleapis.com/jjgames-static/images/9436.JPG
12269,http://commondatastorage.googleapis.com/jjgames-static/images/9441.JPG
9097,http://commondatastorage.googleapis.com/jjgames-static/images/8207.JPG
9143,http://commondatastorage.googleapis.com/jjgames-static/images/8265.JPG
12260,http://commondatastorage.googleapis.com/jjgames-static/images/9437.JPG
12270,http://commondatastorage.googleapis.com/jjgames-static/images/9442.JPG
12261,http://commondatastorage.googleapis.com/jjgames-static/images/9438.JPG
30748,/images/notfound.jpg
9109,http://commondatastorage.googleapis.com/jjgames-static/images/8208.JPG
12271,http://commondatastorage.googleapis.com/jjgames-static/images/6890.JPG
12272,http://commondatastorage.googleapis.com/jjgames-static/images/7069.JPG
9204,http://commondatastorage.googleapis.com/jjgames-static/images/8213.JPG
12274,http://commondatastorage.googleapis.com/jjgames-static/images/6798.JPG
12287,http://commondatastorage.googleapis.com/jjgames-static/images/9447.JPG
12273,http://commondatastorage.googleapis.com/jjgames-static/images/7219.JPG
11996,http://commondatastorage.googleapis.com/jjgames-static/images/7070.JPG
12275,http://commondatastorage.googleapis.com/jjgames-static/images/9443.JPG
9205,http://commondatastorage.googleapis.com/jjgames-static/images/8214.JPG
9155,http://commondatastorage.googleapis.com/jjgames-static/images/6426.JPG
12288,http://commondatastorage.googleapis.com/jjgames-static/images/7239.JPG
12276,http://commondatastorage.googleapis.com/jjgames-static/images/6584.JPG
12289,http://commondatastorage.googleapis.com/jjgames-static/images/7071.JPG
12277,http://commondatastorage.googleapis.com/jjgames-static/images/9444.JPG
16437,http://commondatastorage.googleapis.com/jjgames-static/images/12839.JPG
9161,http://commondatastorage.googleapis.com/jjgames-static/images/6958.JPG
12290,http://commondatastorage.googleapis.com/jjgames-static/images/7240.JPG
12278,http://commondatastorage.googleapis.com/jjgames-static/images/6661.JPG
9212,http://commondatastorage.googleapis.com/jjgames-static/images/8215.JPG
9169,http://commondatastorage.googleapis.com/jjgames-static/images/6717.JPG
12291,http://commondatastorage.googleapis.com/jjgames-static/images/6800.JPG
9170,http://commondatastorage.googleapis.com/jjgames-static/images/6718.JPG
12292,http://commondatastorage.googleapis.com/jjgames-static/images/6719.JPG
9172,http://commondatastorage.googleapis.com/jjgames-static/images/7556.JPG
9213,http://commondatastorage.googleapis.com/jjgames-static/images/6486.JPG
9176,http://commondatastorage.googleapis.com/jjgames-static/images/8266.JPG
12293,http://commondatastorage.googleapis.com/jjgames-static/images/7463.JPG
9177,http://commondatastorage.googleapis.com/jjgames-static/images/8212.JPG
12294,http://commondatastorage.googleapis.com/jjgames-static/images/9448.JPG
9179,http://commondatastorage.googleapis.com/jjgames-static/images/6585.JPG
12295,http://commondatastorage.googleapis.com/jjgames-static/images/7072.JPG
12279,http://commondatastorage.googleapis.com/jjgames-static/images/9445.JPG
12296,http://commondatastorage.googleapis.com/jjgames-static/images/6487.JPG
12280,http://commondatastorage.googleapis.com/jjgames-static/images/6586.JPG
12297,http://commondatastorage.googleapis.com/jjgames-static/images/9449.JPG
12281,http://commondatastorage.googleapis.com/jjgames-static/images/9446.JPG
12298,http://commondatastorage.googleapis.com/jjgames-static/images/9450.JPG
12282,http://commondatastorage.googleapis.com/jjgames-static/images/6530.JPG
9217,http://commondatastorage.googleapis.com/jjgames-static/images/8216.JPG
12283,http://commondatastorage.googleapis.com/jjgames-static/images/6799.JPG
12299,http://commondatastorage.googleapis.com/jjgames-static/images/6643.JPG
9190,http://commondatastorage.googleapis.com/jjgames-static/images/6484.JPG
9219,http://commondatastorage.googleapis.com/jjgames-static/images/8217.JPG
12284,http://commondatastorage.googleapis.com/jjgames-static/images/6485.JPG
12300,http://commondatastorage.googleapis.com/jjgames-static/images/6408.JPG
12285,http://commondatastorage.googleapis.com/jjgames-static/images/6587.JPG
9242,http://commondatastorage.googleapis.com/jjgames-static/images/8218.JPG
12286,http://commondatastorage.googleapis.com/jjgames-static/images/6588.JPG
9222,http://commondatastorage.googleapis.com/jjgames-static/images/6488.JPG
19472,http://commondatastorage.googleapis.com/jjgames-static/images/13219.JPG
9260,http://commondatastorage.googleapis.com/jjgames-static/images/6721.JPG
9224,http://commondatastorage.googleapis.com/jjgames-static/images/8219.JPG
9307,http://commondatastorage.googleapis.com/jjgames-static/images/7126.JPG
12301,http://commondatastorage.googleapis.com/jjgames-static/images/9451.JPG
9387,http://commondatastorage.googleapis.com/jjgames-static/images/6411.JPG
12302,http://commondatastorage.googleapis.com/jjgames-static/images/9452.JPG
12312,http://commondatastorage.googleapis.com/jjgames-static/images/6598.JPG
12303,http://commondatastorage.googleapis.com/jjgames-static/images/6427.JPG
11999,http://commondatastorage.googleapis.com/jjgames-static/images/6590.JPG
11997,http://commondatastorage.googleapis.com/jjgames-static/images/6891.JPG
12313,http://commondatastorage.googleapis.com/jjgames-static/images/7210.JPG
9236,http://commondatastorage.googleapis.com/jjgames-static/images/6489.JPG
9275,http://commondatastorage.googleapis.com/jjgames-static/images/8222.JPG
12304,http://commondatastorage.googleapis.com/jjgames-static/images/6858.JPG
12314,http://commondatastorage.googleapis.com/jjgames-static/images/7466.JPG
12305,http://commondatastorage.googleapis.com/jjgames-static/images/7464.JPG
12315,http://commondatastorage.googleapis.com/jjgames-static/images/7551.JPG
9240,http://commondatastorage.googleapis.com/jjgames-static/images/7465.JPG
12316,http://commondatastorage.googleapis.com/jjgames-static/images/9457.JPG
9245,http://commondatastorage.googleapis.com/jjgames-static/images/6960.JPG
12317,http://commondatastorage.googleapis.com/jjgames-static/images/6491.JPG
12306,http://commondatastorage.googleapis.com/jjgames-static/images/9453.JPG
13766,http://commondatastorage.googleapis.com/jjgames-static/images/6701.JPG
12307,http://commondatastorage.googleapis.com/jjgames-static/images/9454.JPG
12319,http://commondatastorage.googleapis.com/jjgames-static/images/6593.JPG
12308,http://commondatastorage.googleapis.com/jjgames-static/images/7421.JPG
12000,http://commondatastorage.googleapis.com/jjgames-static/images/6594.JPG
9248,http://commondatastorage.googleapis.com/jjgames-static/images/6589.JPG
9287,http://commondatastorage.googleapis.com/jjgames-static/images/8224.JPG
9249,http://commondatastorage.googleapis.com/jjgames-static/images/6490.JPG
9289,http://commondatastorage.googleapis.com/jjgames-static/images/8223.JPG
12309,http://commondatastorage.googleapis.com/jjgames-static/images/6703.JPG
12321,http://commondatastorage.googleapis.com/jjgames-static/images/9458.JPG
21862,/images/notfound.jpg
14925,http://commondatastorage.googleapis.com/jjgames-static/images/10589.JPG
9250,http://commondatastorage.googleapis.com/jjgames-static/images/8220.JPG
12322,http://commondatastorage.googleapis.com/jjgames-static/images/7557.JPG
22049,/images/notfound.jpg
9314,http://commondatastorage.googleapis.com/jjgames-static/images/6595.JPG
11998,http://commondatastorage.googleapis.com/jjgames-static/images/6720.JPG
12323,http://commondatastorage.googleapis.com/jjgames-static/images/6961.JPG
9253,http://commondatastorage.googleapis.com/jjgames-static/images/8221.JPG
9315,http://commondatastorage.googleapis.com/jjgames-static/images/6962.JPG
12310,http://commondatastorage.googleapis.com/jjgames-static/images/9455.JPG
12324,http://commondatastorage.googleapis.com/jjgames-static/images/6760.JPG
12311,http://commondatastorage.googleapis.com/jjgames-static/images/9456.JPG
9316,http://commondatastorage.googleapis.com/jjgames-static/images/8225.JPG
9317,http://commondatastorage.googleapis.com/jjgames-static/images/6963.JPG
12337,http://commondatastorage.googleapis.com/jjgames-static/images/7132.JPG
34155,http://commondatastorage.googleapis.com/jjgames-static/images/27146.JPG
31608,/images/notfound.jpg
16294,http://commondatastorage.googleapis.com/jjgames-static/images/12777.JPG
19303,http://commondatastorage.googleapis.com/jjgames-static/images/13174.JPG
12325,http://commondatastorage.googleapis.com/jjgames-static/images/9459.JPG
9358,http://commondatastorage.googleapis.com/jjgames-static/images/6754.JPG
12326,http://commondatastorage.googleapis.com/jjgames-static/images/9460.JPG
9366,http://commondatastorage.googleapis.com/jjgames-static/images/6662.JPG
12327,http://commondatastorage.googleapis.com/jjgames-static/images/9461.JPG
12338,http://commondatastorage.googleapis.com/jjgames-static/images/6806.JPG
12328,http://commondatastorage.googleapis.com/jjgames-static/images/9462.JPG
12339,http://commondatastorage.googleapis.com/jjgames-static/images/9465.JPG
12329,http://commondatastorage.googleapis.com/jjgames-static/images/6410.JPG
12340,http://commondatastorage.googleapis.com/jjgames-static/images/9466.JPG
12330,http://commondatastorage.googleapis.com/jjgames-static/images/9463.JPG
21116,http://commondatastorage.googleapis.com/jjgames-static/images/25590.JPG
12331,http://commondatastorage.googleapis.com/jjgames-static/images/6804.JPG
9377,http://commondatastorage.googleapis.com/jjgames-static/images/8231.JPG
9331,http://commondatastorage.googleapis.com/jjgames-static/images/6492.JPG
15976,http://commondatastorage.googleapis.com/jjgames-static/images/12721.JPG
12332,http://commondatastorage.googleapis.com/jjgames-static/images/9464.JPG
9382,http://commondatastorage.googleapis.com/jjgames-static/images/6807.JPG
9337,http://commondatastorage.googleapis.com/jjgames-static/images/6493.JPG
30883,http://commondatastorage.googleapis.com/jjgames-static/images/15148.JPG
9338,http://commondatastorage.googleapis.com/jjgames-static/images/8226.JPG
12341,http://commondatastorage.googleapis.com/jjgames-static/images/9467.JPG
9339,http://commondatastorage.googleapis.com/jjgames-static/images/8227.JPG
9390,http://commondatastorage.googleapis.com/jjgames-static/images/8232.JPG
12333,http://commondatastorage.googleapis.com/jjgames-static/images/7355.JPG
14929,http://commondatastorage.googleapis.com/jjgames-static/images/12657.JPG
12334,http://commondatastorage.googleapis.com/jjgames-static/images/7241.JPG
12342,http://commondatastorage.googleapis.com/jjgames-static/images/6965.JPG
9349,http://commondatastorage.googleapis.com/jjgames-static/images/8228.JPG
12343,http://commondatastorage.googleapis.com/jjgames-static/images/7078.JPG
12002,http://commondatastorage.googleapis.com/jjgames-static/images/7074.JPG
16388,http://commondatastorage.googleapis.com/jjgames-static/images/12077.JPG
9351,http://commondatastorage.googleapis.com/jjgames-static/images/8229.JPG
16389,http://commondatastorage.googleapis.com/jjgames-static/images/12078.JPG
12001,http://commondatastorage.googleapis.com/jjgames-static/images/6596.JPG
21587,/images/notfound.jpg
12336,http://commondatastorage.googleapis.com/jjgames-static/images/6964.JPG
9449,http://commondatastorage.googleapis.com/jjgames-static/images/6872.JPG
12003,http://commondatastorage.googleapis.com/jjgames-static/images/6597.JPG
19364,http://commondatastorage.googleapis.com/jjgames-static/images/13140.JPG
9355,http://commondatastorage.googleapis.com/jjgames-static/images/8230.JPG
9459,http://commondatastorage.googleapis.com/jjgames-static/images/8233.JPG
9483,http://commondatastorage.googleapis.com/jjgames-static/images/8234.JPG
9487,http://commondatastorage.googleapis.com/jjgames-static/images/8235.JPG
9516,http://commondatastorage.googleapis.com/jjgames-static/images/6415.JPG
19390,http://commondatastorage.googleapis.com/jjgames-static/images/13205.JPG
12344,http://commondatastorage.googleapis.com/jjgames-static/images/6413.JPG
12350,http://commondatastorage.googleapis.com/jjgames-static/images/6419.JPG
9488,http://commondatastorage.googleapis.com/jjgames-static/images/6722.JPG
9518,http://commondatastorage.googleapis.com/jjgames-static/images/6495.JPG
12004,http://commondatastorage.googleapis.com/jjgames-static/images/6968.JPG
30882,http://commondatastorage.googleapis.com/jjgames-static/images/15147.JPG
9490,http://commondatastorage.googleapis.com/jjgames-static/images/7079.JPG
12351,http://commondatastorage.googleapis.com/jjgames-static/images/7133.JPG
12345,http://commondatastorage.googleapis.com/jjgames-static/images/9468.JPG
16126,http://commondatastorage.googleapis.com/jjgames-static/images/12095.JPG
19387,http://commondatastorage.googleapis.com/jjgames-static/images/13202.JPG
9523,http://commondatastorage.googleapis.com/jjgames-static/images/8236.JPG
34874,http://commondatastorage.googleapis.com/jjgames-static/images/27222.JPG
9528,http://commondatastorage.googleapis.com/jjgames-static/images/6599.JPG
13743,http://commondatastorage.googleapis.com/jjgames-static/images/6412.JPG
9530,http://commondatastorage.googleapis.com/jjgames-static/images/7220.JPG
13746,http://commondatastorage.googleapis.com/jjgames-static/images/6550.JPG
14932,http://commondatastorage.googleapis.com/jjgames-static/images/12660.JPG
13805,http://commondatastorage.googleapis.com/jjgames-static/images/6853.JPG
19452,http://commondatastorage.googleapis.com/jjgames-static/images/13216.JPG
21251,http://commondatastorage.googleapis.com/jjgames-static/images/25813.JPG
12352,http://commondatastorage.googleapis.com/jjgames-static/images/6969.JPG
14933,http://commondatastorage.googleapis.com/jjgames-static/images/12661.JPG
12353,http://commondatastorage.googleapis.com/jjgames-static/images/9469.JPG
16173,http://commondatastorage.googleapis.com/jjgames-static/images/12745.JPG
12354,http://commondatastorage.googleapis.com/jjgames-static/images/9470.JPG
34873,http://commondatastorage.googleapis.com/jjgames-static/images/27221.JPG
12355,http://commondatastorage.googleapis.com/jjgames-static/images/6811.JPG
9492,http://commondatastorage.googleapis.com/jjgames-static/images/7134.JPG
12005,http://commondatastorage.googleapis.com/jjgames-static/images/6755.JPG
9495,http://commondatastorage.googleapis.com/jjgames-static/images/6808.JPG
12356,http://commondatastorage.googleapis.com/jjgames-static/images/6724.JPG
13108,http://commondatastorage.googleapis.com/jjgames-static/images/9746.JPG
12357,http://commondatastorage.googleapis.com/jjgames-static/images/6664.JPG
12346,http://commondatastorage.googleapis.com/jjgames-static/images/7469.JPG
9558,http://commondatastorage.googleapis.com/jjgames-static/images/6702.JPG
12347,http://commondatastorage.googleapis.com/jjgames-static/images/6663.JPG
12358,http://commondatastorage.googleapis.com/jjgames-static/images/6418.JPG
14281,http://commondatastorage.googleapis.com/jjgames-static/images/10366.JPG
9566,http://commondatastorage.googleapis.com/jjgames-static/images/8237.JPG
12348,http://commondatastorage.googleapis.com/jjgames-static/images/6414.JPG
12359,http://commondatastorage.googleapis.com/jjgames-static/images/6545.JPG
12349,http://commondatastorage.googleapis.com/jjgames-static/images/6494.JPG
9574,http://commondatastorage.googleapis.com/jjgames-static/images/8238.JPG
9575,http://commondatastorage.googleapis.com/jjgames-static/images/8239.JPG
12374,http://commondatastorage.googleapis.com/jjgames-static/images/9479.JPG
13715,http://commondatastorage.googleapis.com/jjgames-static/images/6496.JPG
12375,http://commondatastorage.googleapis.com/jjgames-static/images/6498.JPG
13761,http://commondatastorage.googleapis.com/jjgames-static/images/6677.JPG
9639,http://commondatastorage.googleapis.com/jjgames-static/images/7530.JPG
9577,http://commondatastorage.googleapis.com/jjgames-static/images/8240.JPG
34135,http://commondatastorage.googleapis.com/jjgames-static/images/27150.JPG
12360,http://commondatastorage.googleapis.com/jjgames-static/images/9471.JPG
9615,http://commondatastorage.googleapis.com/jjgames-static/images/7470.JPG
9584,http://commondatastorage.googleapis.com/jjgames-static/images/6497.JPG
30824,/images/notfound.jpg
12361,http://commondatastorage.googleapis.com/jjgames-static/images/9472.JPG
12376,http://commondatastorage.googleapis.com/jjgames-static/images/9480.JPG
9592,http://commondatastorage.googleapis.com/jjgames-static/images/8241.JPG
12377,http://commondatastorage.googleapis.com/jjgames-static/images/9481.JPG
12362,http://commondatastorage.googleapis.com/jjgames-static/images/6600.JPG
12378,http://commondatastorage.googleapis.com/jjgames-static/images/6421.JPG
12006,http://commondatastorage.googleapis.com/jjgames-static/images/6665.JPG
12379,http://commondatastorage.googleapis.com/jjgames-static/images/7081.JPG
16272,http://commondatastorage.googleapis.com/jjgames-static/images/12769.JPG
30982,http://commondatastorage.googleapis.com/jjgames-static/images/26600.JPG
12364,http://commondatastorage.googleapis.com/jjgames-static/images/9473.JPG
12380,http://commondatastorage.googleapis.com/jjgames-static/images/9482.JPG
12365,http://commondatastorage.googleapis.com/jjgames-static/images/9474.JPG
12381,http://commondatastorage.googleapis.com/jjgames-static/images/9483.JPG
12366,http://commondatastorage.googleapis.com/jjgames-static/images/9475.JPG
12382,http://commondatastorage.googleapis.com/jjgames-static/images/9484.JPG
12367,http://commondatastorage.googleapis.com/jjgames-static/images/9476.JPG
12383,http://commondatastorage.googleapis.com/jjgames-static/images/7471.JPG
12368,http://commondatastorage.googleapis.com/jjgames-static/images/6601.JPG
12384,http://commondatastorage.googleapis.com/jjgames-static/images/6666.JPG
12369,http://commondatastorage.googleapis.com/jjgames-static/images/9477.JPG
12385,http://commondatastorage.googleapis.com/jjgames-static/images/6917.JPG
12371,http://commondatastorage.googleapis.com/jjgames-static/images/7509.JPG
19308,http://commondatastorage.googleapis.com/jjgames-static/images/13177.JPG
9624,http://commondatastorage.googleapis.com/jjgames-static/images/8243.JPG
12372,http://commondatastorage.googleapis.com/jjgames-static/images/7358.JPG
12386,http://commondatastorage.googleapis.com/jjgames-static/images/6725.JPG
21024,/images/notfound.jpg
9648,http://commondatastorage.googleapis.com/jjgames-static/images/7359.JPG
16260,http://commondatastorage.googleapis.com/jjgames-static/images/12762.JPG
12387,http://commondatastorage.googleapis.com/jjgames-static/images/6603.JPG
9635,http://commondatastorage.googleapis.com/jjgames-static/images/6602.JPG
12388,http://commondatastorage.googleapis.com/jjgames-static/images/6499.JPG
12373,http://commondatastorage.googleapis.com/jjgames-static/images/6814.JPG
12389,http://commondatastorage.googleapis.com/jjgames-static/images/6667.JPG
12390,http://commondatastorage.googleapis.com/jjgames-static/images/6668.JPG
31545,/images/notfound.jpg
12391,http://commondatastorage.googleapis.com/jjgames-static/images/7243.JPG
12404,http://commondatastorage.googleapis.com/jjgames-static/images/9489.JPG
12392,http://commondatastorage.googleapis.com/jjgames-static/images/9485.JPG
12405,http://commondatastorage.googleapis.com/jjgames-static/images/6642.JPG
9669,http://commondatastorage.googleapis.com/jjgames-static/images/6500.JPG
12406,http://commondatastorage.googleapis.com/jjgames-static/images/7362.JPG
13827,http://commondatastorage.googleapis.com/jjgames-static/images/6861.JPG
12393,http://commondatastorage.googleapis.com/jjgames-static/images/6726.JPG
12394,http://commondatastorage.googleapis.com/jjgames-static/images/9486.JPG
9720,http://commondatastorage.googleapis.com/jjgames-static/images/6727.JPG
9671,http://commondatastorage.googleapis.com/jjgames-static/images/8244.JPG
12408,http://commondatastorage.googleapis.com/jjgames-static/images/6859.JPG
9673,http://commondatastorage.googleapis.com/jjgames-static/images/7221.JPG
12409,http://commondatastorage.googleapis.com/jjgames-static/images/6860.JPG
16141,http://commondatastorage.googleapis.com/jjgames-static/images/10600.JPG
9721,http://commondatastorage.googleapis.com/jjgames-static/images/6728.JPG
12395,http://commondatastorage.googleapis.com/jjgames-static/images/9487.JPG
12410,http://commondatastorage.googleapis.com/jjgames-static/images/6816.JPG
12396,http://commondatastorage.googleapis.com/jjgames-static/images/6604.JPG
12411,http://commondatastorage.googleapis.com/jjgames-static/images/6502.JPG
9678,http://commondatastorage.googleapis.com/jjgames-static/images/8245.JPG
9729,http://commondatastorage.googleapis.com/jjgames-static/images/8250.JPG
16171,http://commondatastorage.googleapis.com/jjgames-static/images/12743.JPG
12412,http://commondatastorage.googleapis.com/jjgames-static/images/9490.JPG
9681,http://commondatastorage.googleapis.com/jjgames-static/images/8246.JPG
12413,http://commondatastorage.googleapis.com/jjgames-static/images/7247.JPG
12397,http://commondatastorage.googleapis.com/jjgames-static/images/6918.JPG
12414,http://commondatastorage.googleapis.com/jjgames-static/images/9491.JPG
12398,http://commondatastorage.googleapis.com/jjgames-static/images/6972.JPG
12415,http://commondatastorage.googleapis.com/jjgames-static/images/6974.JPG
9682,http://commondatastorage.googleapis.com/jjgames-static/images/8247.JPG
12416,http://commondatastorage.googleapis.com/jjgames-static/images/7472.JPG
12399,http://commondatastorage.googleapis.com/jjgames-static/images/6973.JPG
12417,http://commondatastorage.googleapis.com/jjgames-static/images/6729.JPG
12400,http://commondatastorage.googleapis.com/jjgames-static/images/6669.JPG
12418,http://commondatastorage.googleapis.com/jjgames-static/images/6938.JPG
12401,http://commondatastorage.googleapis.com/jjgames-static/images/9488.JPG
12419,http://commondatastorage.googleapis.com/jjgames-static/images/6503.JPG
9687,http://commondatastorage.googleapis.com/jjgames-static/images/8248.JPG
12420,http://commondatastorage.googleapis.com/jjgames-static/images/9492.JPG
12402,http://commondatastorage.googleapis.com/jjgames-static/images/7244.JPG
12421,http://commondatastorage.googleapis.com/jjgames-static/images/7511.JPG
12403,http://commondatastorage.googleapis.com/jjgames-static/images/6605.JPG
9749,http://commondatastorage.googleapis.com/jjgames-static/images/8251.JPG
9697,http://commondatastorage.googleapis.com/jjgames-static/images/8249.JPG
12422,http://commondatastorage.googleapis.com/jjgames-static/images/6422.JPG
12424,http://commondatastorage.googleapis.com/jjgames-static/images/9493.JPG
12423,http://commondatastorage.googleapis.com/jjgames-static/images/6531.JPG
12425,http://commondatastorage.googleapis.com/jjgames-static/images/9494.JPG
16127,http://commondatastorage.googleapis.com/jjgames-static/images/12731.JPG
12426,http://commondatastorage.googleapis.com/jjgames-static/images/6730.JPG
9839,http://commondatastorage.googleapis.com/jjgames-static/images/8254.JPG
12427,http://commondatastorage.googleapis.com/jjgames-static/images/6731.JPG
12439,http://commondatastorage.googleapis.com/jjgames-static/images/7142.JPG
12428,http://commondatastorage.googleapis.com/jjgames-static/images/7248.JPG
12009,http://commondatastorage.googleapis.com/jjgames-static/images/7251.JPG
9764,http://commondatastorage.googleapis.com/jjgames-static/images/6818.JPG
9842,http://commondatastorage.googleapis.com/jjgames-static/images/6893.JPG
12429,http://commondatastorage.googleapis.com/jjgames-static/images/7364.JPG
9847,http://commondatastorage.googleapis.com/jjgames-static/images/6821.JPG
9765,http://commondatastorage.googleapis.com/jjgames-static/images/6819.JPG
9848,http://commondatastorage.googleapis.com/jjgames-static/images/6609.JPG
12430,http://commondatastorage.googleapis.com/jjgames-static/images/7249.JPG
10238,http://commondatastorage.googleapis.com/jjgames-static/images/8288.JPG
9768,http://commondatastorage.googleapis.com/jjgames-static/images/8252.JPG
12440,http://commondatastorage.googleapis.com/jjgames-static/images/6978.JPG
12007,http://commondatastorage.googleapis.com/jjgames-static/images/6670.JPG
9849,http://commondatastorage.googleapis.com/jjgames-static/images/6759.JPG
12431,http://commondatastorage.googleapis.com/jjgames-static/images/6975.JPG
9857,http://commondatastorage.googleapis.com/jjgames-static/images/6505.JPG
12432,http://commondatastorage.googleapis.com/jjgames-static/images/9495.JPG
12441,http://commondatastorage.googleapis.com/jjgames-static/images/9499.JPG
12008,http://commondatastorage.googleapis.com/jjgames-static/images/6607.JPG
18720,http://commondatastorage.googleapis.com/jjgames-static/images/13091.JPG
9776,http://commondatastorage.googleapis.com/jjgames-static/images/6976.JPG
12443,http://commondatastorage.googleapis.com/jjgames-static/images/9500.JPG
12433,http://commondatastorage.googleapis.com/jjgames-static/images/9496.JPG
12444,http://commondatastorage.googleapis.com/jjgames-static/images/7252.JPG
9803,http://commondatastorage.googleapis.com/jjgames-static/images/7366.JPG
12445,http://commondatastorage.googleapis.com/jjgames-static/images/6700.JPG
12434,http://commondatastorage.googleapis.com/jjgames-static/images/9497.JPG
12446,http://commondatastorage.googleapis.com/jjgames-static/images/7253.JPG
10594,http://commondatastorage.googleapis.com/jjgames-static/images/8253.JPG
12447,http://commondatastorage.googleapis.com/jjgames-static/images/9501.JPG
12436,http://commondatastorage.googleapis.com/jjgames-static/images/6504.JPG
19476,http://commondatastorage.googleapis.com/jjgames-static/images/13220.JPG
9830,http://commondatastorage.googleapis.com/jjgames-static/images/6920.JPG
9883,http://commondatastorage.googleapis.com/jjgames-static/images/6612.JPG
12437,http://commondatastorage.googleapis.com/jjgames-static/images/6671.JPG
12448,http://commondatastorage.googleapis.com/jjgames-static/images/9502.JPG
9832,http://commondatastorage.googleapis.com/jjgames-static/images/7084.JPG
12449,http://commondatastorage.googleapis.com/jjgames-static/images/6756.JPG
12438,http://commondatastorage.googleapis.com/jjgames-static/images/9498.JPG
12450,http://commondatastorage.googleapis.com/jjgames-static/images/6733.JPG
9889,http://commondatastorage.googleapis.com/jjgames-static/images/6613.JPG
12010,http://commondatastorage.googleapis.com/jjgames-static/images/6507.JPG
9891,http://commondatastorage.googleapis.com/jjgames-static/images/6506.JPG
9931,http://commondatastorage.googleapis.com/jjgames-static/images/8258.JPG
12452,http://commondatastorage.googleapis.com/jjgames-static/images/6389.JPG
9934,http://commondatastorage.googleapis.com/jjgames-static/images/6391.JPG
12451,http://commondatastorage.googleapis.com/jjgames-static/images/6644.JPG
9938,http://commondatastorage.googleapis.com/jjgames-static/images/7137.JPG
12453,http://commondatastorage.googleapis.com/jjgames-static/images/6980.JPG
9941,http://commondatastorage.googleapis.com/jjgames-static/images/6509.JPG
12454,http://commondatastorage.googleapis.com/jjgames-static/images/6734.JPG
12468,http://commondatastorage.googleapis.com/jjgames-static/images/6616.JPG
9898,http://commondatastorage.googleapis.com/jjgames-static/images/6981.JPG
9942,http://commondatastorage.googleapis.com/jjgames-static/images/6617.JPG
12455,http://commondatastorage.googleapis.com/jjgames-static/images/7502.JPG
9944,http://commondatastorage.googleapis.com/jjgames-static/images/8259.JPG
12456,http://commondatastorage.googleapis.com/jjgames-static/images/6428.JPG
12595,http://commondatastorage.googleapis.com/jjgames-static/images/9539.JPG
9899,http://commondatastorage.googleapis.com/jjgames-static/images/8256.JPG
12011,http://commondatastorage.googleapis.com/jjgames-static/images/9368.JPG
12457,http://commondatastorage.googleapis.com/jjgames-static/images/6823.JPG
9951,http://commondatastorage.googleapis.com/jjgames-static/images/7143.JPG
12458,http://commondatastorage.googleapis.com/jjgames-static/images/9503.JPG
9953,http://commondatastorage.googleapis.com/jjgames-static/images/8260.JPG
9913,http://commondatastorage.googleapis.com/jjgames-static/images/8257.JPG
12469,http://commondatastorage.googleapis.com/jjgames-static/images/9506.JPG
19306,http://commondatastorage.googleapis.com/jjgames-static/images/13143.JPG
9964,http://commondatastorage.googleapis.com/jjgames-static/images/6510.JPG
12459,http://commondatastorage.googleapis.com/jjgames-static/images/6826.JPG
9966,http://commondatastorage.googleapis.com/jjgames-static/images/6618.JPG
12462,http://commondatastorage.googleapis.com/jjgames-static/images/9504.JPG
8471,http://commondatastorage.googleapis.com/jjgames-static/images/7229.JPG
12463,http://commondatastorage.googleapis.com/jjgames-static/images/7223.JPG
12471,http://commondatastorage.googleapis.com/jjgames-static/images/6736.JPG
30846,http://commondatastorage.googleapis.com/jjgames-static/images/26614.JPG
12472,http://commondatastorage.googleapis.com/jjgames-static/images/7144.JPG
12162,http://commondatastorage.googleapis.com/jjgames-static/images/7256.JPG
9990,http://commondatastorage.googleapis.com/jjgames-static/images/6511.JPG
12465,http://commondatastorage.googleapis.com/jjgames-static/images/9505.JPG
12474,http://commondatastorage.googleapis.com/jjgames-static/images/6512.JPG
12466,http://commondatastorage.googleapis.com/jjgames-static/images/6615.JPG
12475,http://commondatastorage.googleapis.com/jjgames-static/images/7224.JPG
12467,http://commondatastorage.googleapis.com/jjgames-static/images/7512.JPG
12477,http://commondatastorage.googleapis.com/jjgames-static/images/7301.JPG
9929,http://commondatastorage.googleapis.com/jjgames-static/images/6508.JPG
12478,http://commondatastorage.googleapis.com/jjgames-static/images/9508.JPG
9930,http://commondatastorage.googleapis.com/jjgames-static/images/7086.JPG
9997,http://commondatastorage.googleapis.com/jjgames-static/images/8267.JPG
9677,http://commondatastorage.googleapis.com/jjgames-static/images/6501.JPG
9751,http://commondatastorage.googleapis.com/jjgames-static/images/8268.JPG
12479,http://commondatastorage.googleapis.com/jjgames-static/images/6619.JPG
12495,http://commondatastorage.googleapis.com/jjgames-static/images/7225.JPG
12197,http://commondatastorage.googleapis.com/jjgames-static/images/6783.JPG
10053,http://commondatastorage.googleapis.com/jjgames-static/images/6673.JPG
12480,http://commondatastorage.googleapis.com/jjgames-static/images/6513.JPG
12496,http://commondatastorage.googleapis.com/jjgames-static/images/9518.JPG
12482,http://commondatastorage.googleapis.com/jjgames-static/images/7371.JPG
12497,http://commondatastorage.googleapis.com/jjgames-static/images/9519.JPG
10008,http://commondatastorage.googleapis.com/jjgames-static/images/8270.JPG
12483,http://commondatastorage.googleapis.com/jjgames-static/images/7560.JPG
12484,http://commondatastorage.googleapis.com/jjgames-static/images/9511.JPG
12461,http://commondatastorage.googleapis.com/jjgames-static/images/6614.JPG
12485,http://commondatastorage.googleapis.com/jjgames-static/images/9512.JPG
10056,http://commondatastorage.googleapis.com/jjgames-static/images/8272.JPG
12486,http://commondatastorage.googleapis.com/jjgames-static/images/6620.JPG
12498,http://commondatastorage.googleapis.com/jjgames-static/images/7088.JPG
12487,http://commondatastorage.googleapis.com/jjgames-static/images/6621.JPG
12499,http://commondatastorage.googleapis.com/jjgames-static/images/6674.JPG
12488,http://commondatastorage.googleapis.com/jjgames-static/images/9513.JPG
10064,http://commondatastorage.googleapis.com/jjgames-static/images/8273.JPG
12489,http://commondatastorage.googleapis.com/jjgames-static/images/6514.JPG
10068,http://commondatastorage.googleapis.com/jjgames-static/images/8274.JPG
10020,http://commondatastorage.googleapis.com/jjgames-static/images/8271.JPG
12500,http://commondatastorage.googleapis.com/jjgames-static/images/6829.JPG
10021,http://commondatastorage.googleapis.com/jjgames-static/images/6515.JPG
10069,http://commondatastorage.googleapis.com/jjgames-static/images/8275.JPG
10022,http://commondatastorage.googleapis.com/jjgames-static/images/7257.JPG
12501,http://commondatastorage.googleapis.com/jjgames-static/images/9520.JPG
10024,http://commondatastorage.googleapis.com/jjgames-static/images/7141.JPG
12502,http://commondatastorage.googleapis.com/jjgames-static/images/9521.JPG
12490,http://commondatastorage.googleapis.com/jjgames-static/images/9514.JPG
12503,http://commondatastorage.googleapis.com/jjgames-static/images/6987.JPG
12491,http://commondatastorage.googleapis.com/jjgames-static/images/9515.JPG
10079,http://commondatastorage.googleapis.com/jjgames-static/images/8276.JPG
16293,http://commondatastorage.googleapis.com/jjgames-static/images/12776.JPG
10035,http://commondatastorage.googleapis.com/jjgames-static/images/7427.JPG
12504,http://commondatastorage.googleapis.com/jjgames-static/images/6857.JPG
12505,http://commondatastorage.googleapis.com/jjgames-static/images/9522.JPG
12492,http://commondatastorage.googleapis.com/jjgames-static/images/9516.JPG
10080,http://commondatastorage.googleapis.com/jjgames-static/images/8277.JPG
12493,http://commondatastorage.googleapis.com/jjgames-static/images/9517.JPG
10081,http://commondatastorage.googleapis.com/jjgames-static/images/7260.JPG
12494,http://commondatastorage.googleapis.com/jjgames-static/images/6516.JPG
12506,http://commondatastorage.googleapis.com/jjgames-static/images/9523.JPG
10052,http://commondatastorage.googleapis.com/jjgames-static/images/6622.JPG
12507,http://commondatastorage.googleapis.com/jjgames-static/images/9524.JPG
13883,http://commondatastorage.googleapis.com/jjgames-static/images/7087.JPG
12481,http://commondatastorage.googleapis.com/jjgames-static/images/9509.JPG
12516,http://commondatastorage.googleapis.com/jjgames-static/images/7135.JPG
10090,http://commondatastorage.googleapis.com/jjgames-static/images/8278.JPG
10149,http://commondatastorage.googleapis.com/jjgames-static/images/6518.JPG
10091,http://commondatastorage.googleapis.com/jjgames-static/images/6517.JPG
12518,http://commondatastorage.googleapis.com/jjgames-static/images/7131.JPG
10096,http://commondatastorage.googleapis.com/jjgames-static/images/8279.JPG
10152,http://commondatastorage.googleapis.com/jjgames-static/images/6738.JPG
12012,http://commondatastorage.googleapis.com/jjgames-static/images/9369.JPG
12519,http://commondatastorage.googleapis.com/jjgames-static/images/9530.JPG
12508,http://commondatastorage.googleapis.com/jjgames-static/images/6894.JPG
12520,http://commondatastorage.googleapis.com/jjgames-static/images/6831.JPG
12509,http://commondatastorage.googleapis.com/jjgames-static/images/9525.JPG
12521,http://commondatastorage.googleapis.com/jjgames-static/images/6895.JPG
12510,http://commondatastorage.googleapis.com/jjgames-static/images/6623.JPG
10154,http://commondatastorage.googleapis.com/jjgames-static/images/8283.JPG
10105,http://commondatastorage.googleapis.com/jjgames-static/images/7261.JPG
12522,http://commondatastorage.googleapis.com/jjgames-static/images/6739.JPG
12511,http://commondatastorage.googleapis.com/jjgames-static/images/9526.JPG
12523,http://commondatastorage.googleapis.com/jjgames-static/images/6625.JPG
12013,http://commondatastorage.googleapis.com/jjgames-static/images/9370.JPG
12524,http://commondatastorage.googleapis.com/jjgames-static/images/9531.JPG
12512,http://commondatastorage.googleapis.com/jjgames-static/images/9527.JPG
12525,http://commondatastorage.googleapis.com/jjgames-static/images/6424.JPG
10214,http://commondatastorage.googleapis.com/jjgames-static/images/7226.JPG
10166,http://commondatastorage.googleapis.com/jjgames-static/images/8284.JPG
10221,http://commondatastorage.googleapis.com/jjgames-static/images/6675.JPG
19592,http://commondatastorage.googleapis.com/jjgames-static/images/9532.JPG
13833,http://commondatastorage.googleapis.com/jjgames-static/images/6871.JPG
12528,http://commondatastorage.googleapis.com/jjgames-static/images/6740.JPG
10218,http://commondatastorage.googleapis.com/jjgames-static/images/7428.JPG
10167,http://commondatastorage.googleapis.com/jjgames-static/images/7090.JPG
10132,http://commondatastorage.googleapis.com/jjgames-static/images/8280.JPG
10169,http://commondatastorage.googleapis.com/jjgames-static/images/6626.JPG
10133,http://commondatastorage.googleapis.com/jjgames-static/images/7513.JPG
10172,http://commondatastorage.googleapis.com/jjgames-static/images/8285.JPG
12513,http://commondatastorage.googleapis.com/jjgames-static/images/9528.JPG
12530,http://commondatastorage.googleapis.com/jjgames-static/images/6925.JPG
10138,http://commondatastorage.googleapis.com/jjgames-static/images/8281.JPG
12532,http://commondatastorage.googleapis.com/jjgames-static/images/7561.JPG
12514,http://commondatastorage.googleapis.com/jjgames-static/images/9529.JPG
12533,http://commondatastorage.googleapis.com/jjgames-static/images/6627.JPG
10146,http://commondatastorage.googleapis.com/jjgames-static/images/8282.JPG
12014,http://commondatastorage.googleapis.com/jjgames-static/images/6741.JPG
12515,http://commondatastorage.googleapis.com/jjgames-static/images/6988.JPG
10208,http://commondatastorage.googleapis.com/jjgames-static/images/8286.JPG
12517,http://commondatastorage.googleapis.com/jjgames-static/images/6624.JPG
12534,http://commondatastorage.googleapis.com/jjgames-static/images/7227.JPG
12015,http://commondatastorage.googleapis.com/jjgames-static/images/9371.JPG
12535,http://commondatastorage.googleapis.com/jjgames-static/images/9534.JPG
12536,http://commondatastorage.googleapis.com/jjgames-static/images/6833.JPG
10228,http://commondatastorage.googleapis.com/jjgames-static/images/6628.JPG
10229,http://commondatastorage.googleapis.com/jjgames-static/images/6629.JPG
10230,http://commondatastorage.googleapis.com/jjgames-static/images/8269.JPG
12016,http://commondatastorage.googleapis.com/jjgames-static/images/6630.JPG
13716,http://commondatastorage.googleapis.com/jjgames-static/images/6519.JPG
10234,http://commondatastorage.googleapis.com/jjgames-static/images/6676.JPG
20786,http://commondatastorage.googleapis.com/jjgames-static/images/16611.JPG
10236,http://commondatastorage.googleapis.com/jjgames-static/images/8287.JPG
10239,http://commondatastorage.googleapis.com/jjgames-static/images/8289.JPG
