3674,http://commondatastorage.googleapis.com/jjgames-static/images/3.JPG
3717,http://commondatastorage.googleapis.com/jjgames-static/images/69.JPG

14427,http://commondatastorage.googleapis.com/jjgames-static/images/12699.JPG
3907,http://commondatastorage.googleapis.com/jjgames-static/images/2834.JPG
3675,http://commondatastorage.googleapis.com/jjgames-static/images/9.JPG
3908,http://commondatastorage.googleapis.com/jjgames-static/images/422.JPG
3676,http://commondatastorage.googleapis.com/jjgames-static/images/11.JPG
3909,http://commondatastorage.googleapis.com/jjgames-static/images/423.JPG
3677,http://commondatastorage.googleapis.com/jjgames-static/images/12.JPG
3910,http://commondatastorage.googleapis.com/jjgames-static/images/424.JPG
3678,http://commondatastorage.googleapis.com/jjgames-static/images/13.JPG
3911,http://commondatastorage.googleapis.com/jjgames-static/images/427.JPG
3679,http://commondatastorage.googleapis.com/jjgames-static/images/14.JPG
3918,http://commondatastorage.googleapis.com/jjgames-static/images/441.JPG
3912,http://commondatastorage.googleapis.com/jjgames-static/images/432.JPG
3680,http://commondatastorage.googleapis.com/jjgames-static/images/15.JPG
3913,http://commondatastorage.googleapis.com/jjgames-static/images/433.JPG
3681,http://commondatastorage.googleapis.com/jjgames-static/images/19.JPG
3683,http://commondatastorage.googleapis.com/jjgames-static/images/22.JPG

3915,http://commondatastorage.googleapis.com/jjgames-static/images/438.JPG
3684,http://commondatastorage.googleapis.com/jjgames-static/images/23.JPG
3916,http://commondatastorage.googleapis.com/jjgames-static/images/439.JPG
3682,http://commondatastorage.googleapis.com/jjgames-static/images/20.JPG
3917,http://commondatastorage.googleapis.com/jjgames-static/images/440.JPG
3685,http://commondatastorage.googleapis.com/jjgames-static/images/24.JPG
3686,http://commondatastorage.googleapis.com/jjgames-static/images/25.JPG
3920,http://commondatastorage.googleapis.com/jjgames-static/images/443.JPG
3921,http://commondatastorage.googleapis.com/jjgames-static/images/448.JPG
13000,http://commondatastorage.googleapis.com/jjgames-static/images/6104.JPG
3922,http://commondatastorage.googleapis.com/jjgames-static/images/5049.JPG
3687,http://commondatastorage.googleapis.com/jjgames-static/images/26.JPG
3924,http://commondatastorage.googleapis.com/jjgames-static/images/451.JPG
10588,http://commondatastorage.googleapis.com/jjgames-static/images/5609.JPG
3925,http://commondatastorage.googleapis.com/jjgames-static/images/456.JPG
3688,http://commondatastorage.googleapis.com/jjgames-static/images/27.JPG
3923,http://commondatastorage.googleapis.com/jjgames-static/images/450.JPG
3689,http://commondatastorage.googleapis.com/jjgames-static/images/4880.JPG
3926,http://commondatastorage.googleapis.com/jjgames-static/images/458.JPG
3690,http://commondatastorage.googleapis.com/jjgames-static/images/28.JPG
3927,http://commondatastorage.googleapis.com/jjgames-static/images/460.JPG
14390,http://commondatastorage.googleapis.com/jjgames-static/images/7397.JPG
3928,http://commondatastorage.googleapis.com/jjgames-static/images/470.JPG
3691,http://commondatastorage.googleapis.com/jjgames-static/images/29.JPG
3929,http://commondatastorage.googleapis.com/jjgames-static/images/2817.JPG
3692,http://commondatastorage.googleapis.com/jjgames-static/images/30.JPG
3853,http://commondatastorage.googleapis.com/jjgames-static/images/297.JPG
3693,http://commondatastorage.googleapis.com/jjgames-static/images/4707.JPG
3716,http://commondatastorage.googleapis.com/jjgames-static/images/68.JPG
3694,http://commondatastorage.googleapis.com/jjgames-static/images/31.JPG
3718,http://commondatastorage.googleapis.com/jjgames-static/images/71.JPG
3695,http://commondatastorage.googleapis.com/jjgames-static/images/32.JPG
3719,http://commondatastorage.googleapis.com/jjgames-static/images/72.JPG
3696,http://commondatastorage.googleapis.com/jjgames-static/images/34.JPG
3720,http://commondatastorage.googleapis.com/jjgames-static/images/75.JPG
3697,http://commondatastorage.googleapis.com/jjgames-static/images/35.JPG
3721,http://commondatastorage.googleapis.com/jjgames-static/images/77.JPG
3698,http://commondatastorage.googleapis.com/jjgames-static/images/37.JPG
3722,http://commondatastorage.googleapis.com/jjgames-static/images/78.JPG
3699,http://commondatastorage.googleapis.com/jjgames-static/images/38.JPG
3723,http://commondatastorage.googleapis.com/jjgames-static/images/79.JPG
3700,http://commondatastorage.googleapis.com/jjgames-static/images/39.JPG
3724,http://commondatastorage.googleapis.com/jjgames-static/images/80.JPG
3702,http://commondatastorage.googleapis.com/jjgames-static/images/43.JPG
3725,http://commondatastorage.googleapis.com/jjgames-static/images/81.JPG
3703,http://commondatastorage.googleapis.com/jjgames-static/images/44.JPG
3726,http://commondatastorage.googleapis.com/jjgames-static/images/83.JPG
3701,http://commondatastorage.googleapis.com/jjgames-static/images/42.JPG
3727,http://commondatastorage.googleapis.com/jjgames-static/images/84.JPG
3705,http://commondatastorage.googleapis.com/jjgames-static/images/46.JPG
3730,http://commondatastorage.googleapis.com/jjgames-static/images/87.JPG
14428,http://commondatastorage.googleapis.com/jjgames-static/images/10623.JPG
3729,http://commondatastorage.googleapis.com/jjgames-static/images/2684.JPG
3186,http://commondatastorage.googleapis.com/jjgames-static/images/4966.JPG
3731,http://commondatastorage.googleapis.com/jjgames-static/images/88.JPG
3706,http://commondatastorage.googleapis.com/jjgames-static/images/47.JPG
3732,http://commondatastorage.googleapis.com/jjgames-static/images/89.JPG
3707,http://commondatastorage.googleapis.com/jjgames-static/images/51.JPG
3733,http://commondatastorage.googleapis.com/jjgames-static/images/95.JPG
3710,http://commondatastorage.googleapis.com/jjgames-static/images/58.JPG
3734,http://commondatastorage.googleapis.com/jjgames-static/images/96.JPG
3711,http://commondatastorage.googleapis.com/jjgames-static/images/609.JPG
3735,http://commondatastorage.googleapis.com/jjgames-static/images/97.JPG
3712,http://commondatastorage.googleapis.com/jjgames-static/images/3587.JPG
3736,http://commondatastorage.googleapis.com/jjgames-static/images/98.JPG
3713,http://commondatastorage.googleapis.com/jjgames-static/images/62.JPG
14429,http://commondatastorage.googleapis.com/jjgames-static/images/10574.JPG
3715,http://commondatastorage.googleapis.com/jjgames-static/images/65.JPG
3737,http://commondatastorage.googleapis.com/jjgames-static/images/99.JPG
3714,http://commondatastorage.googleapis.com/jjgames-static/images/64.JPG
3738,http://commondatastorage.googleapis.com/jjgames-static/images/2522.JPG
14881,http://commondatastorage.googleapis.com/jjgames-static/images/12654.JPG
3739,http://commondatastorage.googleapis.com/jjgames-static/images/107.JPG
3728,http://commondatastorage.googleapis.com/jjgames-static/images/85.JPG
3740,http://commondatastorage.googleapis.com/jjgames-static/images/109.JPG
3741,http://commondatastorage.googleapis.com/jjgames-static/images/561.JPG
3760,http://commondatastorage.googleapis.com/jjgames-static/images/144.JPG
3742,http://commondatastorage.googleapis.com/jjgames-static/images/112.JPG
3759,http://commondatastorage.googleapis.com/jjgames-static/images/143.JPG
33845,http://commondatastorage.googleapis.com/jjgames-static/images/25544.JPG
3761,http://commondatastorage.googleapis.com/jjgames-static/images/145.JPG
3743,http://commondatastorage.googleapis.com/jjgames-static/images/115.JPG
3762,http://commondatastorage.googleapis.com/jjgames-static/images/149.JPG
3744,http://commondatastorage.googleapis.com/jjgames-static/images/116.JPG
3763,http://commondatastorage.googleapis.com/jjgames-static/images/150.JPG
3745,http://commondatastorage.googleapis.com/jjgames-static/images/2507.JPG
3787,http://commondatastorage.googleapis.com/jjgames-static/images/184.JPG
3746,http://commondatastorage.googleapis.com/jjgames-static/images/615.JPG
3765,http://commondatastorage.googleapis.com/jjgames-static/images/651.JPG
3747,http://commondatastorage.googleapis.com/jjgames-static/images/118.JPG
3766,http://commondatastorage.googleapis.com/jjgames-static/images/155.JPG
3748,http://commondatastorage.googleapis.com/jjgames-static/images/119.JPG
3767,http://commondatastorage.googleapis.com/jjgames-static/images/157.JPG
14158,http://commondatastorage.googleapis.com/jjgames-static/images/10295.JPG
3768,http://commondatastorage.googleapis.com/jjgames-static/images/158.JPG
3749,http://commondatastorage.googleapis.com/jjgames-static/images/122.JPG
3769,http://commondatastorage.googleapis.com/jjgames-static/images/159.JPG
3770,http://commondatastorage.googleapis.com/jjgames-static/images/161.JPG
3750,http://commondatastorage.googleapis.com/jjgames-static/images/124.JPG
3771,http://commondatastorage.googleapis.com/jjgames-static/images/162.JPG
3751,http://commondatastorage.googleapis.com/jjgames-static/images/125.JPG
3752,http://commondatastorage.googleapis.com/jjgames-static/images/129.JPG
3772,http://commondatastorage.googleapis.com/jjgames-static/images/163.JPG
3773,http://commondatastorage.googleapis.com/jjgames-static/images/165.JPG
3753,http://commondatastorage.googleapis.com/jjgames-static/images/130.JPG
3754,http://commondatastorage.googleapis.com/jjgames-static/images/131.JPG
3774,http://commondatastorage.googleapis.com/jjgames-static/images/167.JPG
3775,http://commondatastorage.googleapis.com/jjgames-static/images/168.JPG
3755,http://commondatastorage.googleapis.com/jjgames-static/images/134.JPG
16050,http://commondatastorage.googleapis.com/jjgames-static/images/12722.JPG
3776,http://commondatastorage.googleapis.com/jjgames-static/images/171.JPG
3764,http://commondatastorage.googleapis.com/jjgames-static/images/153.JPG
3777,http://commondatastorage.googleapis.com/jjgames-static/images/173.JPG
14430,http://commondatastorage.googleapis.com/jjgames-static/images/12700.JPG
3778,http://commondatastorage.googleapis.com/jjgames-static/images/174.JPG
3756,http://commondatastorage.googleapis.com/jjgames-static/images/140.JPG
10474,http://commondatastorage.googleapis.com/jjgames-static/images/5583.JPG
3758,http://commondatastorage.googleapis.com/jjgames-static/images/142.JPG
34712,http://static.jjgames.com/images/noimage.jpg
10909,http://commondatastorage.googleapis.com/jjgames-static/images/5658.JPG
3779,http://commondatastorage.googleapis.com/jjgames-static/images/175.JPG
14431,http://commondatastorage.googleapis.com/jjgames-static/images/12701.JPG
3780,http://commondatastorage.googleapis.com/jjgames-static/images/176.JPG
3781,http://commondatastorage.googleapis.com/jjgames-static/images/179.JPG
3805,http://commondatastorage.googleapis.com/jjgames-static/images/212.JPG
3782,http://commondatastorage.googleapis.com/jjgames-static/images/4679.JPG
3806,http://commondatastorage.googleapis.com/jjgames-static/images/214.JPG
3783,http://commondatastorage.googleapis.com/jjgames-static/images/180.JPG
3807,http://commondatastorage.googleapis.com/jjgames-static/images/217.JPG
3784,http://commondatastorage.googleapis.com/jjgames-static/images/181.JPG
3808,http://commondatastorage.googleapis.com/jjgames-static/images/218.JPG
3785,http://commondatastorage.googleapis.com/jjgames-static/images/182.JPG
3809,http://commondatastorage.googleapis.com/jjgames-static/images/2666.JPG
3810,http://commondatastorage.googleapis.com/jjgames-static/images/222.JPG
3838,http://commondatastorage.googleapis.com/jjgames-static/images/267.JPG
3786,http://commondatastorage.googleapis.com/jjgames-static/images/183.JPG
3811,http://commondatastorage.googleapis.com/jjgames-static/images/224.JPG
3788,http://commondatastorage.googleapis.com/jjgames-static/images/188.JPG
3789,http://commondatastorage.googleapis.com/jjgames-static/images/189.JPG
3812,http://commondatastorage.googleapis.com/jjgames-static/images/225.JPG
3790,http://commondatastorage.googleapis.com/jjgames-static/images/3585.JPG
3813,http://commondatastorage.googleapis.com/jjgames-static/images/226.JPG
3791,http://commondatastorage.googleapis.com/jjgames-static/images/190.JPG
3814,http://commondatastorage.googleapis.com/jjgames-static/images/228.JPG
3793,http://commondatastorage.googleapis.com/jjgames-static/images/193.JPG
14134,http://commondatastorage.googleapis.com/jjgames-static/images/10276.JPG
3794,http://commondatastorage.googleapis.com/jjgames-static/images/195.JPG
14212,http://commondatastorage.googleapis.com/jjgames-static/images/10331.JPG
3795,http://commondatastorage.googleapis.com/jjgames-static/images/196.JPG
3816,http://commondatastorage.googleapis.com/jjgames-static/images/232.JPG
3796,http://commondatastorage.googleapis.com/jjgames-static/images/4381.JPG
3817,http://commondatastorage.googleapis.com/jjgames-static/images/234.JPG
3797,http://commondatastorage.googleapis.com/jjgames-static/images/201.JPG
3818,http://commondatastorage.googleapis.com/jjgames-static/images/235.JPG
10904,http://commondatastorage.googleapis.com/jjgames-static/images/5650.JPG
3819,http://commondatastorage.googleapis.com/jjgames-static/images/236.JPG
3820,http://commondatastorage.googleapis.com/jjgames-static/images/237.JPG
16188,http://commondatastorage.googleapis.com/jjgames-static/images/12748.JPG
3821,http://commondatastorage.googleapis.com/jjgames-static/images/238.JPG
3798,http://commondatastorage.googleapis.com/jjgames-static/images/204.JPG
3822,http://commondatastorage.googleapis.com/jjgames-static/images/239.JPG
3799,http://commondatastorage.googleapis.com/jjgames-static/images/205.JPG
3823,http://commondatastorage.googleapis.com/jjgames-static/images/247.JPG
3800,http://commondatastorage.googleapis.com/jjgames-static/images/207.JPG
3825,http://commondatastorage.googleapis.com/jjgames-static/images/251.JPG
3801,http://commondatastorage.googleapis.com/jjgames-static/images/208.JPG
3826,http://commondatastorage.googleapis.com/jjgames-static/images/252.JPG
3802,http://commondatastorage.googleapis.com/jjgames-static/images/210.JPG
3827,http://commondatastorage.googleapis.com/jjgames-static/images/253.JPG
3803,http://commondatastorage.googleapis.com/jjgames-static/images/4439.JPG
3804,http://commondatastorage.googleapis.com/jjgames-static/images/4455.JPG
3828,http://commondatastorage.googleapis.com/jjgames-static/images/255.JPG
14432,http://commondatastorage.googleapis.com/jjgames-static/images/12702.JPG
3850,http://commondatastorage.googleapis.com/jjgames-static/images/287.JPG
3829,http://commondatastorage.googleapis.com/jjgames-static/images/256.JPG
3851,http://commondatastorage.googleapis.com/jjgames-static/images/289.JPG
3830,http://commondatastorage.googleapis.com/jjgames-static/images/257.JPG
3852,http://commondatastorage.googleapis.com/jjgames-static/images/290.JPG
3831,http://commondatastorage.googleapis.com/jjgames-static/images/258.JPG
3854,http://commondatastorage.googleapis.com/jjgames-static/images/300.JPG
3832,http://commondatastorage.googleapis.com/jjgames-static/images/2903.JPG
3708,http://commondatastorage.googleapis.com/jjgames-static/images/52.JPG
3833,http://commondatastorage.googleapis.com/jjgames-static/images/259.JPG
3709,http://commondatastorage.googleapis.com/jjgames-static/images/54.JPG
3834,http://commondatastorage.googleapis.com/jjgames-static/images/260.JPG
3855,http://commondatastorage.googleapis.com/jjgames-static/images/301.JPG
10451,http://commondatastorage.googleapis.com/jjgames-static/images/356.JPG
3835,http://commondatastorage.googleapis.com/jjgames-static/images/262.JPG
3877,http://commondatastorage.googleapis.com/jjgames-static/images/357.JPG
3836,http://commondatastorage.googleapis.com/jjgames-static/images/265.JPG
14096,http://commondatastorage.googleapis.com/jjgames-static/images/10255.JPG
3837,http://commondatastorage.googleapis.com/jjgames-static/images/2857.JPG
14133,http://commondatastorage.googleapis.com/jjgames-static/images/10275.JPG
3839,http://commondatastorage.googleapis.com/jjgames-static/images/268.JPG
3856,http://commondatastorage.googleapis.com/jjgames-static/images/309.JPG
3840,http://commondatastorage.googleapis.com/jjgames-static/images/270.JPG
14436,http://commondatastorage.googleapis.com/jjgames-static/images/12706.JPG
3824,http://commondatastorage.googleapis.com/jjgames-static/images/617.JPG
14437,http://commondatastorage.googleapis.com/jjgames-static/images/12707.JPG
3843,http://commondatastorage.googleapis.com/jjgames-static/images/274.JPG
14438,http://commondatastorage.googleapis.com/jjgames-static/images/12708.JPG
3844,http://commondatastorage.googleapis.com/jjgames-static/images/276.JPG
3841,http://commondatastorage.googleapis.com/jjgames-static/images/271.JPG
3845,http://commondatastorage.googleapis.com/jjgames-static/images/280.JPG
3842,http://commondatastorage.googleapis.com/jjgames-static/images/272.JPG
3846,http://commondatastorage.googleapis.com/jjgames-static/images/281.JPG
3857,http://commondatastorage.googleapis.com/jjgames-static/images/3578.JPG
3847,http://commondatastorage.googleapis.com/jjgames-static/images/283.JPG
14569,http://commondatastorage.googleapis.com/jjgames-static/images/2785.JPG
14433,http://commondatastorage.googleapis.com/jjgames-static/images/12703.JPG
32702,http://commondatastorage.googleapis.com/jjgames-static/images/25539.JPG
14434,http://commondatastorage.googleapis.com/jjgames-static/images/12704.JPG
3858,http://commondatastorage.googleapis.com/jjgames-static/images/310.JPG
14435,http://commondatastorage.googleapis.com/jjgames-static/images/12705.JPG
7410,http://commondatastorage.googleapis.com/jjgames-static/images/5262.JPG
3848,http://commondatastorage.googleapis.com/jjgames-static/images/285.JPG
3859,http://commondatastorage.googleapis.com/jjgames-static/images/311.JPG
3849,http://commondatastorage.googleapis.com/jjgames-static/images/286.JPG
3860,http://commondatastorage.googleapis.com/jjgames-static/images/314.JPG
3861,http://commondatastorage.googleapis.com/jjgames-static/images/315.JPG
3884,http://commondatastorage.googleapis.com/jjgames-static/images/369.JPG
14426,http://commondatastorage.googleapis.com/jjgames-static/images/12698.JPG
3885,http://commondatastorage.googleapis.com/jjgames-static/images/371.JPG
13163,http://commondatastorage.googleapis.com/jjgames-static/images/6227.JPG
14425,http://commondatastorage.googleapis.com/jjgames-static/images/10581.JPG
3862,http://commondatastorage.googleapis.com/jjgames-static/images/319.JPG
3886,http://commondatastorage.googleapis.com/jjgames-static/images/372.JPG
3863,http://commondatastorage.googleapis.com/jjgames-static/images/321.JPG
3887,http://commondatastorage.googleapis.com/jjgames-static/images/374.JPG
3864,http://commondatastorage.googleapis.com/jjgames-static/images/323.JPG
3888,http://commondatastorage.googleapis.com/jjgames-static/images/376.JPG
3865,http://commondatastorage.googleapis.com/jjgames-static/images/324.JPG
3889,http://commondatastorage.googleapis.com/jjgames-static/images/379.JPG
3866,http://commondatastorage.googleapis.com/jjgames-static/images/4485.JPG
3890,http://commondatastorage.googleapis.com/jjgames-static/images/383.JPG
3867,http://commondatastorage.googleapis.com/jjgames-static/images/328.JPG
3891,http://commondatastorage.googleapis.com/jjgames-static/images/385.JPG
3868,http://commondatastorage.googleapis.com/jjgames-static/images/336.JPG
3892,http://commondatastorage.googleapis.com/jjgames-static/images/3372.JPG
3869,http://commondatastorage.googleapis.com/jjgames-static/images/339.JPG
3893,http://commondatastorage.googleapis.com/jjgames-static/images/387.JPG
3870,http://commondatastorage.googleapis.com/jjgames-static/images/340.JPG
3894,http://commondatastorage.googleapis.com/jjgames-static/images/388.JPG
3871,http://commondatastorage.googleapis.com/jjgames-static/images/341.JPG
3896,http://commondatastorage.googleapis.com/jjgames-static/images/390.JPG
3872,http://commondatastorage.googleapis.com/jjgames-static/images/343.JPG
3895,http://commondatastorage.googleapis.com/jjgames-static/images/389.JPG
3873,http://commondatastorage.googleapis.com/jjgames-static/images/345.JPG
3897,http://commondatastorage.googleapis.com/jjgames-static/images/618.JPG
3874,http://commondatastorage.googleapis.com/jjgames-static/images/760.JPG
3898,http://commondatastorage.googleapis.com/jjgames-static/images/392.JPG
3876,http://commondatastorage.googleapis.com/jjgames-static/images/355.JPG
3899,http://commondatastorage.googleapis.com/jjgames-static/images/393.JPG
3875,http://commondatastorage.googleapis.com/jjgames-static/images/353.JPG
12587,http://commondatastorage.googleapis.com/jjgames-static/images/6028.JPG
3878,http://commondatastorage.googleapis.com/jjgames-static/images/359.JPG
3900,http://commondatastorage.googleapis.com/jjgames-static/images/395.JPG
3879,http://commondatastorage.googleapis.com/jjgames-static/images/361.JPG
3901,http://commondatastorage.googleapis.com/jjgames-static/images/396.JPG
3880,http://commondatastorage.googleapis.com/jjgames-static/images/365.JPG
3902,http://commondatastorage.googleapis.com/jjgames-static/images/403.JPG
3881,http://commondatastorage.googleapis.com/jjgames-static/images/366.JPG
3903,http://commondatastorage.googleapis.com/jjgames-static/images/404.JPG
3882,http://commondatastorage.googleapis.com/jjgames-static/images/367.JPG
3904,http://commondatastorage.googleapis.com/jjgames-static/images/413.JPG
3883,http://commondatastorage.googleapis.com/jjgames-static/images/368.JPG
3905,http://commondatastorage.googleapis.com/jjgames-static/images/414.JPG
3906,http://commondatastorage.googleapis.com/jjgames-static/images/421.JPG
3914,http://commondatastorage.googleapis.com/jjgames-static/images/436.JPG
3930,http://commondatastorage.googleapis.com/jjgames-static/images/616.JPG
3951,http://commondatastorage.googleapis.com/jjgames-static/images/517.JPG
3931,http://commondatastorage.googleapis.com/jjgames-static/images/474.JPG
3955,http://commondatastorage.googleapis.com/jjgames-static/images/523.JPG
3932,http://commondatastorage.googleapis.com/jjgames-static/images/4920.JPG
3956,http://commondatastorage.googleapis.com/jjgames-static/images/524.JPG
3933,http://commondatastorage.googleapis.com/jjgames-static/images/478.JPG
3957,http://commondatastorage.googleapis.com/jjgames-static/images/3051.JPG
3934,http://commondatastorage.googleapis.com/jjgames-static/images/480.JPG
3958,http://commondatastorage.googleapis.com/jjgames-static/images/4386.JPG
3935,http://commondatastorage.googleapis.com/jjgames-static/images/2249.JPG
3959,http://commondatastorage.googleapis.com/jjgames-static/images/4454.JPG
3936,http://commondatastorage.googleapis.com/jjgames-static/images/486.JPG
3969,http://commondatastorage.googleapis.com/jjgames-static/images/540.JPG
3937,http://commondatastorage.googleapis.com/jjgames-static/images/487.JPG
3970,http://commondatastorage.googleapis.com/jjgames-static/images/541.JPG
3938,http://commondatastorage.googleapis.com/jjgames-static/images/488.JPG
3971,http://commondatastorage.googleapis.com/jjgames-static/images/542.JPG
3939,http://commondatastorage.googleapis.com/jjgames-static/images/489.JPG
3953,http://commondatastorage.googleapis.com/jjgames-static/images/518.JPG
3940,http://commondatastorage.googleapis.com/jjgames-static/images/491.JPG
14135,http://commondatastorage.googleapis.com/jjgames-static/images/10277.JPG
3941,http://commondatastorage.googleapis.com/jjgames-static/images/493.JPG
3954,http://commondatastorage.googleapis.com/jjgames-static/images/521.JPG
3704,http://commondatastorage.googleapis.com/jjgames-static/images/45.JPG
3960,http://commondatastorage.googleapis.com/jjgames-static/images/527.JPG
3942,http://commondatastorage.googleapis.com/jjgames-static/images/496.JPG
3961,http://commondatastorage.googleapis.com/jjgames-static/images/528.JPG
3943,http://commondatastorage.googleapis.com/jjgames-static/images/498.JPG
21291,http://commondatastorage.googleapis.com/jjgames-static/images/25541.JPG
3944,http://commondatastorage.googleapis.com/jjgames-static/images/499.JPG
3962,http://commondatastorage.googleapis.com/jjgames-static/images/529.JPG
3945,http://commondatastorage.googleapis.com/jjgames-static/images/500.JPG
3963,http://commondatastorage.googleapis.com/jjgames-static/images/530.JPG
3946,http://commondatastorage.googleapis.com/jjgames-static/images/502.JPG
3964,http://commondatastorage.googleapis.com/jjgames-static/images/532.JPG
33811,http://commondatastorage.googleapis.com/jjgames-static/images/25540.JPG
3965,http://commondatastorage.googleapis.com/jjgames-static/images/533.JPG
3947,http://commondatastorage.googleapis.com/jjgames-static/images/503.JPG
3966,http://commondatastorage.googleapis.com/jjgames-static/images/534.JPG
3952,http://commondatastorage.googleapis.com/jjgames-static/images/2521.JPG
3967,http://commondatastorage.googleapis.com/jjgames-static/images/536.JPG
3948,http://commondatastorage.googleapis.com/jjgames-static/images/510.JPG
3968,http://commondatastorage.googleapis.com/jjgames-static/images/538.JPG
3949,http://commondatastorage.googleapis.com/jjgames-static/images/511.JPG
3973,http://commondatastorage.googleapis.com/jjgames-static/images/545.JPG
3950,http://commondatastorage.googleapis.com/jjgames-static/images/515.JPG
3972,http://commondatastorage.googleapis.com/jjgames-static/images/544.JPG
3974,http://commondatastorage.googleapis.com/jjgames-static/images/546.JPG
3975,http://commondatastorage.googleapis.com/jjgames-static/images/547.JPG
19414,http://commondatastorage.googleapis.com/jjgames-static/images/13212.JPG
3976,http://commondatastorage.googleapis.com/jjgames-static/images/549.JPG
32862,http://commondatastorage.googleapis.com/jjgames-static/images/25536.JPG
19305,http://commondatastorage.googleapis.com/jjgames-static/images/13176.JPG
32935,http://commondatastorage.googleapis.com/jjgames-static/images/25538.JPG
32934,http://commondatastorage.googleapis.com/jjgames-static/images/25537.JPG
3977,http://commondatastorage.googleapis.com/jjgames-static/images/550.JPG
14315,http://commondatastorage.googleapis.com/jjgames-static/images/10388.JPG
