21215,http://static.jjgames.com/images/noimage.jpg
21295,http://static.jjgames.com/images/noimage.jpg
21207,http://static.jjgames.com/images/noimage.jpg
21250,http://static.jjgames.com/images/noimage.jpg
21224,http://static.jjgames.com/images/noimage.jpg
21199,http://static.jjgames.com/images/noimage.jpg
21202,http://static.jjgames.com/images/noimage.jpg
21246,http://static.jjgames.com/images/noimage.jpg
21198,http://static.jjgames.com/images/noimage.jpg
21216,http://static.jjgames.com/images/noimage.jpg
21217,http://static.jjgames.com/images/noimage.jpg
21296,http://static.jjgames.com/images/noimage.jpg
21201,http://static.jjgames.com/images/noimage.jpg
21245,http://static.jjgames.com/images/noimage.jpg
21220,http://static.jjgames.com/images/noimage.jpg
21231,http://static.jjgames.com/images/noimage.jpg
21235,http://static.jjgames.com/images/noimage.jpg
21222,http://static.jjgames.com/images/noimage.jpg
21229,http://static.jjgames.com/images/noimage.jpg
21221,http://static.jjgames.com/images/noimage.jpg
21214,http://static.jjgames.com/images/noimage.jpg
21241,http://static.jjgames.com/images/noimage.jpg
21297,http://static.jjgames.com/images/noimage.jpg
21218,http://static.jjgames.com/images/noimage.jpg
21247,http://static.jjgames.com/images/noimage.jpg
21227,http://static.jjgames.com/images/noimage.jpg
21223,http://static.jjgames.com/images/noimage.jpg
21242,http://static.jjgames.com/images/noimage.jpg
21213,http://static.jjgames.com/images/noimage.jpg
21204,http://static.jjgames.com/images/noimage.jpg
21226,http://static.jjgames.com/images/noimage.jpg
21225,http://static.jjgames.com/images/noimage.jpg
21243,http://static.jjgames.com/images/noimage.jpg
21239,http://static.jjgames.com/images/noimage.jpg
21249,http://static.jjgames.com/images/noimage.jpg
21244,http://static.jjgames.com/images/noimage.jpg
21208,http://static.jjgames.com/images/noimage.jpg
21233,http://static.jjgames.com/images/noimage.jpg
21234,http://static.jjgames.com/images/noimage.jpg
21228,http://static.jjgames.com/images/noimage.jpg
21212,http://static.jjgames.com/images/noimage.jpg
21238,http://static.jjgames.com/images/noimage.jpg
21209,http://static.jjgames.com/images/noimage.jpg
21232,http://static.jjgames.com/images/noimage.jpg
21211,http://static.jjgames.com/images/noimage.jpg
21206,http://static.jjgames.com/images/noimage.jpg
21219,http://static.jjgames.com/images/noimage.jpg
21236,http://static.jjgames.com/images/noimage.jpg
21203,http://static.jjgames.com/images/noimage.jpg
21205,http://static.jjgames.com/images/noimage.jpg
21240,http://static.jjgames.com/images/noimage.jpg
21248,http://static.jjgames.com/images/noimage.jpg
21230,http://static.jjgames.com/images/noimage.jpg
21210,http://static.jjgames.com/images/noimage.jpg
21237,http://static.jjgames.com/images/noimage.jpg
21200,http://static.jjgames.com/images/noimage.jpg
