34837,http://commondatastorage.googleapis.com/jjgames-static/images/27158.JPG
34551,http://commondatastorage.googleapis.com/jjgames-static/images/26491.JPG
34523,http://commondatastorage.googleapis.com/jjgames-static/images/26494.JPG
34524,http://commondatastorage.googleapis.com/jjgames-static/images/26503.JPG
34525,http://commondatastorage.googleapis.com/jjgames-static/images/26504.JPG
34866,/images/notfound.jpg
34557,http://commondatastorage.googleapis.com/jjgames-static/images/26510.JPG
34566,http://commondatastorage.googleapis.com/jjgames-static/images/26516.JPG
34569,http://commondatastorage.googleapis.com/jjgames-static/images/26519.JPG
34998,http://commondatastorage.googleapis.com/jjgames-static/images/27332.JPG
34529,http://commondatastorage.googleapis.com/jjgames-static/images/26529.JPG
34809,http://commondatastorage.googleapis.com/jjgames-static/images/27168.JPG
34810,http://commondatastorage.googleapis.com/jjgames-static/images/27169.JPG
34755,http://commondatastorage.googleapis.com/jjgames-static/images/27118.JPG
34756,http://commondatastorage.googleapis.com/jjgames-static/images/27119.JPG
34827,http://commondatastorage.googleapis.com/jjgames-static/images/27172.JPG
34532,http://commondatastorage.googleapis.com/jjgames-static/images/26537.JPG
34534,http://commondatastorage.googleapis.com/jjgames-static/images/26539.JPG
34552,http://commondatastorage.googleapis.com/jjgames-static/images/26540.JPG
34553,http://commondatastorage.googleapis.com/jjgames-static/images/26541.JPG
34550,http://commondatastorage.googleapis.com/jjgames-static/images/26544.JPG
34669,/images/notfound.jpg
34807,http://commondatastorage.googleapis.com/jjgames-static/images/27177.JPG
34860,/images/notfound.jpg
34537,http://commondatastorage.googleapis.com/jjgames-static/images/26546.JPG
34750,http://commondatastorage.googleapis.com/jjgames-static/images/27123.JPG
34924,http://commondatastorage.googleapis.com/jjgames-static/images/27289.JPG
34538,http://commondatastorage.googleapis.com/jjgames-static/images/26551.JPG
34595,http://commondatastorage.googleapis.com/jjgames-static/images/26554.JPG
34542,http://commondatastorage.googleapis.com/jjgames-static/images/26558.JPG
35002,http://commondatastorage.googleapis.com/jjgames-static/images/27348.JPG
34560,http://commondatastorage.googleapis.com/jjgames-static/images/26561.JPG
34558,http://commondatastorage.googleapis.com/jjgames-static/images/26562.JPG
34559,http://commondatastorage.googleapis.com/jjgames-static/images/26563.JPG
34733,/images/notfound.jpg
34693,http://commondatastorage.googleapis.com/jjgames-static/images/26648.JPG
34556,http://commondatastorage.googleapis.com/jjgames-static/images/26567.JPG
34970,http://commondatastorage.googleapis.com/jjgames-static/images/27300.JPG
34965,http://commondatastorage.googleapis.com/jjgames-static/images/27304.JPG
34984,http://commondatastorage.googleapis.com/jjgames-static/images/27357.JPG
34705,http://commondatastorage.googleapis.com/jjgames-static/images/26653.JPG
34655,/images/notfound.jpg
34944,http://commondatastorage.googleapis.com/jjgames-static/images/27311.JPG
34815,http://commondatastorage.googleapis.com/jjgames-static/images/27193.JPG
34938,http://commondatastorage.googleapis.com/jjgames-static/images/27316.JPG
34907,/images/notfound.jpg
34914,/images/notfound.jpg
34880,/images/notfound.jpg
34885,/images/notfound.jpg
35029,http://static.jjgames.com/images/noimage.jpg
35036,http://static.jjgames.com/images/noimage.jpg
35040,http://static.jjgames.com/images/noimage.jpg
35022,http://commondatastorage.googleapis.com/jjgames-static/images/27361.JPG
35009,http://commondatastorage.googleapis.com/jjgames-static/images/27340.JPG
35013,http://commondatastorage.googleapis.com/jjgames-static/images/27344.JPG
35015,http://commondatastorage.googleapis.com/jjgames-static/images/27346.JPG
35042,http://static.jjgames.com/images/noimage.jpg
35048,http://static.jjgames.com/images/noimage.jpg
35033,http://static.jjgames.com/images/noimage.jpg
