34990,http://commondatastorage.googleapis.com/jjgames-static/images/27326.JPG
34821,http://commondatastorage.googleapis.com/jjgames-static/images/27156.JPG
34468,http://commondatastorage.googleapis.com/jjgames-static/images/26384.JPG
35087,http://commondatastorage.googleapis.com/jjgames-static/images/27371.JPG
32530,http://commondatastorage.googleapis.com/jjgames-static/images/24497.JPG
32475,http://commondatastorage.googleapis.com/jjgames-static/images/24482.JPG
33232,http://commondatastorage.googleapis.com/jjgames-static/images/24844.JPG
34461,http://commondatastorage.googleapis.com/jjgames-static/images/26398.JPG
32476,http://commondatastorage.googleapis.com/jjgames-static/images/24480.JPG
34951,http://commondatastorage.googleapis.com/jjgames-static/images/27274.JPG
32477,http://commondatastorage.googleapis.com/jjgames-static/images/24481.JPG
34869,http://static.jjgames.com/images/noimage.jpg
33321,http://commondatastorage.googleapis.com/jjgames-static/images/24859.JPG
34811,http://commondatastorage.googleapis.com/jjgames-static/images/27163.JPG
34046,http://commondatastorage.googleapis.com/jjgames-static/images/25754.JPG
34047,http://static.jjgames.com/images/noimage.jpg
34680,http://commondatastorage.googleapis.com/jjgames-static/images/26621.JPG
34697,http://static.jjgames.com/images/noimage.jpg
35018,http://commondatastorage.googleapis.com/jjgames-static/images/27328.JPG
35019,http://static.jjgames.com/images/noimage.jpg
33925,http://commondatastorage.googleapis.com/jjgames-static/images/25629.JPG
34768,http://commondatastorage.googleapis.com/jjgames-static/images/27113.JPG
34823,http://commondatastorage.googleapis.com/jjgames-static/images/27165.JPG
34824,http://static.jjgames.com/images/noimage.jpg
