4193,http://commondatastorage.googleapis.com/jjgames-static/images/2217.JPG
12596,http://commondatastorage.googleapis.com/jjgames-static/images/9540.JPG
4194,http://commondatastorage.googleapis.com/jjgames-static/images/3266.JPG
12718,http://commondatastorage.googleapis.com/jjgames-static/images/9579.JPG
12597,http://commondatastorage.googleapis.com/jjgames-static/images/6322.JPG
4195,http://commondatastorage.googleapis.com/jjgames-static/images/4532.JPG
12598,http://commondatastorage.googleapis.com/jjgames-static/images/7481.JPG
4196,http://commondatastorage.googleapis.com/jjgames-static/images/3328.JPG
4290,http://commondatastorage.googleapis.com/jjgames-static/images/3400.JPG
4234,http://commondatastorage.googleapis.com/jjgames-static/images/7724.JPG
12599,http://commondatastorage.googleapis.com/jjgames-static/images/7052.JPG
14364,http://commondatastorage.googleapis.com/jjgames-static/images/7482.JPG
4235,http://commondatastorage.googleapis.com/jjgames-static/images/4605.JPG
12600,http://commondatastorage.googleapis.com/jjgames-static/images/6123.JPG
4197,http://commondatastorage.googleapis.com/jjgames-static/images/4181.JPG
4198,http://commondatastorage.googleapis.com/jjgames-static/images/4206.JPG
4199,http://commondatastorage.googleapis.com/jjgames-static/images/4435.JPG
12601,http://commondatastorage.googleapis.com/jjgames-static/images/6554.JPG
4200,http://commondatastorage.googleapis.com/jjgames-static/images/4868.JPG
12602,http://commondatastorage.googleapis.com/jjgames-static/images/9541.JPG
4201,http://commondatastorage.googleapis.com/jjgames-static/images/7702.JPG
4202,http://commondatastorage.googleapis.com/jjgames-static/images/6275.JPG
4203,http://commondatastorage.googleapis.com/jjgames-static/images/4343.JPG
12603,http://commondatastorage.googleapis.com/jjgames-static/images/6239.JPG
12604,http://commondatastorage.googleapis.com/jjgames-static/images/6897.JPG
12605,http://commondatastorage.googleapis.com/jjgames-static/images/7374.JPG
12606,http://commondatastorage.googleapis.com/jjgames-static/images/9542.JPG
4204,http://commondatastorage.googleapis.com/jjgames-static/images/4310.JPG
4205,http://commondatastorage.googleapis.com/jjgames-static/images/7531.JPG
12607,http://commondatastorage.googleapis.com/jjgames-static/images/7204.JPG
8499,http://commondatastorage.googleapis.com/jjgames-static/images/5419.JPG
12608,http://commondatastorage.googleapis.com/jjgames-static/images/9543.JPG
12609,http://commondatastorage.googleapis.com/jjgames-static/images/9544.JPG
13964,http://commondatastorage.googleapis.com/jjgames-static/images/7158.JPG
32813,http://commondatastorage.googleapis.com/jjgames-static/images/25476.JPG
4206,http://commondatastorage.googleapis.com/jjgames-static/images/4182.JPG
4207,http://commondatastorage.googleapis.com/jjgames-static/images/3721.JPG
4208,http://commondatastorage.googleapis.com/jjgames-static/images/3818.JPG
4209,http://commondatastorage.googleapis.com/jjgames-static/images/4492.JPG
4210,http://commondatastorage.googleapis.com/jjgames-static/images/3735.JPG
4211,http://commondatastorage.googleapis.com/jjgames-static/images/4015.JPG
4212,http://commondatastorage.googleapis.com/jjgames-static/images/7787.JPG
12610,http://commondatastorage.googleapis.com/jjgames-static/images/7098.JPG
4213,http://commondatastorage.googleapis.com/jjgames-static/images/7737.JPG
12612,http://commondatastorage.googleapis.com/jjgames-static/images/9545.JPG
4214,http://commondatastorage.googleapis.com/jjgames-static/images/2913.JPG
4215,http://commondatastorage.googleapis.com/jjgames-static/images/4730.JPG
12613,http://commondatastorage.googleapis.com/jjgames-static/images/9546.JPG
4216,http://commondatastorage.googleapis.com/jjgames-static/images/7675.JPG
12614,http://commondatastorage.googleapis.com/jjgames-static/images/6236.JPG
4232,http://commondatastorage.googleapis.com/jjgames-static/images/3323.JPG
8519,http://commondatastorage.googleapis.com/jjgames-static/images/5356.JPG
4577,http://commondatastorage.googleapis.com/jjgames-static/images/3916.JPG
4217,http://commondatastorage.googleapis.com/jjgames-static/images/2247.JPG
4218,http://commondatastorage.googleapis.com/jjgames-static/images/3792.JPG
12615,http://commondatastorage.googleapis.com/jjgames-static/images/9547.JPG
4219,http://commondatastorage.googleapis.com/jjgames-static/images/3736.JPG
12616,http://commondatastorage.googleapis.com/jjgames-static/images/9548.JPG
12093,http://commondatastorage.googleapis.com/jjgames-static/images/5896.JPG
12578,http://commondatastorage.googleapis.com/jjgames-static/images/6029.JPG
4220,http://commondatastorage.googleapis.com/jjgames-static/images/4610.JPG
4221,http://commondatastorage.googleapis.com/jjgames-static/images/4611.JPG
4222,http://commondatastorage.googleapis.com/jjgames-static/images/7703.JPG
12617,http://commondatastorage.googleapis.com/jjgames-static/images/9549.JPG
4228,http://commondatastorage.googleapis.com/jjgames-static/images/4344.JPG
4224,http://commondatastorage.googleapis.com/jjgames-static/images/4740.JPG
4225,http://commondatastorage.googleapis.com/jjgames-static/images/5361.JPG
4226,http://commondatastorage.googleapis.com/jjgames-static/images/3948.JPG
4227,http://commondatastorage.googleapis.com/jjgames-static/images/5024.JPG
12618,http://commondatastorage.googleapis.com/jjgames-static/images/9550.JPG
12619,http://commondatastorage.googleapis.com/jjgames-static/images/9551.JPG
4229,http://commondatastorage.googleapis.com/jjgames-static/images/3919.JPG
4230,http://commondatastorage.googleapis.com/jjgames-static/images/4928.JPG
12620,http://commondatastorage.googleapis.com/jjgames-static/images/7432.JPG
4231,http://commondatastorage.googleapis.com/jjgames-static/images/4461.JPG
4233,http://commondatastorage.googleapis.com/jjgames-static/images/4311.JPG
12621,http://commondatastorage.googleapis.com/jjgames-static/images/6124.JPG
4236,http://commondatastorage.googleapis.com/jjgames-static/images/6174.JPG
12658,http://commondatastorage.googleapis.com/jjgames-static/images/9552.JPG
12659,http://commondatastorage.googleapis.com/jjgames-static/images/6196.JPG
4237,http://commondatastorage.googleapis.com/jjgames-static/images/7687.JPG
12660,http://commondatastorage.googleapis.com/jjgames-static/images/6395.JPG
12661,http://commondatastorage.googleapis.com/jjgames-static/images/9553.JPG
12662,http://commondatastorage.googleapis.com/jjgames-static/images/7331.JPG
12663,http://commondatastorage.googleapis.com/jjgames-static/images/9554.JPG
4238,http://commondatastorage.googleapis.com/jjgames-static/images/6558.JPG
12664,http://commondatastorage.googleapis.com/jjgames-static/images/7375.JPG
12665,http://commondatastorage.googleapis.com/jjgames-static/images/6229.JPG
4239,http://commondatastorage.googleapis.com/jjgames-static/images/5949.JPG
4240,http://commondatastorage.googleapis.com/jjgames-static/images/4560.JPG
4241,http://commondatastorage.googleapis.com/jjgames-static/images/4078.JPG
19220,http://commondatastorage.googleapis.com/jjgames-static/images/13115.JPG
4242,http://commondatastorage.googleapis.com/jjgames-static/images/4956.JPG
4243,http://commondatastorage.googleapis.com/jjgames-static/images/5718.JPG
12666,http://commondatastorage.googleapis.com/jjgames-static/images/9555.JPG
4245,http://commondatastorage.googleapis.com/jjgames-static/images/4712.JPG
4246,http://commondatastorage.googleapis.com/jjgames-static/images/7203.JPG
4247,http://commondatastorage.googleapis.com/jjgames-static/images/5593.JPG
4244,http://commondatastorage.googleapis.com/jjgames-static/images/4495.JPG
4248,http://commondatastorage.googleapis.com/jjgames-static/images/3670.JPG
4249,http://commondatastorage.googleapis.com/jjgames-static/images/3671.JPG
4250,http://commondatastorage.googleapis.com/jjgames-static/images/3293.JPG
4251,http://commondatastorage.googleapis.com/jjgames-static/images/3917.JPG
12667,http://commondatastorage.googleapis.com/jjgames-static/images/6430.JPG
34013,http://commondatastorage.googleapis.com/jjgames-static/images/25732.JPG
4252,http://commondatastorage.googleapis.com/jjgames-static/images/4525.JPG
4253,http://commondatastorage.googleapis.com/jjgames-static/images/3899.JPG
4254,http://commondatastorage.googleapis.com/jjgames-static/images/4965.JPG
12668,http://commondatastorage.googleapis.com/jjgames-static/images/9556.JPG
4255,http://commondatastorage.googleapis.com/jjgames-static/images/4215.JPG
13963,http://commondatastorage.googleapis.com/jjgames-static/images/7157.JPG
4256,http://commondatastorage.googleapis.com/jjgames-static/images/4803.JPG
4257,http://commondatastorage.googleapis.com/jjgames-static/images/2911.JPG
4258,http://commondatastorage.googleapis.com/jjgames-static/images/4625.JPG
14348,http://commondatastorage.googleapis.com/jjgames-static/images/10412.JPG
4259,http://commondatastorage.googleapis.com/jjgames-static/images/7231.JPG
14396,http://commondatastorage.googleapis.com/jjgames-static/images/7436.JPG
12669,http://commondatastorage.googleapis.com/jjgames-static/images/6348.JPG
4260,http://commondatastorage.googleapis.com/jjgames-static/images/4050.JPG
12670,http://commondatastorage.googleapis.com/jjgames-static/images/6680.JPG
12672,http://commondatastorage.googleapis.com/jjgames-static/images/9557.JPG
4261,http://commondatastorage.googleapis.com/jjgames-static/images/3827.JPG
4262,http://commondatastorage.googleapis.com/jjgames-static/images/3949.JPG
12673,http://commondatastorage.googleapis.com/jjgames-static/images/9558.JPG
12674,http://commondatastorage.googleapis.com/jjgames-static/images/9559.JPG
12675,http://commondatastorage.googleapis.com/jjgames-static/images/6431.JPG
12676,http://commondatastorage.googleapis.com/jjgames-static/images/9560.JPG
4263,http://commondatastorage.googleapis.com/jjgames-static/images/7167.JPG
4265,http://commondatastorage.googleapis.com/jjgames-static/images/5621.JPG
4266,http://commondatastorage.googleapis.com/jjgames-static/images/3843.JPG
4267,http://commondatastorage.googleapis.com/jjgames-static/images/3637.JPG
4268,http://commondatastorage.googleapis.com/jjgames-static/images/4253.JPG
4269,http://commondatastorage.googleapis.com/jjgames-static/images/3558.JPG
4270,http://commondatastorage.googleapis.com/jjgames-static/images/4040.JPG
12677,http://commondatastorage.googleapis.com/jjgames-static/images/9561.JPG
12678,http://commondatastorage.googleapis.com/jjgames-static/images/9562.JPG
4271,http://commondatastorage.googleapis.com/jjgames-static/images/5654.JPG
4272,http://commondatastorage.googleapis.com/jjgames-static/images/4762.JPG
4273,http://commondatastorage.googleapis.com/jjgames-static/images/3278.JPG
4274,http://commondatastorage.googleapis.com/jjgames-static/images/3660.JPG
15000,http://commondatastorage.googleapis.com/jjgames-static/images/12673.JPG
18499,http://commondatastorage.googleapis.com/jjgames-static/images/12932.JPG
20099,http://commondatastorage.googleapis.com/jjgames-static/images/25480.JPG
12679,http://commondatastorage.googleapis.com/jjgames-static/images/6877.JPG
12680,http://commondatastorage.googleapis.com/jjgames-static/images/6138.JPG
4275,http://commondatastorage.googleapis.com/jjgames-static/images/7725.JPG
4276,http://commondatastorage.googleapis.com/jjgames-static/images/4058.JPG
4277,http://commondatastorage.googleapis.com/jjgames-static/images/4867.JPG
4278,http://commondatastorage.googleapis.com/jjgames-static/images/5436.JPG
4279,http://commondatastorage.googleapis.com/jjgames-static/images/3258.JPG
4280,http://commondatastorage.googleapis.com/jjgames-static/images/2285.JPG
4281,http://commondatastorage.googleapis.com/jjgames-static/images/3687.JPG
4282,http://commondatastorage.googleapis.com/jjgames-static/images/7670.JPG
12681,http://commondatastorage.googleapis.com/jjgames-static/images/7004.JPG
4283,http://commondatastorage.googleapis.com/jjgames-static/images/4631.JPG
4284,http://commondatastorage.googleapis.com/jjgames-static/images/7287.JPG
4285,http://commondatastorage.googleapis.com/jjgames-static/images/3455.JPG
4286,http://commondatastorage.googleapis.com/jjgames-static/images/7688.JPG
4287,http://commondatastorage.googleapis.com/jjgames-static/images/4442.JPG
7284,http://commondatastorage.googleapis.com/jjgames-static/images/5264.JPG
12682,http://commondatastorage.googleapis.com/jjgames-static/images/9563.JPG
4289,http://commondatastorage.googleapis.com/jjgames-static/images/4526.JPG
4288,http://commondatastorage.googleapis.com/jjgames-static/images/3290.JPG
4291,http://commondatastorage.googleapis.com/jjgames-static/images/3509.JPG
4292,http://commondatastorage.googleapis.com/jjgames-static/images/3778.JPG
12683,http://commondatastorage.googleapis.com/jjgames-static/images/6564.JPG
4293,http://commondatastorage.googleapis.com/jjgames-static/images/3737.JPG
4294,http://commondatastorage.googleapis.com/jjgames-static/images/2447.JPG
4295,http://commondatastorage.googleapis.com/jjgames-static/images/7669.JPG
4296,http://commondatastorage.googleapis.com/jjgames-static/images/7668.JPG
4297,http://commondatastorage.googleapis.com/jjgames-static/images/3714.JPG
4298,http://commondatastorage.googleapis.com/jjgames-static/images/1758.JPG
4299,http://commondatastorage.googleapis.com/jjgames-static/images/4820.JPG
4300,http://commondatastorage.googleapis.com/jjgames-static/images/3461.JPG
4301,http://commondatastorage.googleapis.com/jjgames-static/images/3722.JPG
14077,http://commondatastorage.googleapis.com/jjgames-static/images/10250.JPG
12684,http://commondatastorage.googleapis.com/jjgames-static/images/6125.JPG
4303,http://commondatastorage.googleapis.com/jjgames-static/images/4713.JPG
12685,http://commondatastorage.googleapis.com/jjgames-static/images/9564.JPG
7286,http://commondatastorage.googleapis.com/jjgames-static/images/5265.JPG
12686,http://commondatastorage.googleapis.com/jjgames-static/images/9565.JPG
4304,http://commondatastorage.googleapis.com/jjgames-static/images/3915.JPG
14287,http://commondatastorage.googleapis.com/jjgames-static/images/7394.JPG
12687,http://commondatastorage.googleapis.com/jjgames-static/images/7376.JPG
4305,http://commondatastorage.googleapis.com/jjgames-static/images/3799.JPG
4306,http://commondatastorage.googleapis.com/jjgames-static/images/7679.JPG
4307,http://commondatastorage.googleapis.com/jjgames-static/images/3284.JPG
4308,http://commondatastorage.googleapis.com/jjgames-static/images/3285.JPG
4309,http://commondatastorage.googleapis.com/jjgames-static/images/7673.JPG
4310,http://commondatastorage.googleapis.com/jjgames-static/images/2334.JPG
4311,http://commondatastorage.googleapis.com/jjgames-static/images/7681.JPG
12688,http://commondatastorage.googleapis.com/jjgames-static/images/9566.JPG
4313,http://commondatastorage.googleapis.com/jjgames-static/images/3572.JPG
12690,http://commondatastorage.googleapis.com/jjgames-static/images/6434.JPG
4314,http://commondatastorage.googleapis.com/jjgames-static/images/7743.JPG
12689,http://commondatastorage.googleapis.com/jjgames-static/images/9567.JPG
12904,http://commondatastorage.googleapis.com/jjgames-static/images/9685.JPG
4315,http://commondatastorage.googleapis.com/jjgames-static/images/4527.JPG
4316,http://commondatastorage.googleapis.com/jjgames-static/images/7433.JPG
4317,http://commondatastorage.googleapis.com/jjgames-static/images/3271.JPG
4318,http://commondatastorage.googleapis.com/jjgames-static/images/3263.JPG
4319,http://commondatastorage.googleapis.com/jjgames-static/images/7700.JPG
8733,http://commondatastorage.googleapis.com/jjgames-static/images/5364.JPG
4320,http://commondatastorage.googleapis.com/jjgames-static/images/2169.JPG
4321,http://commondatastorage.googleapis.com/jjgames-static/images/7736.JPG
4322,http://commondatastorage.googleapis.com/jjgames-static/images/3236.JPG
12691,http://commondatastorage.googleapis.com/jjgames-static/images/9568.JPG
4323,http://commondatastorage.googleapis.com/jjgames-static/images/4413.JPG
4324,http://commondatastorage.googleapis.com/jjgames-static/images/7719.JPG
12692,http://commondatastorage.googleapis.com/jjgames-static/images/9569.JPG
18581,http://commondatastorage.googleapis.com/jjgames-static/images/12992.JPG
12585,http://commondatastorage.googleapis.com/jjgames-static/images/6030.JPG
17615,http://commondatastorage.googleapis.com/jjgames-static/images/12898.JPG
4326,http://commondatastorage.googleapis.com/jjgames-static/images/3908.JPG
4327,http://commondatastorage.googleapis.com/jjgames-static/images/4763.JPG
4328,http://commondatastorage.googleapis.com/jjgames-static/images/4709.JPG
4329,http://commondatastorage.googleapis.com/jjgames-static/images/6336.JPG
4330,http://commondatastorage.googleapis.com/jjgames-static/images/4531.JPG
4332,http://commondatastorage.googleapis.com/jjgames-static/images/4641.JPG
19253,http://commondatastorage.googleapis.com/jjgames-static/images/13129.JPG
12693,http://commondatastorage.googleapis.com/jjgames-static/images/6886.JPG
12694,http://commondatastorage.googleapis.com/jjgames-static/images/6175.JPG
4333,http://commondatastorage.googleapis.com/jjgames-static/images/4041.JPG
4334,http://commondatastorage.googleapis.com/jjgames-static/images/2912.JPG
12695,http://commondatastorage.googleapis.com/jjgames-static/images/9570.JPG
12696,http://commondatastorage.googleapis.com/jjgames-static/images/6143.JPG
12698,http://commondatastorage.googleapis.com/jjgames-static/images/7016.JPG
12697,http://commondatastorage.googleapis.com/jjgames-static/images/6126.JPG
13098,http://commondatastorage.googleapis.com/jjgames-static/images/6127.JPG
4335,http://commondatastorage.googleapis.com/jjgames-static/images/4764.JPG
12699,http://commondatastorage.googleapis.com/jjgames-static/images/9571.JPG
7301,http://commondatastorage.googleapis.com/jjgames-static/images/5165.JPG
4336,http://commondatastorage.googleapis.com/jjgames-static/images/1621.JPG
4337,http://commondatastorage.googleapis.com/jjgames-static/images/3451.JPG
15026,http://commondatastorage.googleapis.com/jjgames-static/images/12689.JPG
4338,http://commondatastorage.googleapis.com/jjgames-static/images/2833.JPG
4339,http://commondatastorage.googleapis.com/jjgames-static/images/3511.JPG
4340,http://commondatastorage.googleapis.com/jjgames-static/images/2832.JPG
4341,http://commondatastorage.googleapis.com/jjgames-static/images/3797.JPG
4342,http://commondatastorage.googleapis.com/jjgames-static/images/7697.JPG
12700,http://commondatastorage.googleapis.com/jjgames-static/images/6199.JPG
4343,http://commondatastorage.googleapis.com/jjgames-static/images/4797.JPG
12701,http://commondatastorage.googleapis.com/jjgames-static/images/6705.JPG
4344,http://commondatastorage.googleapis.com/jjgames-static/images/3265.JPG
4345,http://commondatastorage.googleapis.com/jjgames-static/images/3264.JPG
12702,http://commondatastorage.googleapis.com/jjgames-static/images/9572.JPG
4346,http://commondatastorage.googleapis.com/jjgames-static/images/7683.JPG
4347,http://commondatastorage.googleapis.com/jjgames-static/images/4958.JPG
4348,http://commondatastorage.googleapis.com/jjgames-static/images/4733.JPG
12703,http://commondatastorage.googleapis.com/jjgames-static/images/6566.JPG
4349,http://commondatastorage.googleapis.com/jjgames-static/images/3639.JPG
12704,http://commondatastorage.googleapis.com/jjgames-static/images/7206.JPG
12705,http://commondatastorage.googleapis.com/jjgames-static/images/6945.JPG
12706,http://commondatastorage.googleapis.com/jjgames-static/images/6144.JPG
14051,http://commondatastorage.googleapis.com/jjgames-static/images/7552.JPG
4350,http://commondatastorage.googleapis.com/jjgames-static/images/4174.JPG
4351,http://commondatastorage.googleapis.com/jjgames-static/images/4274.JPG
4352,http://commondatastorage.googleapis.com/jjgames-static/images/6242.JPG
4353,http://commondatastorage.googleapis.com/jjgames-static/images/4147.JPG
4354,http://commondatastorage.googleapis.com/jjgames-static/images/3286.JPG
12708,http://commondatastorage.googleapis.com/jjgames-static/images/6145.JPG
12709,http://commondatastorage.googleapis.com/jjgames-static/images/9574.JPG
4355,http://commondatastorage.googleapis.com/jjgames-static/images/7717.JPG
4356,http://commondatastorage.googleapis.com/jjgames-static/images/4837.JPG
4357,http://commondatastorage.googleapis.com/jjgames-static/images/3741.JPG
14363,http://commondatastorage.googleapis.com/jjgames-static/images/10422.JPG
14140,http://commondatastorage.googleapis.com/jjgames-static/images/10280.JPG
18699,http://commondatastorage.googleapis.com/jjgames-static/images/13076.JPG
18630,http://commondatastorage.googleapis.com/jjgames-static/images/13026.JPG
4358,http://commondatastorage.googleapis.com/jjgames-static/images/4575.JPG
4359,http://commondatastorage.googleapis.com/jjgames-static/images/4815.JPG
12710,http://commondatastorage.googleapis.com/jjgames-static/images/6281.JPG
12711,http://commondatastorage.googleapis.com/jjgames-static/images/9575.JPG
12707,http://commondatastorage.googleapis.com/jjgames-static/images/9573.JPG
4360,http://commondatastorage.googleapis.com/jjgames-static/images/4488.JPG
4361,http://commondatastorage.googleapis.com/jjgames-static/images/4489.JPG
13836,http://commondatastorage.googleapis.com/jjgames-static/images/6879.JPG
4362,http://commondatastorage.googleapis.com/jjgames-static/images/3779.JPG
4363,http://commondatastorage.googleapis.com/jjgames-static/images/3738.JPG
4364,http://commondatastorage.googleapis.com/jjgames-static/images/4212.JPG
4365,http://commondatastorage.googleapis.com/jjgames-static/images/3780.JPG
4366,http://commondatastorage.googleapis.com/jjgames-static/images/3135.JPG
4367,http://commondatastorage.googleapis.com/jjgames-static/images/3742.JPG
4368,http://commondatastorage.googleapis.com/jjgames-static/images/4056.JPG
4369,http://commondatastorage.googleapis.com/jjgames-static/images/3401.JPG
4370,http://commondatastorage.googleapis.com/jjgames-static/images/1530.JPG
4371,http://commondatastorage.googleapis.com/jjgames-static/images/3359.JPG
4372,http://commondatastorage.googleapis.com/jjgames-static/images/4323.JPG
4373,http://commondatastorage.googleapis.com/jjgames-static/images/4838.JPG
4374,http://commondatastorage.googleapis.com/jjgames-static/images/3900.JPG
4375,http://commondatastorage.googleapis.com/jjgames-static/images/3555.JPG
4376,http://commondatastorage.googleapis.com/jjgames-static/images/3624.JPG
4377,http://commondatastorage.googleapis.com/jjgames-static/images/3627.JPG
4378,http://commondatastorage.googleapis.com/jjgames-static/images/4153.JPG
4379,http://commondatastorage.googleapis.com/jjgames-static/images/3901.JPG
4380,http://commondatastorage.googleapis.com/jjgames-static/images/7693.JPG
14018,http://commondatastorage.googleapis.com/jjgames-static/images/7283.JPG
14019,http://commondatastorage.googleapis.com/jjgames-static/images/7284.JPG
4381,http://commondatastorage.googleapis.com/jjgames-static/images/3725.JPG
4382,http://commondatastorage.googleapis.com/jjgames-static/images/7674.JPG
4383,http://commondatastorage.googleapis.com/jjgames-static/images/2644.JPG
4385,http://commondatastorage.googleapis.com/jjgames-static/images/7698.JPG
4386,http://commondatastorage.googleapis.com/jjgames-static/images/3275.JPG
4387,http://commondatastorage.googleapis.com/jjgames-static/images/4708.JPG
10894,http://commondatastorage.googleapis.com/jjgames-static/images/5638.JPG
4388,http://commondatastorage.googleapis.com/jjgames-static/images/4121.JPG
10895,http://commondatastorage.googleapis.com/jjgames-static/images/5639.JPG
4389,http://commondatastorage.googleapis.com/jjgames-static/images/4254.JPG
12713,http://commondatastorage.googleapis.com/jjgames-static/images/9576.JPG
4390,http://commondatastorage.googleapis.com/jjgames-static/images/2839.JPG
14352,http://commondatastorage.googleapis.com/jjgames-static/images/10416.JPG
12714,http://commondatastorage.googleapis.com/jjgames-static/images/7383.JPG
4391,http://commondatastorage.googleapis.com/jjgames-static/images/7716.JPG
4392,http://commondatastorage.googleapis.com/jjgames-static/images/5640.JPG
4393,http://commondatastorage.googleapis.com/jjgames-static/images/4839.JPG
4394,http://commondatastorage.googleapis.com/jjgames-static/images/3623.JPG
12715,http://commondatastorage.googleapis.com/jjgames-static/images/9577.JPG
4395,http://commondatastorage.googleapis.com/jjgames-static/images/3943.JPG
13749,http://commondatastorage.googleapis.com/jjgames-static/images/6640.JPG
7314,http://commondatastorage.googleapis.com/jjgames-static/images/5175.JPG
4396,http://commondatastorage.googleapis.com/jjgames-static/images/7729.JPG
7315,http://commondatastorage.googleapis.com/jjgames-static/images/5176.JPG
4397,http://commondatastorage.googleapis.com/jjgames-static/images/3902.JPG
4398,http://commondatastorage.googleapis.com/jjgames-static/images/3903.JPG
4399,http://commondatastorage.googleapis.com/jjgames-static/images/3606.JPG
4400,http://commondatastorage.googleapis.com/jjgames-static/images/2643.JPG
4401,http://commondatastorage.googleapis.com/jjgames-static/images/4177.JPG
4402,http://commondatastorage.googleapis.com/jjgames-static/images/5273.JPG
12716,http://commondatastorage.googleapis.com/jjgames-static/images/9578.JPG
18596,http://commondatastorage.googleapis.com/jjgames-static/images/13003.JPG
4406,http://commondatastorage.googleapis.com/jjgames-static/images/7794.JPG
12717,http://commondatastorage.googleapis.com/jjgames-static/images/7384.JPG
4414,http://commondatastorage.googleapis.com/jjgames-static/images/7676.JPG
12719,http://commondatastorage.googleapis.com/jjgames-static/images/9580.JPG
12586,http://commondatastorage.googleapis.com/jjgames-static/images/6031.JPG
4403,http://commondatastorage.googleapis.com/jjgames-static/images/7746.JPG
4404,http://commondatastorage.googleapis.com/jjgames-static/images/4930.JPG
4405,http://commondatastorage.googleapis.com/jjgames-static/images/7790.JPG
4407,http://commondatastorage.googleapis.com/jjgames-static/images/3272.JPG
4408,http://commondatastorage.googleapis.com/jjgames-static/images/5659.JPG
12720,http://commondatastorage.googleapis.com/jjgames-static/images/6337.JPG
4409,http://commondatastorage.googleapis.com/jjgames-static/images/7677.JPG
32461,http://commondatastorage.googleapis.com/jjgames-static/images/16613.JPG
12721,http://commondatastorage.googleapis.com/jjgames-static/images/9581.JPG
4410,http://commondatastorage.googleapis.com/jjgames-static/images/7785.JPG
4411,http://commondatastorage.googleapis.com/jjgames-static/images/5660.JPG
4412,http://commondatastorage.googleapis.com/jjgames-static/images/3292.JPG
12722,http://commondatastorage.googleapis.com/jjgames-static/images/6147.JPG
4413,http://commondatastorage.googleapis.com/jjgames-static/images/7207.JPG
12723,http://commondatastorage.googleapis.com/jjgames-static/images/6338.JPG
4415,http://commondatastorage.googleapis.com/jjgames-static/images/2895.JPG
12583,http://commondatastorage.googleapis.com/jjgames-static/images/6032.JPG
4416,http://commondatastorage.googleapis.com/jjgames-static/images/4088.JPG
12724,http://commondatastorage.googleapis.com/jjgames-static/images/9582.JPG
12725,http://commondatastorage.googleapis.com/jjgames-static/images/9583.JPG
12726,http://commondatastorage.googleapis.com/jjgames-static/images/6149.JPG
4418,http://commondatastorage.googleapis.com/jjgames-static/images/7744.JPG
12727,http://commondatastorage.googleapis.com/jjgames-static/images/6150.JPG
12728,http://commondatastorage.googleapis.com/jjgames-static/images/9584.JPG
14222,http://commondatastorage.googleapis.com/jjgames-static/images/10339.JPG
4423,http://commondatastorage.googleapis.com/jjgames-static/images/3907.JPG
4424,http://commondatastorage.googleapis.com/jjgames-static/images/4805.JPG
4425,http://commondatastorage.googleapis.com/jjgames-static/images/4453.JPG
20104,http://commondatastorage.googleapis.com/jjgames-static/images/14631.JPG
4426,http://commondatastorage.googleapis.com/jjgames-static/images/7682.JPG
4427,http://commondatastorage.googleapis.com/jjgames-static/images/7707.JPG
4428,http://commondatastorage.googleapis.com/jjgames-static/images/7742.JPG
4429,http://commondatastorage.googleapis.com/jjgames-static/images/7793.JPG
18642,http://commondatastorage.googleapis.com/jjgames-static/images/13036.JPG
4430,http://commondatastorage.googleapis.com/jjgames-static/images/4443.JPG
4431,http://commondatastorage.googleapis.com/jjgames-static/images/4556.JPG
12731,http://commondatastorage.googleapis.com/jjgames-static/images/6573.JPG
12624,http://commondatastorage.googleapis.com/jjgames-static/images/6152.JPG
12623,http://commondatastorage.googleapis.com/jjgames-static/images/7519.JPG
12622,http://commondatastorage.googleapis.com/jjgames-static/images/6040.JPG
4419,http://commondatastorage.googleapis.com/jjgames-static/images/7430.JPG
4420,http://commondatastorage.googleapis.com/jjgames-static/images/7680.JPG
4421,http://commondatastorage.googleapis.com/jjgames-static/images/4083.JPG
4422,http://commondatastorage.googleapis.com/jjgames-static/images/3798.JPG
12625,http://commondatastorage.googleapis.com/jjgames-static/images/6899.JPG
4432,http://commondatastorage.googleapis.com/jjgames-static/images/1580.JPG
4433,http://commondatastorage.googleapis.com/jjgames-static/images/3954.JPG
4434,http://commondatastorage.googleapis.com/jjgames-static/images/4555.JPG
4435,http://commondatastorage.googleapis.com/jjgames-static/images/3876.JPG
4438,http://commondatastorage.googleapis.com/jjgames-static/images/1727.JPG
4439,http://commondatastorage.googleapis.com/jjgames-static/images/1726.JPG
4437,http://commondatastorage.googleapis.com/jjgames-static/images/1390.JPG
4440,http://commondatastorage.googleapis.com/jjgames-static/images/2396.JPG
4441,http://commondatastorage.googleapis.com/jjgames-static/images/1471.JPG
4442,http://commondatastorage.googleapis.com/jjgames-static/images/1472.JPG
4436,http://commondatastorage.googleapis.com/jjgames-static/images/1389.JPG
12626,http://commondatastorage.googleapis.com/jjgames-static/images/9587.JPG
4443,http://commondatastorage.googleapis.com/jjgames-static/images/4613.JPG
4445,http://commondatastorage.googleapis.com/jjgames-static/images/7691.JPG
12628,http://commondatastorage.googleapis.com/jjgames-static/images/6354.JPG
12627,http://commondatastorage.googleapis.com/jjgames-static/images/6933.JPG
14144,http://commondatastorage.googleapis.com/jjgames-static/images/10284.JPG
20098,http://commondatastorage.googleapis.com/jjgames-static/images/25481.JPG
