19754,http://commondatastorage.googleapis.com/jjgames-static/images/16087.JPG
10321,http://commondatastorage.googleapis.com/jjgames-static/images/15806.JPG
18625,http://commondatastorage.googleapis.com/jjgames-static/images/16071.JPG
8721,http://commondatastorage.googleapis.com/jjgames-static/images/15822.JPG
8728,http://commondatastorage.googleapis.com/jjgames-static/images/15869.JPG
16194,http://commondatastorage.googleapis.com/jjgames-static/images/15654.JPG
19284,http://commondatastorage.googleapis.com/jjgames-static/images/16119.JPG
34650,http://commondatastorage.googleapis.com/jjgames-static/images/26601.JPG
19594,http://commondatastorage.googleapis.com/jjgames-static/images/16080.JPG
13914,http://commondatastorage.googleapis.com/jjgames-static/images/16034.JPG
8748,http://commondatastorage.googleapis.com/jjgames-static/images/15871.JPG
8749,http://commondatastorage.googleapis.com/jjgames-static/images/15672.JPG
15676,http://commondatastorage.googleapis.com/jjgames-static/images/15638.JPG
8774,http://commondatastorage.googleapis.com/jjgames-static/images/15873.JPG
8771,http://commondatastorage.googleapis.com/jjgames-static/images/15872.JPG
8778,http://commondatastorage.googleapis.com/jjgames-static/images/15673.JPG
19243,http://commondatastorage.googleapis.com/jjgames-static/images/16059.JPG
8785,http://commondatastorage.googleapis.com/jjgames-static/images/15874.JPG
8790,http://commondatastorage.googleapis.com/jjgames-static/images/16129.JPG
16248,http://commondatastorage.googleapis.com/jjgames-static/images/15657.JPG
20384,http://commondatastorage.googleapis.com/jjgames-static/images/15526.JPG
34647,http://commondatastorage.googleapis.com/jjgames-static/images/26604.JPG
21679,http://commondatastorage.googleapis.com/jjgames-static/images/15547.JPG
21684,http://commondatastorage.googleapis.com/jjgames-static/images/15530.JPG
21684,http://commondatastorage.googleapis.com/jjgames-static/images/15530.JPG
32605,http://commondatastorage.googleapis.com/jjgames-static/images/16615.JPG
8441,http://commondatastorage.googleapis.com/jjgames-static/images/15840.JPG
21259,http://commondatastorage.googleapis.com/jjgames-static/images/15538.JPG
31563,http://commondatastorage.googleapis.com/jjgames-static/images/16144.JPG
8443,http://commondatastorage.googleapis.com/jjgames-static/images/15658.JPG
31566,http://commondatastorage.googleapis.com/jjgames-static/images/16147.JPG
31565,http://commondatastorage.googleapis.com/jjgames-static/images/16146.JPG
8448,http://commondatastorage.googleapis.com/jjgames-static/images/15659.JPG
8450,http://commondatastorage.googleapis.com/jjgames-static/images/16076.JPG
31564,http://commondatastorage.googleapis.com/jjgames-static/images/16145.JPG
8542,http://commondatastorage.googleapis.com/jjgames-static/images/15666.JPG
8543,http://commondatastorage.googleapis.com/jjgames-static/images/15846.JPG
8452,http://commondatastorage.googleapis.com/jjgames-static/images/15660.JPG
21967,http://commondatastorage.googleapis.com/jjgames-static/images/15559.JPG
8454,http://commondatastorage.googleapis.com/jjgames-static/images/15841.JPG
19894,http://commondatastorage.googleapis.com/jjgames-static/images/16099.JPG
8474,http://commondatastorage.googleapis.com/jjgames-static/images/15661.JPG
8483,http://commondatastorage.googleapis.com/jjgames-static/images/15662.JPG
8487,http://commondatastorage.googleapis.com/jjgames-static/images/15843.JPG
8498,http://commondatastorage.googleapis.com/jjgames-static/images/15844.JPG
10522,http://commondatastorage.googleapis.com/jjgames-static/images/15811.JPG
8514,http://commondatastorage.googleapis.com/jjgames-static/images/15847.JPG
8515,http://commondatastorage.googleapis.com/jjgames-static/images/15663.JPG
8530,http://commondatastorage.googleapis.com/jjgames-static/images/15664.JPG
20350,http://commondatastorage.googleapis.com/jjgames-static/images/15524.JPG
8534,http://commondatastorage.googleapis.com/jjgames-static/images/15821.JPG
20035,http://commondatastorage.googleapis.com/jjgames-static/images/16115.JPG
8537,http://commondatastorage.googleapis.com/jjgames-static/images/15845.JPG
19790,http://commondatastorage.googleapis.com/jjgames-static/images/16090.JPG
8540,http://commondatastorage.googleapis.com/jjgames-static/images/15665.JPG
8545,http://commondatastorage.googleapis.com/jjgames-static/images/15667.JPG
21551,http://commondatastorage.googleapis.com/jjgames-static/images/15548.JPG
14454,http://commondatastorage.googleapis.com/jjgames-static/images/16105.JPG
30303,http://commondatastorage.googleapis.com/jjgames-static/images/15581.JPG
8589,http://commondatastorage.googleapis.com/jjgames-static/images/15848.JPG
21681,http://commondatastorage.googleapis.com/jjgames-static/images/15531.JPG
15847,http://commondatastorage.googleapis.com/jjgames-static/images/16052.JPG
8596,http://commondatastorage.googleapis.com/jjgames-static/images/15668.JPG
19858,http://commondatastorage.googleapis.com/jjgames-static/images/16098.JPG
22111,http://commondatastorage.googleapis.com/jjgames-static/images/15568.JPG
8597,http://commondatastorage.googleapis.com/jjgames-static/images/15849.JPG
8613,http://commondatastorage.googleapis.com/jjgames-static/images/15669.JPG
21078,http://commondatastorage.googleapis.com/jjgames-static/images/15555.JPG
31448,http://commondatastorage.googleapis.com/jjgames-static/images/15601.JPG
30310,http://commondatastorage.googleapis.com/jjgames-static/images/15570.JPG
8623,http://commondatastorage.googleapis.com/jjgames-static/images/15637.JPG
12963,http://commondatastorage.googleapis.com/jjgames-static/images/15644.JPG
31157,http://commondatastorage.googleapis.com/jjgames-static/images/15588.JPG
8624,http://commondatastorage.googleapis.com/jjgames-static/images/15851.JPG
8631,http://commondatastorage.googleapis.com/jjgames-static/images/15852.JPG
14417,http://commondatastorage.googleapis.com/jjgames-static/images/16043.JPG
8639,http://commondatastorage.googleapis.com/jjgames-static/images/15853.JPG
14464,http://commondatastorage.googleapis.com/jjgames-static/images/15820.JPG
8646,http://commondatastorage.googleapis.com/jjgames-static/images/15670.JPG
8647,http://commondatastorage.googleapis.com/jjgames-static/images/15854.JPG
8648,http://commondatastorage.googleapis.com/jjgames-static/images/15855.JPG
8652,http://commondatastorage.googleapis.com/jjgames-static/images/15856.JPG
8667,http://commondatastorage.googleapis.com/jjgames-static/images/15857.JPG
8668,http://commondatastorage.googleapis.com/jjgames-static/images/15858.JPG
8672,http://commondatastorage.googleapis.com/jjgames-static/images/15859.JPG
15072,http://commondatastorage.googleapis.com/jjgames-static/images/15645.JPG
8676,http://commondatastorage.googleapis.com/jjgames-static/images/15860.JPG
8678,http://commondatastorage.googleapis.com/jjgames-static/images/15862.JPG
14919,http://commondatastorage.googleapis.com/jjgames-static/images/15639.JPG
31627,http://commondatastorage.googleapis.com/jjgames-static/images/16339.JPG
15694,http://commondatastorage.googleapis.com/jjgames-static/images/16051.JPG
8688,http://commondatastorage.googleapis.com/jjgames-static/images/15671.JPG
8690,http://commondatastorage.googleapis.com/jjgames-static/images/15864.JPG
8691,http://commondatastorage.googleapis.com/jjgames-static/images/15865.JPG
8692,http://commondatastorage.googleapis.com/jjgames-static/images/15866.JPG
8698,http://commondatastorage.googleapis.com/jjgames-static/images/15867.JPG
8700,http://commondatastorage.googleapis.com/jjgames-static/images/15868.JPG
32093,http://commondatastorage.googleapis.com/jjgames-static/images/16463.JPG
8809,http://commondatastorage.googleapis.com/jjgames-static/images/15674.JPG
8812,http://commondatastorage.googleapis.com/jjgames-static/images/15875.JPG
8816,http://commondatastorage.googleapis.com/jjgames-static/images/15876.JPG
8822,http://commondatastorage.googleapis.com/jjgames-static/images/15877.JPG
21150,http://commondatastorage.googleapis.com/jjgames-static/images/15533.JPG
8824,http://commondatastorage.googleapis.com/jjgames-static/images/15675.JPG
8828,http://commondatastorage.googleapis.com/jjgames-static/images/15676.JPG
8829,http://commondatastorage.googleapis.com/jjgames-static/images/15823.JPG
8834,http://commondatastorage.googleapis.com/jjgames-static/images/15677.JPG
21558,http://commondatastorage.googleapis.com/jjgames-static/images/15541.JPG
8844,http://commondatastorage.googleapis.com/jjgames-static/images/15678.JPG
19589,http://commondatastorage.googleapis.com/jjgames-static/images/16079.JPG
19590,http://commondatastorage.googleapis.com/jjgames-static/images/16083.JPG
8848,http://commondatastorage.googleapis.com/jjgames-static/images/15679.JPG
21524,http://commondatastorage.googleapis.com/jjgames-static/images/15534.JPG
31113,http://commondatastorage.googleapis.com/jjgames-static/images/15594.JPG
19520,http://commondatastorage.googleapis.com/jjgames-static/images/16074.JPG
34649,http://commondatastorage.googleapis.com/jjgames-static/images/26613.JPG
11934,http://commondatastorage.googleapis.com/jjgames-static/images/15627.JPG
10232,http://commondatastorage.googleapis.com/jjgames-static/images/15802.JPG
8861,http://commondatastorage.googleapis.com/jjgames-static/images/15680.JPG
30628,http://commondatastorage.googleapis.com/jjgames-static/images/15619.JPG
8862,http://commondatastorage.googleapis.com/jjgames-static/images/16139.JPG
30627,http://commondatastorage.googleapis.com/jjgames-static/images/15620.JPG
30309,http://commondatastorage.googleapis.com/jjgames-static/images/15577.JPG
10233,http://commondatastorage.googleapis.com/jjgames-static/images/15803.JPG
17656,http://commondatastorage.googleapis.com/jjgames-static/images/15813.JPG
14419,http://commondatastorage.googleapis.com/jjgames-static/images/15817.JPG
8870,http://commondatastorage.googleapis.com/jjgames-static/images/16136.JPG
20037,http://commondatastorage.googleapis.com/jjgames-static/images/16113.JPG
8874,http://commondatastorage.googleapis.com/jjgames-static/images/15878.JPG
30401,http://commondatastorage.googleapis.com/jjgames-static/images/15590.JPG
34651,http://commondatastorage.googleapis.com/jjgames-static/images/26605.JPG
34223,http://commondatastorage.googleapis.com/jjgames-static/images/26299.JPG
14473,http://commondatastorage.googleapis.com/jjgames-static/images/15834.JPG
8881,http://commondatastorage.googleapis.com/jjgames-static/images/16124.JPG
16149,http://commondatastorage.googleapis.com/jjgames-static/images/16037.JPG
8882,http://commondatastorage.googleapis.com/jjgames-static/images/15681.JPG
8883,http://commondatastorage.googleapis.com/jjgames-static/images/15682.JPG
9604,http://commondatastorage.googleapis.com/jjgames-static/images/15642.JPG
8887,http://commondatastorage.googleapis.com/jjgames-static/images/15880.JPG
9605,http://commondatastorage.googleapis.com/jjgames-static/images/15965.JPG
18743,http://commondatastorage.googleapis.com/jjgames-static/images/16057.JPG
20398,http://commondatastorage.googleapis.com/jjgames-static/images/15529.JPG
8888,http://commondatastorage.googleapis.com/jjgames-static/images/15881.JPG
14580,http://commondatastorage.googleapis.com/jjgames-static/images/16046.JPG
8890,http://commondatastorage.googleapis.com/jjgames-static/images/15882.JPG
9606,http://commondatastorage.googleapis.com/jjgames-static/images/15748.JPG
8909,http://commondatastorage.googleapis.com/jjgames-static/images/15883.JPG
9607,http://commondatastorage.googleapis.com/jjgames-static/images/15966.JPG
8918,http://commondatastorage.googleapis.com/jjgames-static/images/15884.JPG
14485,http://commondatastorage.googleapis.com/jjgames-static/images/16045.JPG
8922,http://commondatastorage.googleapis.com/jjgames-static/images/15885.JPG
9616,http://commondatastorage.googleapis.com/jjgames-static/images/15967.JPG
32925,http://commondatastorage.googleapis.com/jjgames-static/images/24770.JPG
33301,http://commondatastorage.googleapis.com/jjgames-static/images/24997.JPG
32353,http://commondatastorage.googleapis.com/jjgames-static/images/16372.JPG
14226,http://commondatastorage.googleapis.com/jjgames-static/images/16040.JPG
8960,http://commondatastorage.googleapis.com/jjgames-static/images/15707.JPG
9621,http://commondatastorage.googleapis.com/jjgames-static/images/15749.JPG
22058,http://commondatastorage.googleapis.com/jjgames-static/images/15571.JPG
8961,http://commondatastorage.googleapis.com/jjgames-static/images/15708.JPG
9626,http://commondatastorage.googleapis.com/jjgames-static/images/16141.JPG
8962,http://commondatastorage.googleapis.com/jjgames-static/images/15709.JPG
9628,http://commondatastorage.googleapis.com/jjgames-static/images/15968.JPG
8958,http://commondatastorage.googleapis.com/jjgames-static/images/15887.JPG
15647,http://commondatastorage.googleapis.com/jjgames-static/images/16050.JPG
9629,http://commondatastorage.googleapis.com/jjgames-static/images/15750.JPG
9633,http://commondatastorage.googleapis.com/jjgames-static/images/15969.JPG
19775,http://commondatastorage.googleapis.com/jjgames-static/images/16092.JPG
9645,http://commondatastorage.googleapis.com/jjgames-static/images/15970.JPG
22053,http://commondatastorage.googleapis.com/jjgames-static/images/15572.JPG
31764,http://commondatastorage.googleapis.com/jjgames-static/images/16214.JPG
9650,http://commondatastorage.googleapis.com/jjgames-static/images/15752.JPG
33123,http://commondatastorage.googleapis.com/jjgames-static/images/24896.JPG
16469,http://commondatastorage.googleapis.com/jjgames-static/images/16026.JPG
8964,http://commondatastorage.googleapis.com/jjgames-static/images/15888.JPG
9659,http://commondatastorage.googleapis.com/jjgames-static/images/15971.JPG
14631,http://commondatastorage.googleapis.com/jjgames-static/images/16047.JPG
9660,http://commondatastorage.googleapis.com/jjgames-static/images/16104.JPG
8936,http://commondatastorage.googleapis.com/jjgames-static/images/13139.JPG
9664,http://commondatastorage.googleapis.com/jjgames-static/images/16106.JPG
8940,http://commondatastorage.googleapis.com/jjgames-static/images/15683.JPG
19285,http://commondatastorage.googleapis.com/jjgames-static/images/16060.JPG
21272,http://commondatastorage.googleapis.com/jjgames-static/images/15554.JPG
32153,http://commondatastorage.googleapis.com/jjgames-static/images/16534.JPG
9679,http://commondatastorage.googleapis.com/jjgames-static/images/15972.JPG
32154,http://commondatastorage.googleapis.com/jjgames-static/images/16552.JPG
9688,http://commondatastorage.googleapis.com/jjgames-static/images/15973.JPG
8952,http://commondatastorage.googleapis.com/jjgames-static/images/15886.JPG
18710,http://commondatastorage.googleapis.com/jjgames-static/images/16022.JPG
8965,http://commondatastorage.googleapis.com/jjgames-static/images/15889.JPG
9707,http://commondatastorage.googleapis.com/jjgames-static/images/15974.JPG
8969,http://commondatastorage.googleapis.com/jjgames-static/images/15684.JPG
13755,http://commondatastorage.googleapis.com/jjgames-static/images/15827.JPG
8971,http://commondatastorage.googleapis.com/jjgames-static/images/15713.JPG
9769,http://commondatastorage.googleapis.com/jjgames-static/images/15759.JPG
31342,http://commondatastorage.googleapis.com/jjgames-static/images/15621.JPG
9770,http://commondatastorage.googleapis.com/jjgames-static/images/15760.JPG
8972,http://commondatastorage.googleapis.com/jjgames-static/images/15685.JPG
9771,http://commondatastorage.googleapis.com/jjgames-static/images/15761.JPG
11929,http://commondatastorage.googleapis.com/jjgames-static/images/16031.JPG
20438,http://commondatastorage.googleapis.com/jjgames-static/images/15544.JPG
11932,http://commondatastorage.googleapis.com/jjgames-static/images/15647.JPG
9837,http://commondatastorage.googleapis.com/jjgames-static/images/15987.JPG
8986,http://commondatastorage.googleapis.com/jjgames-static/images/15890.JPG
9914,http://commondatastorage.googleapis.com/jjgames-static/images/15772.JPG
14388,http://commondatastorage.googleapis.com/jjgames-static/images/16042.JPG
22047,http://commondatastorage.googleapis.com/jjgames-static/images/15566.JPG
8990,http://commondatastorage.googleapis.com/jjgames-static/images/15891.JPG
16412,http://commondatastorage.googleapis.com/jjgames-static/images/16023.JPG
8991,http://commondatastorage.googleapis.com/jjgames-static/images/15892.JPG
9692,http://commondatastorage.googleapis.com/jjgames-static/images/15753.JPG
8995,http://commondatastorage.googleapis.com/jjgames-static/images/15686.JPG
9696,http://commondatastorage.googleapis.com/jjgames-static/images/15754.JPG
8996,http://commondatastorage.googleapis.com/jjgames-static/images/15893.JPG
9699,http://commondatastorage.googleapis.com/jjgames-static/images/15755.JPG
8998,http://commondatastorage.googleapis.com/jjgames-static/images/15687.JPG
18643,http://commondatastorage.googleapis.com/jjgames-static/images/16072.JPG
13915,http://commondatastorage.googleapis.com/jjgames-static/images/15646.JPG
19394,http://commondatastorage.googleapis.com/jjgames-static/images/16067.JPG
9713,http://commondatastorage.googleapis.com/jjgames-static/images/15975.JPG
19456,http://commondatastorage.googleapis.com/jjgames-static/images/16070.JPG
20381,http://commondatastorage.googleapis.com/jjgames-static/images/15528.JPG
9010,http://commondatastorage.googleapis.com/jjgames-static/images/15896.JPG
15983,http://commondatastorage.googleapis.com/jjgames-static/images/16055.JPG
9020,http://commondatastorage.googleapis.com/jjgames-static/images/15895.JPG
19657,http://commondatastorage.googleapis.com/jjgames-static/images/16107.JPG
9030,http://commondatastorage.googleapis.com/jjgames-static/images/15689.JPG
31740,http://commondatastorage.googleapis.com/jjgames-static/images/16202.JPG
9031,http://commondatastorage.googleapis.com/jjgames-static/images/15894.JPG
21560,http://commondatastorage.googleapis.com/jjgames-static/images/15542.JPG
9028,http://commondatastorage.googleapis.com/jjgames-static/images/15688.JPG
9740,http://commondatastorage.googleapis.com/jjgames-static/images/15977.JPG
21552,http://commondatastorage.googleapis.com/jjgames-static/images/15540.JPG
9741,http://commondatastorage.googleapis.com/jjgames-static/images/15978.JPG
9037,http://commondatastorage.googleapis.com/jjgames-static/images/15690.JPG
10464,http://commondatastorage.googleapis.com/jjgames-static/images/15810.JPG
22016,http://commondatastorage.googleapis.com/jjgames-static/images/15563.JPG
9744,http://commondatastorage.googleapis.com/jjgames-static/images/15756.JPG
9038,http://commondatastorage.googleapis.com/jjgames-static/images/15691.JPG
9745,http://commondatastorage.googleapis.com/jjgames-static/images/15979.JPG
12962,http://commondatastorage.googleapis.com/jjgames-static/images/15653.JPG
20364,http://commondatastorage.googleapis.com/jjgames-static/images/15525.JPG
30612,http://commondatastorage.googleapis.com/jjgames-static/images/15583.JPG
9762,http://commondatastorage.googleapis.com/jjgames-static/images/15981.JPG
9040,http://commondatastorage.googleapis.com/jjgames-static/images/15692.JPG
9763,http://commondatastorage.googleapis.com/jjgames-static/images/15980.JPG
31085,http://commondatastorage.googleapis.com/jjgames-static/images/15593.JPG
9767,http://commondatastorage.googleapis.com/jjgames-static/images/15982.JPG
9049,http://commondatastorage.googleapis.com/jjgames-static/images/15693.JPG
9785,http://commondatastorage.googleapis.com/jjgames-static/images/15983.JPG
9054,http://commondatastorage.googleapis.com/jjgames-static/images/15897.JPG
9786,http://commondatastorage.googleapis.com/jjgames-static/images/15984.JPG
20113,http://commondatastorage.googleapis.com/jjgames-static/images/16116.JPG
21676,http://commondatastorage.googleapis.com/jjgames-static/images/15543.JPG
9056,http://commondatastorage.googleapis.com/jjgames-static/images/15634.JPG
13916,http://commondatastorage.googleapis.com/jjgames-static/images/16035.JPG
9059,http://commondatastorage.googleapis.com/jjgames-static/images/15712.JPG
9807,http://commondatastorage.googleapis.com/jjgames-static/images/15985.JPG
19824,http://commondatastorage.googleapis.com/jjgames-static/images/16095.JPG
9810,http://commondatastorage.googleapis.com/jjgames-static/images/15986.JPG
9067,http://commondatastorage.googleapis.com/jjgames-static/images/15898.JPG
15756,http://commondatastorage.googleapis.com/jjgames-static/images/15640.JPG
9069,http://commondatastorage.googleapis.com/jjgames-static/images/15899.JPG
10593,http://commondatastorage.googleapis.com/jjgames-static/images/15812.JPG
9070,http://commondatastorage.googleapis.com/jjgames-static/images/15694.JPG
10323,http://commondatastorage.googleapis.com/jjgames-static/images/15808.JPG
9072,http://commondatastorage.googleapis.com/jjgames-static/images/15900.JPG
9819,http://commondatastorage.googleapis.com/jjgames-static/images/15762.JPG
32968,http://commondatastorage.googleapis.com/jjgames-static/images/25144.JPG
9827,http://commondatastorage.googleapis.com/jjgames-static/images/15764.JPG
9074,http://commondatastorage.googleapis.com/jjgames-static/images/15901.JPG
30722,http://commondatastorage.googleapis.com/jjgames-static/images/15579.JPG
21678,http://commondatastorage.googleapis.com/jjgames-static/images/14511.JPG
9828,http://commondatastorage.googleapis.com/jjgames-static/images/15765.JPG
9077,http://commondatastorage.googleapis.com/jjgames-static/images/15902.JPG
19852,http://commondatastorage.googleapis.com/jjgames-static/images/16097.JPG
32841,http://commondatastorage.googleapis.com/jjgames-static/images/24708.JPG
9838,http://commondatastorage.googleapis.com/jjgames-static/images/15988.JPG
9080,http://commondatastorage.googleapis.com/jjgames-static/images/16133.JPG
15668,http://commondatastorage.googleapis.com/jjgames-static/images/16130.JPG
9082,http://commondatastorage.googleapis.com/jjgames-static/images/15695.JPG
16231,http://commondatastorage.googleapis.com/jjgames-static/images/16132.JPG
32487,http://commondatastorage.googleapis.com/jjgames-static/images/16666.JPG
9846,http://commondatastorage.googleapis.com/jjgames-static/images/15768.JPG
32488,http://commondatastorage.googleapis.com/jjgames-static/images/16667.JPG
9850,http://commondatastorage.googleapis.com/jjgames-static/images/15769.JPG
33853,http://commondatastorage.googleapis.com/jjgames-static/images/25643.JPG
9851,http://commondatastorage.googleapis.com/jjgames-static/images/15770.JPG
19759,http://commondatastorage.googleapis.com/jjgames-static/images/16088.JPG
19941,http://commondatastorage.googleapis.com/jjgames-static/images/16103.JPG
17655,http://commondatastorage.googleapis.com/jjgames-static/images/15816.JPG
9856,http://commondatastorage.googleapis.com/jjgames-static/images/15771.JPG
19470,http://commondatastorage.googleapis.com/jjgames-static/images/16069.JPG
14970,http://commondatastorage.googleapis.com/jjgames-static/images/15835.JPG
14790,http://commondatastorage.googleapis.com/jjgames-static/images/16049.JPG
30954,http://commondatastorage.googleapis.com/jjgames-static/images/15589.JPG
9089,http://commondatastorage.googleapis.com/jjgames-static/images/15903.JPG
30321,http://commondatastorage.googleapis.com/jjgames-static/images/15600.JPG
9092,http://commondatastorage.googleapis.com/jjgames-static/images/15904.JPG
19359,http://commondatastorage.googleapis.com/jjgames-static/images/16064.JPG
9093,http://commondatastorage.googleapis.com/jjgames-static/images/15905.JPG
9859,http://commondatastorage.googleapis.com/jjgames-static/images/15989.JPG
21680,http://commondatastorage.googleapis.com/jjgames-static/images/15532.JPG
9866,http://commondatastorage.googleapis.com/jjgames-static/images/15990.JPG
9094,http://commondatastorage.googleapis.com/jjgames-static/images/15906.JPG
9872,http://commondatastorage.googleapis.com/jjgames-static/images/15991.JPG
9095,http://commondatastorage.googleapis.com/jjgames-static/images/15711.JPG
9884,http://commondatastorage.googleapis.com/jjgames-static/images/15992.JPG
21262,http://commondatastorage.googleapis.com/jjgames-static/images/15584.JPG
9892,http://commondatastorage.googleapis.com/jjgames-static/images/15993.JPG
9096,http://commondatastorage.googleapis.com/jjgames-static/images/15824.JPG
9908,http://commondatastorage.googleapis.com/jjgames-static/images/15995.JPG
9099,http://commondatastorage.googleapis.com/jjgames-static/images/15907.JPG
34238,http://commondatastorage.googleapis.com/jjgames-static/images/26280.JPG
13991,http://commondatastorage.googleapis.com/jjgames-static/images/15831.JPG
9920,http://commondatastorage.googleapis.com/jjgames-static/images/15773.JPG
21515,http://commondatastorage.googleapis.com/jjgames-static/images/15546.JPG
9921,http://commondatastorage.googleapis.com/jjgames-static/images/15774.JPG
9111,http://commondatastorage.googleapis.com/jjgames-static/images/15908.JPG
20382,http://commondatastorage.googleapis.com/jjgames-static/images/15527.JPG
9122,http://commondatastorage.googleapis.com/jjgames-static/images/15909.JPG
30988,http://commondatastorage.googleapis.com/jjgames-static/images/15599.JPG
9123,http://commondatastorage.googleapis.com/jjgames-static/images/15696.JPG
9924,http://commondatastorage.googleapis.com/jjgames-static/images/16123.JPG
9125,http://commondatastorage.googleapis.com/jjgames-static/images/15697.JPG
9925,http://commondatastorage.googleapis.com/jjgames-static/images/16122.JPG
13876,http://commondatastorage.googleapis.com/jjgames-static/images/15652.JPG
9940,http://commondatastorage.googleapis.com/jjgames-static/images/15775.JPG
32422,http://commondatastorage.googleapis.com/jjgames-static/images/16636.JPG
21683,http://commondatastorage.googleapis.com/jjgames-static/images/15539.JPG
21580,http://commondatastorage.googleapis.com/jjgames-static/images/15549.JPG
9945,http://commondatastorage.googleapis.com/jjgames-static/images/15776.JPG
9130,http://commondatastorage.googleapis.com/jjgames-static/images/15910.JPG
16490,http://commondatastorage.googleapis.com/jjgames-static/images/15635.JPG
9134,http://commondatastorage.googleapis.com/jjgames-static/images/15698.JPG
9962,http://commondatastorage.googleapis.com/jjgames-static/images/15996.JPG
19556,http://commondatastorage.googleapis.com/jjgames-static/images/16078.JPG
31283,http://commondatastorage.googleapis.com/jjgames-static/images/15597.JPG
19274,http://commondatastorage.googleapis.com/jjgames-static/images/16138.JPG
9973,http://commondatastorage.googleapis.com/jjgames-static/images/15656.JPG
9147,http://commondatastorage.googleapis.com/jjgames-static/images/15911.JPG
19376,http://commondatastorage.googleapis.com/jjgames-static/images/16065.JPG
9148,http://commondatastorage.googleapis.com/jjgames-static/images/15699.JPG
9974,http://commondatastorage.googleapis.com/jjgames-static/images/10613.JPG
22178,http://commondatastorage.googleapis.com/jjgames-static/images/15576.JPG
31284,http://commondatastorage.googleapis.com/jjgames-static/images/15598.JPG
31908,http://commondatastorage.googleapis.com/jjgames-static/images/16430.JPG
32514,http://commondatastorage.googleapis.com/jjgames-static/images/16671.JPG
13904,http://commondatastorage.googleapis.com/jjgames-static/images/15643.JPG
22001,http://commondatastorage.googleapis.com/jjgames-static/images/15565.JPG
21267,http://commondatastorage.googleapis.com/jjgames-static/images/15517.JPG
19807,http://commondatastorage.googleapis.com/jjgames-static/images/16094.JPG
9157,http://commondatastorage.googleapis.com/jjgames-static/images/15912.JPG
10001,http://commondatastorage.googleapis.com/jjgames-static/images/15778.JPG
19937,http://commondatastorage.googleapis.com/jjgames-static/images/16108.JPG
9752,http://commondatastorage.googleapis.com/jjgames-static/images/15767.JPG
9166,http://commondatastorage.googleapis.com/jjgames-static/images/15913.JPG
9753,http://commondatastorage.googleapis.com/jjgames-static/images/15757.JPG
31115,http://commondatastorage.googleapis.com/jjgames-static/images/15596.JPG
9754,http://commondatastorage.googleapis.com/jjgames-static/images/15758.JPG
9185,http://commondatastorage.googleapis.com/jjgames-static/images/15700.JPG
10004,http://commondatastorage.googleapis.com/jjgames-static/images/16000.JPG
9187,http://commondatastorage.googleapis.com/jjgames-static/images/15701.JPG
10010,http://commondatastorage.googleapis.com/jjgames-static/images/15997.JPG
9191,http://commondatastorage.googleapis.com/jjgames-static/images/15914.JPG
10011,http://commondatastorage.googleapis.com/jjgames-static/images/16081.JPG
9194,http://commondatastorage.googleapis.com/jjgames-static/images/15915.JPG
10391,http://commondatastorage.googleapis.com/jjgames-static/images/15809.JPG
19980,http://commondatastorage.googleapis.com/jjgames-static/images/16109.JPG
14411,http://commondatastorage.googleapis.com/jjgames-static/images/15833.JPG
10014,http://commondatastorage.googleapis.com/jjgames-static/images/15998.JPG
9206,http://commondatastorage.googleapis.com/jjgames-static/images/15702.JPG
19565,http://commondatastorage.googleapis.com/jjgames-static/images/16077.JPG
16060,http://commondatastorage.googleapis.com/jjgames-static/images/15818.JPG
21991,http://commondatastorage.googleapis.com/jjgames-static/images/15561.JPG
10015,http://commondatastorage.googleapis.com/jjgames-static/images/15779.JPG
9211,http://commondatastorage.googleapis.com/jjgames-static/images/16127.JPG
10017,http://commondatastorage.googleapis.com/jjgames-static/images/15780.JPG
31754,http://commondatastorage.googleapis.com/jjgames-static/images/16207.JPG
10031,http://commondatastorage.googleapis.com/jjgames-static/images/15999.JPG
15022,http://commondatastorage.googleapis.com/jjgames-static/images/15837.JPG
15885,http://commondatastorage.googleapis.com/jjgames-static/images/16028.JPG
32119,http://commondatastorage.googleapis.com/jjgames-static/images/16502.JPG
30723,http://commondatastorage.googleapis.com/jjgames-static/images/15558.JPG
21570,http://commondatastorage.googleapis.com/jjgames-static/images/15535.JPG
32629,http://commondatastorage.googleapis.com/jjgames-static/images/16720.JPG
19998,http://commondatastorage.googleapis.com/jjgames-static/images/16111.JPG
10042,http://commondatastorage.googleapis.com/jjgames-static/images/15804.JPG
13862,http://commondatastorage.googleapis.com/jjgames-static/images/15829.JPG
10048,http://commondatastorage.googleapis.com/jjgames-static/images/15781.JPG
31412,http://commondatastorage.googleapis.com/jjgames-static/images/15585.JPG
10049,http://commondatastorage.googleapis.com/jjgames-static/images/15782.JPG
9237,http://commondatastorage.googleapis.com/jjgames-static/images/16126.JPG
21608,http://commondatastorage.googleapis.com/jjgames-static/images/15550.JPG
31104,http://commondatastorage.googleapis.com/jjgames-static/images/15592.JPG
10060,http://commondatastorage.googleapis.com/jjgames-static/images/15783.JPG
9230,http://commondatastorage.googleapis.com/jjgames-static/images/15703.JPG
19322,http://commondatastorage.googleapis.com/jjgames-static/images/16062.JPG
9231,http://commondatastorage.googleapis.com/jjgames-static/images/15704.JPG
10062,http://commondatastorage.googleapis.com/jjgames-static/images/15784.JPG
9232,http://commondatastorage.googleapis.com/jjgames-static/images/15705.JPG
30806,http://commondatastorage.googleapis.com/jjgames-static/images/15522.JPG
9235,http://commondatastorage.googleapis.com/jjgames-static/images/15916.JPG
6751,http://commondatastorage.googleapis.com/jjgames-static/images/4256.JPG
9238,http://commondatastorage.googleapis.com/jjgames-static/images/15917.JPG
10078,http://commondatastorage.googleapis.com/jjgames-static/images/16002.JPG
20036,http://commondatastorage.googleapis.com/jjgames-static/images/16112.JPG
14283,http://commondatastorage.googleapis.com/jjgames-static/images/16041.JPG
9252,http://commondatastorage.googleapis.com/jjgames-static/images/15918.JPG
21992,http://commondatastorage.googleapis.com/jjgames-static/images/15562.JPG
16287,http://commondatastorage.googleapis.com/jjgames-static/images/15828.JPG
10082,http://commondatastorage.googleapis.com/jjgames-static/images/16015.JPG
10083,http://commondatastorage.googleapis.com/jjgames-static/images/16003.JPG
30875,http://commondatastorage.googleapis.com/jjgames-static/images/15569.JPG
10087,http://commondatastorage.googleapis.com/jjgames-static/images/15785.JPG
9256,http://commondatastorage.googleapis.com/jjgames-static/images/15706.JPG
33803,http://commondatastorage.googleapis.com/jjgames-static/images/25522.JPG
9258,http://commondatastorage.googleapis.com/jjgames-static/images/15919.JPG
10094,http://commondatastorage.googleapis.com/jjgames-static/images/15786.JPG
9259,http://commondatastorage.googleapis.com/jjgames-static/images/15920.JPG
10095,http://commondatastorage.googleapis.com/jjgames-static/images/15787.JPG
21014,http://commondatastorage.googleapis.com/jjgames-static/images/15553.JPG
21015,http://commondatastorage.googleapis.com/jjgames-static/images/15519.JPG
19232,http://commondatastorage.googleapis.com/jjgames-static/images/16058.JPG
14574,http://commondatastorage.googleapis.com/jjgames-static/images/16025.JPG
10099,http://commondatastorage.googleapis.com/jjgames-static/images/16004.JPG
9261,http://commondatastorage.googleapis.com/jjgames-static/images/15710.JPG
15642,http://commondatastorage.googleapis.com/jjgames-static/images/16125.JPG
9262,http://commondatastorage.googleapis.com/jjgames-static/images/15714.JPG
21966,http://commondatastorage.googleapis.com/jjgames-static/images/15560.JPG
9359,http://commondatastorage.googleapis.com/jjgames-static/images/15937.JPG
10101,http://commondatastorage.googleapis.com/jjgames-static/images/15788.JPG
9360,http://commondatastorage.googleapis.com/jjgames-static/images/15724.JPG
10107,http://commondatastorage.googleapis.com/jjgames-static/images/15789.JPG
9361,http://commondatastorage.googleapis.com/jjgames-static/images/15725.JPG
10123,http://commondatastorage.googleapis.com/jjgames-static/images/16005.JPG
14180,http://commondatastorage.googleapis.com/jjgames-static/images/15631.JPG
10124,http://commondatastorage.googleapis.com/jjgames-static/images/15790.JPG
16357,http://commondatastorage.googleapis.com/jjgames-static/images/16021.JPG
10207,http://commondatastorage.googleapis.com/jjgames-static/images/15798.JPG
20998,http://commondatastorage.googleapis.com/jjgames-static/images/15552.JPG
31273,http://commondatastorage.googleapis.com/jjgames-static/images/15591.JPG
31029,http://commondatastorage.googleapis.com/jjgames-static/images/15616.JPG
15948,http://commondatastorage.googleapis.com/jjgames-static/images/16054.JPG
9385,http://commondatastorage.googleapis.com/jjgames-static/images/15728.JPG
19781,http://commondatastorage.googleapis.com/jjgames-static/images/16093.JPG
9391,http://commondatastorage.googleapis.com/jjgames-static/images/15940.JPG
30345,http://commondatastorage.googleapis.com/jjgames-static/images/15582.JPG
10211,http://commondatastorage.googleapis.com/jjgames-static/images/15800.JPG
10923,http://commondatastorage.googleapis.com/jjgames-static/images/15814.JPG
10209,http://commondatastorage.googleapis.com/jjgames-static/images/15799.JPG
20046,http://commondatastorage.googleapis.com/jjgames-static/images/16114.JPG
10210,http://commondatastorage.googleapis.com/jjgames-static/images/15805.JPG
9393,http://commondatastorage.googleapis.com/jjgames-static/images/15729.JPG
13981,http://commondatastorage.googleapis.com/jjgames-static/images/16036.JPG
9264,http://commondatastorage.googleapis.com/jjgames-static/images/15715.JPG
14182,http://commondatastorage.googleapis.com/jjgames-static/images/15832.JPG
10137,http://commondatastorage.googleapis.com/jjgames-static/images/15791.JPG
9267,http://commondatastorage.googleapis.com/jjgames-static/images/15921.JPG
13156,http://commondatastorage.googleapis.com/jjgames-static/images/16033.JPG
19481,http://commondatastorage.googleapis.com/jjgames-static/images/16073.JPG
19521,http://commondatastorage.googleapis.com/jjgames-static/images/16075.JPG
21867,http://commondatastorage.googleapis.com/jjgames-static/images/15556.JPG
10142,http://commondatastorage.googleapis.com/jjgames-static/images/16121.JPG
31676,http://commondatastorage.googleapis.com/jjgames-static/images/16190.JPG
19386,http://commondatastorage.googleapis.com/jjgames-static/images/16143.JPG
9268,http://commondatastorage.googleapis.com/jjgames-static/images/15716.JPG
14472,http://commondatastorage.googleapis.com/jjgames-static/images/16044.JPG
21002,http://commondatastorage.googleapis.com/jjgames-static/images/15551.JPG
10159,http://commondatastorage.googleapis.com/jjgames-static/images/15792.JPG
31023,http://commondatastorage.googleapis.com/jjgames-static/images/15615.JPG
10162,http://commondatastorage.googleapis.com/jjgames-static/images/15793.JPG
32588,http://commondatastorage.googleapis.com/jjgames-static/images/16697.JPG
10164,http://commondatastorage.googleapis.com/jjgames-static/images/16007.JPG
9276,http://commondatastorage.googleapis.com/jjgames-static/images/15922.JPG
11931,http://commondatastorage.googleapis.com/jjgames-static/images/15650.JPG
9278,http://commondatastorage.googleapis.com/jjgames-static/images/15923.JPG
10173,http://commondatastorage.googleapis.com/jjgames-static/images/16030.JPG
11933,http://commondatastorage.googleapis.com/jjgames-static/images/16032.JPG
10176,http://commondatastorage.googleapis.com/jjgames-static/images/15795.JPG
16353,http://commondatastorage.googleapis.com/jjgames-static/images/16019.JPG
10175,http://commondatastorage.googleapis.com/jjgames-static/images/15794.JPG
15857,http://commondatastorage.googleapis.com/jjgames-static/images/16120.JPG
10181,http://commondatastorage.googleapis.com/jjgames-static/images/16008.JPG
9282,http://commondatastorage.googleapis.com/jjgames-static/images/15924.JPG
10182,http://commondatastorage.googleapis.com/jjgames-static/images/16009.JPG
9294,http://commondatastorage.googleapis.com/jjgames-static/images/15717.JPG
10193,http://commondatastorage.googleapis.com/jjgames-static/images/16017.JPG
19802,http://commondatastorage.googleapis.com/jjgames-static/images/16091.JPG
10189,http://commondatastorage.googleapis.com/jjgames-static/images/16010.JPG
9296,http://commondatastorage.googleapis.com/jjgames-static/images/15925.JPG
10190,http://commondatastorage.googleapis.com/jjgames-static/images/16011.JPG
9297,http://commondatastorage.googleapis.com/jjgames-static/images/15718.JPG
10196,http://commondatastorage.googleapis.com/jjgames-static/images/16012.JPG
21685,http://commondatastorage.googleapis.com/jjgames-static/images/15536.JPG
10197,http://commondatastorage.googleapis.com/jjgames-static/images/16013.JPG
9310,http://commondatastorage.googleapis.com/jjgames-static/images/15926.JPG
10198,http://commondatastorage.googleapis.com/jjgames-static/images/16014.JPG
9312,http://commondatastorage.googleapis.com/jjgames-static/images/15927.JPG
10203,http://commondatastorage.googleapis.com/jjgames-static/images/15796.JPG
10524,http://commondatastorage.googleapis.com/jjgames-static/images/16018.JPG
10204,http://commondatastorage.googleapis.com/jjgames-static/images/15797.JPG
9313,http://commondatastorage.googleapis.com/jjgames-static/images/15928.JPG
10226,http://commondatastorage.googleapis.com/jjgames-static/images/15801.JPG
32459,http://commondatastorage.googleapis.com/jjgames-static/images/16653.JPG
18730,http://commondatastorage.googleapis.com/jjgames-static/images/16056.JPG
9319,http://commondatastorage.googleapis.com/jjgames-static/images/15929.JPG
10222,http://commondatastorage.googleapis.com/jjgames-static/images/16016.JPG
9320,http://commondatastorage.googleapis.com/jjgames-static/images/15930.JPG
14979,http://commondatastorage.googleapis.com/jjgames-static/images/16128.JPG
30631,http://commondatastorage.googleapis.com/jjgames-static/images/15623.JPG
33228,http://commondatastorage.googleapis.com/jjgames-static/images/25076.JPG
9323,http://commondatastorage.googleapis.com/jjgames-static/images/15931.JPG
33229,http://commondatastorage.googleapis.com/jjgames-static/images/25077.JPG
34648,http://commondatastorage.googleapis.com/jjgames-static/images/26607.JPG
21923,http://commondatastorage.googleapis.com/jjgames-static/images/15557.JPG
9324,http://commondatastorage.googleapis.com/jjgames-static/images/16135.JPG
9325,http://commondatastorage.googleapis.com/jjgames-static/images/15932.JPG
9326,http://commondatastorage.googleapis.com/jjgames-static/images/15933.JPG
9327,http://commondatastorage.googleapis.com/jjgames-static/images/15719.JPG
9328,http://commondatastorage.googleapis.com/jjgames-static/images/15720.JPG
10525,http://commondatastorage.googleapis.com/jjgames-static/images/16117.JPG
21535,http://commondatastorage.googleapis.com/jjgames-static/images/15520.JPG
9329,http://commondatastorage.googleapis.com/jjgames-static/images/15934.JPG
20784,http://commondatastorage.googleapis.com/jjgames-static/images/15545.JPG
9333,http://commondatastorage.googleapis.com/jjgames-static/images/15721.JPG
30762,http://commondatastorage.googleapis.com/jjgames-static/images/15580.JPG
9342,http://commondatastorage.googleapis.com/jjgames-static/images/15935.JPG
9343,http://commondatastorage.googleapis.com/jjgames-static/images/15722.JPG
15789,http://commondatastorage.googleapis.com/jjgames-static/images/16027.JPG
9345,http://commondatastorage.googleapis.com/jjgames-static/images/15723.JPG
21151,http://commondatastorage.googleapis.com/jjgames-static/images/15518.JPG
9354,http://commondatastorage.googleapis.com/jjgames-static/images/15936.JPG
31607,http://commondatastorage.googleapis.com/jjgames-static/images/16311.JPG
9367,http://commondatastorage.googleapis.com/jjgames-static/images/15938.JPG
9368,http://commondatastorage.googleapis.com/jjgames-static/images/15939.JPG
19334,http://commondatastorage.googleapis.com/jjgames-static/images/16061.JPG
15852,http://commondatastorage.googleapis.com/jjgames-static/images/15632.JPG
30678,http://commondatastorage.googleapis.com/jjgames-static/images/15578.JPG
9369,http://commondatastorage.googleapis.com/jjgames-static/images/15726.JPG
9375,http://commondatastorage.googleapis.com/jjgames-static/images/15727.JPG
9376,http://commondatastorage.googleapis.com/jjgames-static/images/15766.JPG
19811,http://commondatastorage.googleapis.com/jjgames-static/images/16096.JPG
32423,http://commondatastorage.googleapis.com/jjgames-static/images/16637.JPG
16415,http://commondatastorage.googleapis.com/jjgames-static/images/16024.JPG
16063,http://commondatastorage.googleapis.com/jjgames-static/images/16140.JPG
9396,http://commondatastorage.googleapis.com/jjgames-static/images/15649.JPG
9400,http://commondatastorage.googleapis.com/jjgames-static/images/15942.JPG
9403,http://commondatastorage.googleapis.com/jjgames-static/images/15943.JPG
9405,http://commondatastorage.googleapis.com/jjgames-static/images/15944.JPG
15684,http://commondatastorage.googleapis.com/jjgames-static/images/15648.JPG
19725,http://commondatastorage.googleapis.com/jjgames-static/images/16086.JPG
9407,http://commondatastorage.googleapis.com/jjgames-static/images/15731.JPG
9408,http://commondatastorage.googleapis.com/jjgames-static/images/15732.JPG
19789,http://commondatastorage.googleapis.com/jjgames-static/images/16089.JPG
22103,http://commondatastorage.googleapis.com/jjgames-static/images/15573.JPG
31799,http://commondatastorage.googleapis.com/jjgames-static/images/16245.JPG
33142,http://commondatastorage.googleapis.com/jjgames-static/images/24954.JPG
9420,http://commondatastorage.googleapis.com/jjgames-static/images/15733.JPG
15017,http://commondatastorage.googleapis.com/jjgames-static/images/15836.JPG
19703,http://commondatastorage.googleapis.com/jjgames-static/images/16084.JPG
9426,http://commondatastorage.googleapis.com/jjgames-static/images/15734.JPG
9427,http://commondatastorage.googleapis.com/jjgames-static/images/15735.JPG
9429,http://commondatastorage.googleapis.com/jjgames-static/images/15736.JPG
9440,http://commondatastorage.googleapis.com/jjgames-static/images/15945.JPG
14128,http://commondatastorage.googleapis.com/jjgames-static/images/16039.JPG
19381,http://commondatastorage.googleapis.com/jjgames-static/images/16066.JPG
9444,http://commondatastorage.googleapis.com/jjgames-static/images/15763.JPG
9465,http://commondatastorage.googleapis.com/jjgames-static/images/15946.JPG
9466,http://commondatastorage.googleapis.com/jjgames-static/images/15947.JPG
9467,http://commondatastorage.googleapis.com/jjgames-static/images/15948.JPG
9481,http://commondatastorage.googleapis.com/jjgames-static/images/15949.JPG
9398,http://commondatastorage.googleapis.com/jjgames-static/images/15941.JPG
10322,http://commondatastorage.googleapis.com/jjgames-static/images/15807.JPG
19724,http://commondatastorage.googleapis.com/jjgames-static/images/16085.JPG
31114,http://commondatastorage.googleapis.com/jjgames-static/images/15595.JPG
21288,http://commondatastorage.googleapis.com/jjgames-static/images/15521.JPG
31854,http://commondatastorage.googleapis.com/jjgames-static/images/16392.JPG
9399,http://commondatastorage.googleapis.com/jjgames-static/images/15730.JPG
13992,http://commondatastorage.googleapis.com/jjgames-static/images/15838.JPG
9446,http://commondatastorage.googleapis.com/jjgames-static/images/15737.JPG
9447,http://commondatastorage.googleapis.com/jjgames-static/images/15738.JPG
12961,http://commondatastorage.googleapis.com/jjgames-static/images/15826.JPG
19626,http://commondatastorage.googleapis.com/jjgames-static/images/16082.JPG
16015,http://commondatastorage.googleapis.com/jjgames-static/images/15624.JPG
6749,http://commondatastorage.googleapis.com/jjgames-static/images/4255.JPG
9448,http://commondatastorage.googleapis.com/jjgames-static/images/15739.JPG
15862,http://commondatastorage.googleapis.com/jjgames-static/images/16118.JPG
21682,http://commondatastorage.googleapis.com/jjgames-static/images/15537.JPG
9503,http://commondatastorage.googleapis.com/jjgames-static/images/16137.JPG
9505,http://commondatastorage.googleapis.com/jjgames-static/images/15950.JPG
9513,http://commondatastorage.googleapis.com/jjgames-static/images/15740.JPG
9515,http://commondatastorage.googleapis.com/jjgames-static/images/15741.JPG
16223,http://commondatastorage.googleapis.com/jjgames-static/images/15655.JPG
9582,http://commondatastorage.googleapis.com/jjgames-static/images/16131.JPG
14819,http://commondatastorage.googleapis.com/jjgames-static/images/15819.JPG
6750,http://commondatastorage.googleapis.com/jjgames-static/images/15839.JPG
31390,http://commondatastorage.googleapis.com/jjgames-static/images/15614.JPG
9597,http://commondatastorage.googleapis.com/jjgames-static/images/15961.JPG
9599,http://commondatastorage.googleapis.com/jjgames-static/images/15963.JPG
9598,http://commondatastorage.googleapis.com/jjgames-static/images/15962.JPG
31402,http://commondatastorage.googleapis.com/jjgames-static/images/15612.JPG
31054,http://commondatastorage.googleapis.com/jjgames-static/images/15622.JPG
31395,http://commondatastorage.googleapis.com/jjgames-static/images/15607.JPG
31396,http://commondatastorage.googleapis.com/jjgames-static/images/15608.JPG
31394,http://commondatastorage.googleapis.com/jjgames-static/images/15613.JPG
31400,http://commondatastorage.googleapis.com/jjgames-static/images/15610.JPG
31393,http://commondatastorage.googleapis.com/jjgames-static/images/15606.JPG
31401,http://commondatastorage.googleapis.com/jjgames-static/images/15611.JPG
31399,http://commondatastorage.googleapis.com/jjgames-static/images/15609.JPG
31392,http://commondatastorage.googleapis.com/jjgames-static/images/15605.JPG
33108,http://commondatastorage.googleapis.com/jjgames-static/images/24824.JPG
31152,http://commondatastorage.googleapis.com/jjgames-static/images/15586.JPG
31150,http://commondatastorage.googleapis.com/jjgames-static/images/15587.JPG
9531,http://commondatastorage.googleapis.com/jjgames-static/images/16134.JPG
9520,http://commondatastorage.googleapis.com/jjgames-static/images/15952.JPG
9521,http://commondatastorage.googleapis.com/jjgames-static/images/15953.JPG
19335,http://commondatastorage.googleapis.com/jjgames-static/images/16063.JPG
11930,http://commondatastorage.googleapis.com/jjgames-static/images/15651.JPG
18750,http://commondatastorage.googleapis.com/jjgames-static/images/16142.JPG
31319,http://commondatastorage.googleapis.com/jjgames-static/images/15617.JPG
32424,http://commondatastorage.googleapis.com/jjgames-static/images/16638.JPG
9533,http://commondatastorage.googleapis.com/jjgames-static/images/15742.JPG
9539,http://commondatastorage.googleapis.com/jjgames-static/images/15954.JPG
19896,http://commondatastorage.googleapis.com/jjgames-static/images/16101.JPG
19895,http://commondatastorage.googleapis.com/jjgames-static/images/16100.JPG
19897,http://commondatastorage.googleapis.com/jjgames-static/images/16102.JPG
16374,http://commondatastorage.googleapis.com/jjgames-static/images/16020.JPG
22015,http://commondatastorage.googleapis.com/jjgames-static/images/15564.JPG
31033,http://commondatastorage.googleapis.com/jjgames-static/images/15618.JPG
14632,http://commondatastorage.googleapis.com/jjgames-static/images/15633.JPG
9551,http://commondatastorage.googleapis.com/jjgames-static/images/15955.JPG
9553,http://commondatastorage.googleapis.com/jjgames-static/images/15743.JPG
9554,http://commondatastorage.googleapis.com/jjgames-static/images/15825.JPG
15073,http://commondatastorage.googleapis.com/jjgames-static/images/15641.JPG
9560,http://commondatastorage.googleapis.com/jjgames-static/images/15744.JPG
9561,http://commondatastorage.googleapis.com/jjgames-static/images/15636.JPG
30993,http://commondatastorage.googleapis.com/jjgames-static/images/15602.JPG
9565,http://commondatastorage.googleapis.com/jjgames-static/images/15956.JPG
9573,http://commondatastorage.googleapis.com/jjgames-static/images/15959.JPG
9569,http://commondatastorage.googleapis.com/jjgames-static/images/15957.JPG
9570,http://commondatastorage.googleapis.com/jjgames-static/images/15958.JPG
9580,http://commondatastorage.googleapis.com/jjgames-static/images/15960.JPG
9588,http://commondatastorage.googleapis.com/jjgames-static/images/15745.JPG
9589,http://commondatastorage.googleapis.com/jjgames-static/images/15746.JPG
21304,http://commondatastorage.googleapis.com/jjgames-static/images/15523.JPG
30852,http://commondatastorage.googleapis.com/jjgames-static/images/15567.JPG
16289,http://commondatastorage.googleapis.com/jjgames-static/images/15830.JPG
32296,http://commondatastorage.googleapis.com/jjgames-static/images/16564.JPG
33299,http://commondatastorage.googleapis.com/jjgames-static/images/24989.JPG
14010,http://commondatastorage.googleapis.com/jjgames-static/images/16038.JPG
15941,http://commondatastorage.googleapis.com/jjgames-static/images/16053.JPG
19981,http://commondatastorage.googleapis.com/jjgames-static/images/16110.JPG
22122,http://commondatastorage.googleapis.com/jjgames-static/images/15574.JPG
9596,http://commondatastorage.googleapis.com/jjgames-static/images/15747.JPG
9603,http://commondatastorage.googleapis.com/jjgames-static/images/15964.JPG
9649,http://commondatastorage.googleapis.com/jjgames-static/images/15751.JPG
