18754,http://commondatastorage.googleapis.com/jjgames-static/images/25817.JPG
18821,http://commondatastorage.googleapis.com/jjgames-static/images/25884.JPG
18873,http://commondatastorage.googleapis.com/jjgames-static/images/25936.JPG
18756,http://commondatastorage.googleapis.com/jjgames-static/images/25819.JPG
18823,http://commondatastorage.googleapis.com/jjgames-static/images/25886.JPG
18874,http://commondatastorage.googleapis.com/jjgames-static/images/25937.JPG
18757,http://commondatastorage.googleapis.com/jjgames-static/images/25820.JPG
18830,http://commondatastorage.googleapis.com/jjgames-static/images/25896.JPG
18880,http://commondatastorage.googleapis.com/jjgames-static/images/25598.JPG
18762,http://commondatastorage.googleapis.com/jjgames-static/images/25825.JPG
18833,http://commondatastorage.googleapis.com/jjgames-static/images/25895.JPG
18883,http://commondatastorage.googleapis.com/jjgames-static/images/25945.JPG
18761,http://commondatastorage.googleapis.com/jjgames-static/images/25826.JPG
18834,http://commondatastorage.googleapis.com/jjgames-static/images/25898.JPG
18885,http://commondatastorage.googleapis.com/jjgames-static/images/25947.JPG
18764,http://commondatastorage.googleapis.com/jjgames-static/images/25827.JPG
18837,http://commondatastorage.googleapis.com/jjgames-static/images/25900.JPG
18886,http://commondatastorage.googleapis.com/jjgames-static/images/25948.JPG
18763,http://commondatastorage.googleapis.com/jjgames-static/images/25828.JPG
18840,http://commondatastorage.googleapis.com/jjgames-static/images/25901.JPG
18889,http://commondatastorage.googleapis.com/jjgames-static/images/25951.JPG
18766,http://commondatastorage.googleapis.com/jjgames-static/images/25829.JPG
18838,http://commondatastorage.googleapis.com/jjgames-static/images/25902.JPG
18896,http://commondatastorage.googleapis.com/jjgames-static/images/25958.JPG
18848,http://commondatastorage.googleapis.com/jjgames-static/images/25909.JPG
18899,http://commondatastorage.googleapis.com/jjgames-static/images/25960.JPG
18768,http://commondatastorage.googleapis.com/jjgames-static/images/25832.JPG
18852,http://commondatastorage.googleapis.com/jjgames-static/images/25913.JPG
18904,http://commondatastorage.googleapis.com/jjgames-static/images/25966.JPG
18770,http://commondatastorage.googleapis.com/jjgames-static/images/25833.JPG
18857,http://commondatastorage.googleapis.com/jjgames-static/images/25917.JPG
18906,http://commondatastorage.googleapis.com/jjgames-static/images/25968.JPG
18778,http://commondatastorage.googleapis.com/jjgames-static/images/25841.JPG
18856,http://commondatastorage.googleapis.com/jjgames-static/images/25918.JPG
18909,http://commondatastorage.googleapis.com/jjgames-static/images/25971.JPG
18780,http://commondatastorage.googleapis.com/jjgames-static/images/25843.JPG
18858,http://commondatastorage.googleapis.com/jjgames-static/images/25919.JPG
18910,http://commondatastorage.googleapis.com/jjgames-static/images/25972.JPG
18789,http://commondatastorage.googleapis.com/jjgames-static/images/25851.JPG
18859,http://commondatastorage.googleapis.com/jjgames-static/images/25920.JPG
18913,http://commondatastorage.googleapis.com/jjgames-static/images/25975.JPG
18790,http://commondatastorage.googleapis.com/jjgames-static/images/25852.JPG
18860,http://commondatastorage.googleapis.com/jjgames-static/images/25922.JPG
18914,http://commondatastorage.googleapis.com/jjgames-static/images/25976.JPG
18791,http://commondatastorage.googleapis.com/jjgames-static/images/25853.JPG
18861,http://commondatastorage.googleapis.com/jjgames-static/images/25923.JPG
18919,http://commondatastorage.googleapis.com/jjgames-static/images/25981.JPG
18797,http://commondatastorage.googleapis.com/jjgames-static/images/25859.JPG
18863,http://commondatastorage.googleapis.com/jjgames-static/images/25925.JPG
18924,http://commondatastorage.googleapis.com/jjgames-static/images/25986.JPG
18799,http://commondatastorage.googleapis.com/jjgames-static/images/25861.JPG
18869,http://commondatastorage.googleapis.com/jjgames-static/images/25927.JPG
18929,http://commondatastorage.googleapis.com/jjgames-static/images/25990.JPG
18800,http://commondatastorage.googleapis.com/jjgames-static/images/25862.JPG
18867,http://commondatastorage.googleapis.com/jjgames-static/images/25928.JPG
18930,http://commondatastorage.googleapis.com/jjgames-static/images/25991.JPG
18801,http://commondatastorage.googleapis.com/jjgames-static/images/25863.JPG
18870,http://commondatastorage.googleapis.com/jjgames-static/images/25929.JPG
32896,http://commondatastorage.googleapis.com/jjgames-static/images/25993.JPG
30884,http://commondatastorage.googleapis.com/jjgames-static/images/25869.JPG
18865,http://commondatastorage.googleapis.com/jjgames-static/images/25930.JPG
18932,http://commondatastorage.googleapis.com/jjgames-static/images/25995.JPG
18809,http://commondatastorage.googleapis.com/jjgames-static/images/25872.JPG
18868,http://commondatastorage.googleapis.com/jjgames-static/images/25931.JPG
18935,http://commondatastorage.googleapis.com/jjgames-static/images/25998.JPG
18810,http://commondatastorage.googleapis.com/jjgames-static/images/25873.JPG
18864,http://commondatastorage.googleapis.com/jjgames-static/images/25932.JPG
18936,http://commondatastorage.googleapis.com/jjgames-static/images/25999.JPG
18814,http://commondatastorage.googleapis.com/jjgames-static/images/25877.JPG
18871,http://commondatastorage.googleapis.com/jjgames-static/images/25934.JPG
18940,http://commondatastorage.googleapis.com/jjgames-static/images/26003.JPG
18817,http://commondatastorage.googleapis.com/jjgames-static/images/25880.JPG
18942,http://commondatastorage.googleapis.com/jjgames-static/images/26005.JPG
19000,http://commondatastorage.googleapis.com/jjgames-static/images/26064.JPG
18944,http://commondatastorage.googleapis.com/jjgames-static/images/26007.JPG
19003,http://commondatastorage.googleapis.com/jjgames-static/images/26068.JPG
18945,http://commondatastorage.googleapis.com/jjgames-static/images/26024.JPG
19005,http://commondatastorage.googleapis.com/jjgames-static/images/26069.JPG
18946,http://commondatastorage.googleapis.com/jjgames-static/images/26015.JPG
19008,http://commondatastorage.googleapis.com/jjgames-static/images/26073.JPG
18949,http://commondatastorage.googleapis.com/jjgames-static/images/26009.JPG
19016,http://commondatastorage.googleapis.com/jjgames-static/images/26079.JPG
18950,http://commondatastorage.googleapis.com/jjgames-static/images/26010.JPG
19019,http://commondatastorage.googleapis.com/jjgames-static/images/26091.JPG
18948,http://commondatastorage.googleapis.com/jjgames-static/images/26011.JPG
19033,http://commondatastorage.googleapis.com/jjgames-static/images/26097.JPG
18952,http://commondatastorage.googleapis.com/jjgames-static/images/26012.JPG
19035,http://commondatastorage.googleapis.com/jjgames-static/images/26099.JPG
18953,http://commondatastorage.googleapis.com/jjgames-static/images/26014.JPG
19038,http://commondatastorage.googleapis.com/jjgames-static/images/26102.JPG
18954,http://commondatastorage.googleapis.com/jjgames-static/images/26016.JPG
19042,http://commondatastorage.googleapis.com/jjgames-static/images/26107.JPG
18957,http://commondatastorage.googleapis.com/jjgames-static/images/26019.JPG
21926,http://commondatastorage.googleapis.com/jjgames-static/images/26109.JPG
18961,http://commondatastorage.googleapis.com/jjgames-static/images/26023.JPG
19045,http://commondatastorage.googleapis.com/jjgames-static/images/26111.JPG
19068,http://commondatastorage.googleapis.com/jjgames-static/images/26034.JPG
19050,http://commondatastorage.googleapis.com/jjgames-static/images/26116.JPG
18975,http://commondatastorage.googleapis.com/jjgames-static/images/26039.JPG
19051,http://commondatastorage.googleapis.com/jjgames-static/images/26117.JPG
18976,http://commondatastorage.googleapis.com/jjgames-static/images/26040.JPG
19052,http://commondatastorage.googleapis.com/jjgames-static/images/26118.JPG
18977,http://commondatastorage.googleapis.com/jjgames-static/images/26041.JPG
19057,http://commondatastorage.googleapis.com/jjgames-static/images/26125.JPG
18978,http://commondatastorage.googleapis.com/jjgames-static/images/26042.JPG
19064,http://commondatastorage.googleapis.com/jjgames-static/images/26130.JPG
18981,http://commondatastorage.googleapis.com/jjgames-static/images/26048.JPG
19065,http://commondatastorage.googleapis.com/jjgames-static/images/26131.JPG
32419,/images/notfound.jpg
19067,http://commondatastorage.googleapis.com/jjgames-static/images/26132.JPG
18986,http://commondatastorage.googleapis.com/jjgames-static/images/26051.JPG
19066,http://commondatastorage.googleapis.com/jjgames-static/images/26133.JPG
18991,http://commondatastorage.googleapis.com/jjgames-static/images/26055.JPG
18992,http://commondatastorage.googleapis.com/jjgames-static/images/26056.JPG
18994,http://commondatastorage.googleapis.com/jjgames-static/images/26058.JPG
18995,http://commondatastorage.googleapis.com/jjgames-static/images/26059.JPG
