8439,http://commondatastorage.googleapis.com/jjgames-static/images/12321.JPG
19684,http://static.jjgames.com/images/noimage.jpg
8440,http://commondatastorage.googleapis.com/jjgames-static/images/12527.JPG
19685,http://static.jjgames.com/images/noimage.jpg
8446,http://commondatastorage.googleapis.com/jjgames-static/images/12432.JPG
9564,http://commondatastorage.googleapis.com/jjgames-static/images/12497.JPG
8447,http://commondatastorage.googleapis.com/jjgames-static/images/12355.JPG
9572,http://commondatastorage.googleapis.com/jjgames-static/images/12351.JPG
8480,http://commondatastorage.googleapis.com/jjgames-static/images/12373.JPG
9578,http://commondatastorage.googleapis.com/jjgames-static/images/12502.JPG
8481,http://commondatastorage.googleapis.com/jjgames-static/images/12365.JPG
9579,http://commondatastorage.googleapis.com/jjgames-static/images/12494.JPG
8489,http://commondatastorage.googleapis.com/jjgames-static/images/12403.JPG
9594,http://commondatastorage.googleapis.com/jjgames-static/images/12489.JPG
9600,http://commondatastorage.googleapis.com/jjgames-static/images/12451.JPG
8496,http://commondatastorage.googleapis.com/jjgames-static/images/12510.JPG
9609,http://commondatastorage.googleapis.com/jjgames-static/images/12383.JPG
8504,http://commondatastorage.googleapis.com/jjgames-static/images/12472.JPG
9613,http://commondatastorage.googleapis.com/jjgames-static/images/12530.JPG
8516,http://commondatastorage.googleapis.com/jjgames-static/images/12408.JPG
9620,http://commondatastorage.googleapis.com/jjgames-static/images/12354.JPG
8528,http://commondatastorage.googleapis.com/jjgames-static/images/12378.JPG
14322,http://commondatastorage.googleapis.com/jjgames-static/images/12620.JPG
8531,http://commondatastorage.googleapis.com/jjgames-static/images/12428.JPG
10038,http://commondatastorage.googleapis.com/jjgames-static/images/12384.JPG
8539,http://commondatastorage.googleapis.com/jjgames-static/images/12333.JPG
9632,http://commondatastorage.googleapis.com/jjgames-static/images/12577.JPG
8552,http://commondatastorage.googleapis.com/jjgames-static/images/12379.JPG
9634,http://commondatastorage.googleapis.com/jjgames-static/images/12360.JPG
8553,http://commondatastorage.googleapis.com/jjgames-static/images/12315.JPG
9655,http://commondatastorage.googleapis.com/jjgames-static/images/12462.JPG
19447,http://commondatastorage.googleapis.com/jjgames-static/images/12621.JPG
9640,http://commondatastorage.googleapis.com/jjgames-static/images/12434.JPG
8626,http://commondatastorage.googleapis.com/jjgames-static/images/12418.JPG
9641,http://commondatastorage.googleapis.com/jjgames-static/images/12431.JPG
8633,http://commondatastorage.googleapis.com/jjgames-static/images/12526.JPG
9642,http://commondatastorage.googleapis.com/jjgames-static/images/12314.JPG
9643,http://commondatastorage.googleapis.com/jjgames-static/images/12363.JPG
14937,http://commondatastorage.googleapis.com/jjgames-static/images/25591.JPG
9646,http://commondatastorage.googleapis.com/jjgames-static/images/12340.JPG
8671,http://commondatastorage.googleapis.com/jjgames-static/images/12460.JPG
8675,http://commondatastorage.googleapis.com/jjgames-static/images/12412.JPG
9653,http://commondatastorage.googleapis.com/jjgames-static/images/12486.JPG
8684,http://commondatastorage.googleapis.com/jjgames-static/images/12423.JPG
9654,http://commondatastorage.googleapis.com/jjgames-static/images/12485.JPG
8689,http://commondatastorage.googleapis.com/jjgames-static/images/12491.JPG
9652,http://commondatastorage.googleapis.com/jjgames-static/images/12500.JPG
8693,http://commondatastorage.googleapis.com/jjgames-static/images/12490.JPG
