8442,http://commondatastorage.googleapis.com/jjgames-static/images/8312.JPG
8815,http://commondatastorage.googleapis.com/jjgames-static/images/8483.JPG
8449,http://commondatastorage.googleapis.com/jjgames-static/images/5943.JPG
16084,http://commondatastorage.googleapis.com/jjgames-static/images/12727.JPG
33626,http://commondatastorage.googleapis.com/jjgames-static/images/25396.JPG
8825,http://commondatastorage.googleapis.com/jjgames-static/images/8396.JPG
12568,http://commondatastorage.googleapis.com/jjgames-static/images/6002.JPG
8827,http://commondatastorage.googleapis.com/jjgames-static/images/5958.JPG
34626,http://static.jjgames.com/images/noimage.jpg
8830,http://commondatastorage.googleapis.com/jjgames-static/images/8489.JPG
13933,http://commondatastorage.googleapis.com/jjgames-static/images/10215.JPG
8837,http://commondatastorage.googleapis.com/jjgames-static/images/5832.JPG
8457,http://commondatastorage.googleapis.com/jjgames-static/images/8417.JPG
12544,http://commondatastorage.googleapis.com/jjgames-static/images/5959.JPG
8467,http://commondatastorage.googleapis.com/jjgames-static/images/5916.JPG
8839,http://commondatastorage.googleapis.com/jjgames-static/images/5833.JPG
8470,http://commondatastorage.googleapis.com/jjgames-static/images/6345.JPG
18708,http://commondatastorage.googleapis.com/jjgames-static/images/13085.JPG
8476,http://commondatastorage.googleapis.com/jjgames-static/images/6323.JPG
8840,http://commondatastorage.googleapis.com/jjgames-static/images/8490.JPG
8477,http://commondatastorage.googleapis.com/jjgames-static/images/8408.JPG
18570,http://commondatastorage.googleapis.com/jjgames-static/images/12985.JPG
8478,http://commondatastorage.googleapis.com/jjgames-static/images/8365.JPG
8846,http://commondatastorage.googleapis.com/jjgames-static/images/8330.JPG
8479,http://commondatastorage.googleapis.com/jjgames-static/images/8359.JPG
8847,http://commondatastorage.googleapis.com/jjgames-static/images/6791.JPG
8484,http://commondatastorage.googleapis.com/jjgames-static/images/6346.JPG
8853,http://commondatastorage.googleapis.com/jjgames-static/images/6792.JPG
8486,http://commondatastorage.googleapis.com/jjgames-static/images/8398.JPG
13926,http://commondatastorage.googleapis.com/jjgames-static/images/10208.JPG
11955,http://commondatastorage.googleapis.com/jjgames-static/images/5805.JPG
8854,http://commondatastorage.googleapis.com/jjgames-static/images/6793.JPG
11959,http://commondatastorage.googleapis.com/jjgames-static/images/5825.JPG
8855,http://commondatastorage.googleapis.com/jjgames-static/images/5918.JPG
12018,http://commondatastorage.googleapis.com/jjgames-static/images/5826.JPG
8856,http://commondatastorage.googleapis.com/jjgames-static/images/8340.JPG
8494,http://commondatastorage.googleapis.com/jjgames-static/images/5448.JPG
8858,http://commondatastorage.googleapis.com/jjgames-static/images/5960.JPG
12019,http://commondatastorage.googleapis.com/jjgames-static/images/9373.JPG
8872,http://commondatastorage.googleapis.com/jjgames-static/images/8382.JPG
8497,http://commondatastorage.googleapis.com/jjgames-static/images/7298.JPG
8873,http://commondatastorage.googleapis.com/jjgames-static/images/7119.JPG
19636,http://commondatastorage.googleapis.com/jjgames-static/images/13562.JPG
8880,http://commondatastorage.googleapis.com/jjgames-static/images/7116.JPG
8505,http://commondatastorage.googleapis.com/jjgames-static/images/5806.JPG
8884,http://commondatastorage.googleapis.com/jjgames-static/images/7478.JPG
8506,http://commondatastorage.googleapis.com/jjgames-static/images/8355.JPG
20367,http://commondatastorage.googleapis.com/jjgames-static/images/25407.JPG
8569,http://commondatastorage.googleapis.com/jjgames-static/images/7032.JPG
8509,http://commondatastorage.googleapis.com/jjgames-static/images/8297.JPG
11976,http://commondatastorage.googleapis.com/jjgames-static/images/5873.JPG
8512,http://commondatastorage.googleapis.com/jjgames-static/images/5947.JPG
8573,http://commondatastorage.googleapis.com/jjgames-static/images/5917.JPG
31466,http://commondatastorage.googleapis.com/jjgames-static/images/15454.JPG
8575,http://commondatastorage.googleapis.com/jjgames-static/images/8411.JPG
8517,http://commondatastorage.googleapis.com/jjgames-static/images/6324.JPG
8580,http://commondatastorage.googleapis.com/jjgames-static/images/8314.JPG
8522,http://commondatastorage.googleapis.com/jjgames-static/images/8306.JPG
13201,http://commondatastorage.googleapis.com/jjgames-static/images/6320.JPG
8523,http://commondatastorage.googleapis.com/jjgames-static/images/8329.JPG
8584,http://commondatastorage.googleapis.com/jjgames-static/images/6375.JPG
8526,http://commondatastorage.googleapis.com/jjgames-static/images/6393.JPG
8585,http://commondatastorage.googleapis.com/jjgames-static/images/6525.JPG
21035,http://commondatastorage.googleapis.com/jjgames-static/images/25397.JPG
8587,http://commondatastorage.googleapis.com/jjgames-static/images/6347.JPG
15053,http://commondatastorage.googleapis.com/jjgames-static/images/10558.JPG
8590,http://commondatastorage.googleapis.com/jjgames-static/images/8328.JPG
8532,http://commondatastorage.googleapis.com/jjgames-static/images/6003.JPG
12974,http://commondatastorage.googleapis.com/jjgames-static/images/6054.JPG
8533,http://commondatastorage.googleapis.com/jjgames-static/images/8485.JPG
8592,http://commondatastorage.googleapis.com/jjgames-static/images/8409.JPG
13697,http://commondatastorage.googleapis.com/jjgames-static/images/6392.JPG
8595,http://commondatastorage.googleapis.com/jjgames-static/images/5764.JPG
21185,http://commondatastorage.googleapis.com/jjgames-static/images/25398.JPG
31295,http://commondatastorage.googleapis.com/jjgames-static/images/25399.JPG
18676,http://commondatastorage.googleapis.com/jjgames-static/images/13061.JPG
8598,http://commondatastorage.googleapis.com/jjgames-static/images/5807.JPG
8546,http://commondatastorage.googleapis.com/jjgames-static/images/7031.JPG
8599,http://commondatastorage.googleapis.com/jjgames-static/images/6376.JPG
8629,http://commondatastorage.googleapis.com/jjgames-static/images/6639.JPG
8602,http://commondatastorage.googleapis.com/jjgames-static/images/8474.JPG
8547,http://commondatastorage.googleapis.com/jjgames-static/images/5829.JPG
20038,http://commondatastorage.googleapis.com/jjgames-static/images/13876.JPG
8551,http://commondatastorage.googleapis.com/jjgames-static/images/5948.JPG
8608,http://commondatastorage.googleapis.com/jjgames-static/images/8454.JPG
8557,http://commondatastorage.googleapis.com/jjgames-static/images/6325.JPG
33173,http://commondatastorage.googleapis.com/jjgames-static/images/25400.JPG
8558,http://commondatastorage.googleapis.com/jjgames-static/images/8336.JPG
8610,http://commondatastorage.googleapis.com/jjgames-static/images/7507.JPG
8561,http://commondatastorage.googleapis.com/jjgames-static/images/5762.JPG
12020,http://commondatastorage.googleapis.com/jjgames-static/images/6349.JPG
21963,http://commondatastorage.googleapis.com/jjgames-static/images/14633.JPG
8615,http://commondatastorage.googleapis.com/jjgames-static/images/8458.JPG
12555,http://commondatastorage.googleapis.com/jjgames-static/images/5950.JPG
8617,http://commondatastorage.googleapis.com/jjgames-static/images/8410.JPG
8567,http://commondatastorage.googleapis.com/jjgames-static/images/5763.JPG
19628,http://commondatastorage.googleapis.com/jjgames-static/images/13554.JPG
8686,http://commondatastorage.googleapis.com/jjgames-static/images/8319.JPG
19627,http://commondatastorage.googleapis.com/jjgames-static/images/13553.JPG
13726,http://commondatastorage.googleapis.com/jjgames-static/images/6526.JPG
21178,http://commondatastorage.googleapis.com/jjgames-static/images/25401.JPG
8694,http://commondatastorage.googleapis.com/jjgames-static/images/6397.JPG
16145,http://commondatastorage.googleapis.com/jjgames-static/images/10605.JPG
8703,http://commondatastorage.googleapis.com/jjgames-static/images/6241.JPG
8634,http://commondatastorage.googleapis.com/jjgames-static/images/7034.JPG
8705,http://commondatastorage.googleapis.com/jjgames-static/images/5449.JPG
8635,http://commondatastorage.googleapis.com/jjgames-static/images/7448.JPG
13793,http://commondatastorage.googleapis.com/jjgames-static/images/6787.JPG
8637,http://commondatastorage.googleapis.com/jjgames-static/images/6350.JPG
8640,http://commondatastorage.googleapis.com/jjgames-static/images/6326.JPG
8710,http://commondatastorage.googleapis.com/jjgames-static/images/5953.JPG
8642,http://commondatastorage.googleapis.com/jjgames-static/images/7508.JPG
8711,http://commondatastorage.googleapis.com/jjgames-static/images/8303.JPG
8649,http://commondatastorage.googleapis.com/jjgames-static/images/6377.JPG
8712,http://commondatastorage.googleapis.com/jjgames-static/images/8318.JPG
8650,http://commondatastorage.googleapis.com/jjgames-static/images/8370.JPG
8715,http://commondatastorage.googleapis.com/jjgames-static/images/6352.JPG
8651,http://commondatastorage.googleapis.com/jjgames-static/images/5952.JPG
8716,http://commondatastorage.googleapis.com/jjgames-static/images/8386.JPG
8656,http://commondatastorage.googleapis.com/jjgames-static/images/6765.JPG
8717,http://commondatastorage.googleapis.com/jjgames-static/images/8308.JPG
8657,http://commondatastorage.googleapis.com/jjgames-static/images/6004.JPG
8720,http://commondatastorage.googleapis.com/jjgames-static/images/8413.JPG
15878,http://commondatastorage.googleapis.com/jjgames-static/images/10580.JPG
12589,http://commondatastorage.googleapis.com/jjgames-static/images/9537.JPG
32569,http://commondatastorage.googleapis.com/jjgames-static/images/25402.JPG
8723,http://commondatastorage.googleapis.com/jjgames-static/images/8397.JPG
8663,http://commondatastorage.googleapis.com/jjgames-static/images/6898.JPG
8724,http://commondatastorage.googleapis.com/jjgames-static/images/8394.JPG
8664,http://commondatastorage.googleapis.com/jjgames-static/images/8448.JPG
8725,http://commondatastorage.googleapis.com/jjgames-static/images/8347.JPG
8665,http://commondatastorage.googleapis.com/jjgames-static/images/8457.JPG
20440,http://commondatastorage.googleapis.com/jjgames-static/images/25403.JPG
21186,http://commondatastorage.googleapis.com/jjgames-static/images/14643.JPG
8735,http://commondatastorage.googleapis.com/jjgames-static/images/6353.JPG
8674,http://commondatastorage.googleapis.com/jjgames-static/images/6108.JPG
14078,http://commondatastorage.googleapis.com/jjgames-static/images/7296.JPG
8681,http://commondatastorage.googleapis.com/jjgames-static/images/6327.JPG
8736,http://commondatastorage.googleapis.com/jjgames-static/images/8356.JPG
8682,http://commondatastorage.googleapis.com/jjgames-static/images/6056.JPG
8737,http://commondatastorage.googleapis.com/jjgames-static/images/5954.JPG
8685,http://commondatastorage.googleapis.com/jjgames-static/images/8351.JPG
8740,http://commondatastorage.googleapis.com/jjgames-static/images/5808.JPG
15611,http://commondatastorage.googleapis.com/jjgames-static/images/12692.JPG
8741,http://commondatastorage.googleapis.com/jjgames-static/images/8435.JPG
18594,http://commondatastorage.googleapis.com/jjgames-static/images/13002.JPG
8750,http://commondatastorage.googleapis.com/jjgames-static/images/8481.JPG
8886,http://commondatastorage.googleapis.com/jjgames-static/images/8471.JPG
8752,http://commondatastorage.googleapis.com/jjgames-static/images/8399.JPG
8910,http://commondatastorage.googleapis.com/jjgames-static/images/8335.JPG
11863,http://commondatastorage.googleapis.com/jjgames-static/images/5767.JPG
8913,http://commondatastorage.googleapis.com/jjgames-static/images/8311.JPG
18648,http://commondatastorage.googleapis.com/jjgames-static/images/13039.JPG
8915,http://commondatastorage.googleapis.com/jjgames-static/images/8310.JPG
8754,http://commondatastorage.googleapis.com/jjgames-static/images/5768.JPG
8916,http://commondatastorage.googleapis.com/jjgames-static/images/8334.JPG
8755,http://commondatastorage.googleapis.com/jjgames-static/images/5769.JPG
13200,http://commondatastorage.googleapis.com/jjgames-static/images/6319.JPG
8760,http://commondatastorage.googleapis.com/jjgames-static/images/6006.JPG
8891,http://commondatastorage.googleapis.com/jjgames-static/images/8325.JPG
8763,http://commondatastorage.googleapis.com/jjgames-static/images/5770.JPG
31708,http://commondatastorage.googleapis.com/jjgames-static/images/25408.JPG
18491,http://commondatastorage.googleapis.com/jjgames-static/images/12917.JPG
8893,http://commondatastorage.googleapis.com/jjgames-static/images/5772.JPG
8767,http://commondatastorage.googleapis.com/jjgames-static/images/8324.JPG
8895,http://commondatastorage.googleapis.com/jjgames-static/images/8290.JPG
13931,http://commondatastorage.googleapis.com/jjgames-static/images/10213.JPG
8896,http://commondatastorage.googleapis.com/jjgames-static/images/6766.JPG
13100,http://commondatastorage.googleapis.com/jjgames-static/images/6182.JPG
8899,http://commondatastorage.googleapis.com/jjgames-static/images/6008.JPG
8784,http://commondatastorage.googleapis.com/jjgames-static/images/8315.JPG
8897,http://commondatastorage.googleapis.com/jjgames-static/images/5961.JPG
8787,http://commondatastorage.googleapis.com/jjgames-static/images/6007.JPG
21187,http://commondatastorage.googleapis.com/jjgames-static/images/25409.JPG
8791,http://commondatastorage.googleapis.com/jjgames-static/images/8406.JPG
8905,http://commondatastorage.googleapis.com/jjgames-static/images/6378.JPG
8795,http://commondatastorage.googleapis.com/jjgames-static/images/5957.JPG
12021,http://commondatastorage.googleapis.com/jjgames-static/images/5877.JPG
8793,http://commondatastorage.googleapis.com/jjgames-static/images/6328.JPG
16435,http://commondatastorage.googleapis.com/jjgames-static/images/12837.JPG
8797,http://commondatastorage.googleapis.com/jjgames-static/images/6280.JPG
8923,http://commondatastorage.googleapis.com/jjgames-static/images/7047.JPG
12970,http://commondatastorage.googleapis.com/jjgames-static/images/6058.JPG
15044,http://commondatastorage.googleapis.com/jjgames-static/images/10549.JPG
8867,http://commondatastorage.googleapis.com/jjgames-static/images/6244.JPG
8924,http://commondatastorage.googleapis.com/jjgames-static/images/6330.JPG
13908,http://commondatastorage.googleapis.com/jjgames-static/images/10197.JPG
19764,http://commondatastorage.googleapis.com/jjgames-static/images/13672.JPG
8811,http://commondatastorage.googleapis.com/jjgames-static/images/8466.JPG
8927,http://commondatastorage.googleapis.com/jjgames-static/images/8467.JPG
8953,http://commondatastorage.googleapis.com/jjgames-static/images/8441.JPG
12977,http://commondatastorage.googleapis.com/jjgames-static/images/6403.JPG
8954,http://commondatastorage.googleapis.com/jjgames-static/images/8434.JPG
8931,http://commondatastorage.googleapis.com/jjgames-static/images/5773.JPG
8955,http://commondatastorage.googleapis.com/jjgames-static/images/8430.JPG
22161,http://commondatastorage.googleapis.com/jjgames-static/images/25410.JPG
8956,http://commondatastorage.googleapis.com/jjgames-static/images/5809.JPG
30611,http://commondatastorage.googleapis.com/jjgames-static/images/25411.JPG
8933,http://commondatastorage.googleapis.com/jjgames-static/images/8459.JPG
9004,http://commondatastorage.googleapis.com/jjgames-static/images/8415.JPG
8934,http://commondatastorage.googleapis.com/jjgames-static/images/5834.JPG
9005,http://commondatastorage.googleapis.com/jjgames-static/images/7548.JPG
8937,http://commondatastorage.googleapis.com/jjgames-static/images/5962.JPG
12022,http://commondatastorage.googleapis.com/jjgames-static/images/6245.JPG
8938,http://commondatastorage.googleapis.com/jjgames-static/images/5774.JPG
9007,http://commondatastorage.googleapis.com/jjgames-static/images/6404.JPG
8942,http://commondatastorage.googleapis.com/jjgames-static/images/8391.JPG
18672,http://commondatastorage.googleapis.com/jjgames-static/images/13058.JPG
8943,http://commondatastorage.googleapis.com/jjgames-static/images/8390.JPG
12090,http://commondatastorage.googleapis.com/jjgames-static/images/5893.JPG
8946,http://commondatastorage.googleapis.com/jjgames-static/images/8476.JPG
12567,http://commondatastorage.googleapis.com/jjgames-static/images/5966.JPG
8947,http://commondatastorage.googleapis.com/jjgames-static/images/5963.JPG
9011,http://commondatastorage.googleapis.com/jjgames-static/images/6796.JPG
12978,http://commondatastorage.googleapis.com/jjgames-static/images/6060.JPG
9014,http://commondatastorage.googleapis.com/jjgames-static/images/5835.JPG
13248,http://commondatastorage.googleapis.com/jjgames-static/images/6341.JPG
9017,http://commondatastorage.googleapis.com/jjgames-static/images/8366.JPG
12975,http://commondatastorage.googleapis.com/jjgames-static/images/6061.JPG
9019,http://commondatastorage.googleapis.com/jjgames-static/images/6331.JPG
13197,http://commondatastorage.googleapis.com/jjgames-static/images/6316.JPG
9021,http://commondatastorage.googleapis.com/jjgames-static/images/8372.JPG
8979,http://commondatastorage.googleapis.com/jjgames-static/images/5776.JPG
9022,http://commondatastorage.googleapis.com/jjgames-static/images/6062.JPG
16170,http://commondatastorage.googleapis.com/jjgames-static/images/12742.JPG
9023,http://commondatastorage.googleapis.com/jjgames-static/images/8362.JPG
18550,http://commondatastorage.googleapis.com/jjgames-static/images/12968.JPG
9024,http://commondatastorage.googleapis.com/jjgames-static/images/8304.JPG
12556,http://commondatastorage.googleapis.com/jjgames-static/images/5965.JPG
11962,http://commondatastorage.googleapis.com/jjgames-static/images/5836.JPG
8987,http://commondatastorage.googleapis.com/jjgames-static/images/8375.JPG
11855,http://commondatastorage.googleapis.com/jjgames-static/images/5810.JPG
8989,http://commondatastorage.googleapis.com/jjgames-static/images/8402.JPG
9041,http://commondatastorage.googleapis.com/jjgames-static/images/6179.JPG
8992,http://commondatastorage.googleapis.com/jjgames-static/images/5919.JPG
9046,http://commondatastorage.googleapis.com/jjgames-static/images/5920.JPG
9001,http://commondatastorage.googleapis.com/jjgames-static/images/8385.JPG
9047,http://commondatastorage.googleapis.com/jjgames-static/images/6246.JPG
12023,http://commondatastorage.googleapis.com/jjgames-static/images/9374.JPG
13170,http://commondatastorage.googleapis.com/jjgames-static/images/9759.JPG
9052,http://commondatastorage.googleapis.com/jjgames-static/images/6901.JPG
9062,http://commondatastorage.googleapis.com/jjgames-static/images/7297.JPG
9064,http://commondatastorage.googleapis.com/jjgames-static/images/7114.JPG
9149,http://commondatastorage.googleapis.com/jjgames-static/images/6342.JPG
12557,http://commondatastorage.googleapis.com/jjgames-static/images/5967.JPG
32798,http://static.jjgames.com/images/noimage.jpg
9071,http://commondatastorage.googleapis.com/jjgames-static/images/8377.JPG
34798,http://static.jjgames.com/images/noimage.jpg
12577,http://commondatastorage.googleapis.com/jjgames-static/images/6033.JPG
9154,http://commondatastorage.googleapis.com/jjgames-static/images/8299.JPG
9081,http://commondatastorage.googleapis.com/jjgames-static/images/6248.JPG
9156,http://commondatastorage.googleapis.com/jjgames-static/images/8424.JPG
12980,http://commondatastorage.googleapis.com/jjgames-static/images/6063.JPG
9160,http://commondatastorage.googleapis.com/jjgames-static/images/5778.JPG
9090,http://commondatastorage.googleapis.com/jjgames-static/images/8421.JPG
9162,http://commondatastorage.googleapis.com/jjgames-static/images/8484.JPG
9091,http://commondatastorage.googleapis.com/jjgames-static/images/8420.JPG
15637,http://commondatastorage.googleapis.com/jjgames-static/images/10561.JPG
8490,http://commondatastorage.googleapis.com/jjgames-static/images/8425.JPG
9163,http://commondatastorage.googleapis.com/jjgames-static/images/6990.JPG
32577,http://commondatastorage.googleapis.com/jjgames-static/images/25412.JPG
9164,http://commondatastorage.googleapis.com/jjgames-static/images/8429.JPG
12571,http://commondatastorage.googleapis.com/jjgames-static/images/6009.JPG
9165,http://commondatastorage.googleapis.com/jjgames-static/images/8345.JPG
9098,http://commondatastorage.googleapis.com/jjgames-static/images/8298.JPG
9167,http://commondatastorage.googleapis.com/jjgames-static/images/7102.JPG
13722,http://commondatastorage.googleapis.com/jjgames-static/images/6521.JPG
9168,http://commondatastorage.googleapis.com/jjgames-static/images/5889.JPG
19633,http://commondatastorage.googleapis.com/jjgames-static/images/13559.JPG
9171,http://commondatastorage.googleapis.com/jjgames-static/images/5811.JPG
13965,http://commondatastorage.googleapis.com/jjgames-static/images/10217.JPG
9173,http://commondatastorage.googleapis.com/jjgames-static/images/5968.JPG
9108,http://commondatastorage.googleapis.com/jjgames-static/images/6356.JPG
21266,http://commondatastorage.googleapis.com/jjgames-static/images/25413.JPG
9112,http://commondatastorage.googleapis.com/jjgames-static/images/8414.JPG
14080,http://commondatastorage.googleapis.com/jjgames-static/images/7300.JPG
9116,http://commondatastorage.googleapis.com/jjgames-static/images/6406.JPG
31679,http://commondatastorage.googleapis.com/jjgames-static/images/25414.JPG
9118,http://commondatastorage.googleapis.com/jjgames-static/images/8472.JPG
9180,http://commondatastorage.googleapis.com/jjgames-static/images/5779.JPG
9120,http://commondatastorage.googleapis.com/jjgames-static/images/6407.JPG
9178,http://commondatastorage.googleapis.com/jjgames-static/images/8389.JPG
9145,http://commondatastorage.googleapis.com/jjgames-static/images/6357.JPG
19500,http://commondatastorage.googleapis.com/jjgames-static/images/13231.JPG
15636,http://commondatastorage.googleapis.com/jjgames-static/images/10560.JPG
33174,http://commondatastorage.googleapis.com/jjgames-static/images/25415.JPG
9181,http://commondatastorage.googleapis.com/jjgames-static/images/8453.JPG
9183,http://commondatastorage.googleapis.com/jjgames-static/images/8460.JPG
13927,http://commondatastorage.googleapis.com/jjgames-static/images/10209.JPG
13932,http://commondatastorage.googleapis.com/jjgames-static/images/10214.JPG
9184,http://commondatastorage.googleapis.com/jjgames-static/images/5838.JPG
9239,http://commondatastorage.googleapis.com/jjgames-static/images/6010.JPG
33627,http://commondatastorage.googleapis.com/jjgames-static/images/25416.JPG
9241,http://commondatastorage.googleapis.com/jjgames-static/images/6866.JPG
9188,http://commondatastorage.googleapis.com/jjgames-static/images/5839.JPG
9243,http://commondatastorage.googleapis.com/jjgames-static/images/8341.JPG
9189,http://commondatastorage.googleapis.com/jjgames-static/images/5812.JPG
9244,http://commondatastorage.googleapis.com/jjgames-static/images/8492.JPG
13945,http://commondatastorage.googleapis.com/jjgames-static/images/7163.JPG
9246,http://commondatastorage.googleapis.com/jjgames-static/images/8363.JPG
9192,http://commondatastorage.googleapis.com/jjgames-static/images/6287.JPG
12026,http://commondatastorage.googleapis.com/jjgames-static/images/6066.JPG
9193,http://commondatastorage.googleapis.com/jjgames-static/images/8477.JPG
9247,http://commondatastorage.googleapis.com/jjgames-static/images/7449.JPG
9202,http://commondatastorage.googleapis.com/jjgames-static/images/8374.JPG
9257,http://commondatastorage.googleapis.com/jjgames-static/images/8468.JPG
12024,http://commondatastorage.googleapis.com/jjgames-static/images/5879.JPG
15051,http://commondatastorage.googleapis.com/jjgames-static/images/10556.JPG
19631,http://commondatastorage.googleapis.com/jjgames-static/images/13557.JPG
15052,http://commondatastorage.googleapis.com/jjgames-static/images/10557.JPG
9209,http://commondatastorage.googleapis.com/jjgames-static/images/7048.JPG
19634,http://commondatastorage.googleapis.com/jjgames-static/images/13560.JPG
9210,http://commondatastorage.googleapis.com/jjgames-static/images/5970.JPG
14671,http://commondatastorage.googleapis.com/jjgames-static/images/10544.JPG
13851,http://commondatastorage.googleapis.com/jjgames-static/images/10178.JPG
9363,http://commondatastorage.googleapis.com/jjgames-static/images/5814.JPG
9216,http://commondatastorage.googleapis.com/jjgames-static/images/7038.JPG
9388,http://commondatastorage.googleapis.com/jjgames-static/images/8332.JPG
9218,http://commondatastorage.googleapis.com/jjgames-static/images/8307.JPG
9266,http://commondatastorage.googleapis.com/jjgames-static/images/8432.JPG
15047,http://commondatastorage.googleapis.com/jjgames-static/images/10552.JPG
9269,http://commondatastorage.googleapis.com/jjgames-static/images/8455.JPG
18618,http://commondatastorage.googleapis.com/jjgames-static/images/13019.JPG
9270,http://commondatastorage.googleapis.com/jjgames-static/images/8442.JPG
9221,http://commondatastorage.googleapis.com/jjgames-static/images/7039.JPG
9271,http://commondatastorage.googleapis.com/jjgames-static/images/8437.JPG
9223,http://commondatastorage.googleapis.com/jjgames-static/images/6359.JPG
9272,http://commondatastorage.googleapis.com/jjgames-static/images/8292.JPG
13202,http://commondatastorage.googleapis.com/jjgames-static/images/6321.JPG
9285,http://commondatastorage.googleapis.com/jjgames-static/images/5841.JPG
9228,http://commondatastorage.googleapis.com/jjgames-static/images/8368.JPG
9286,http://commondatastorage.googleapis.com/jjgames-static/images/6409.JPG
34044,http://commondatastorage.googleapis.com/jjgames-static/images/27148.JPG
9288,http://commondatastorage.googleapis.com/jjgames-static/images/6011.JPG
9292,http://commondatastorage.googleapis.com/jjgames-static/images/8469.JPG
34137,http://commondatastorage.googleapis.com/jjgames-static/images/10210.JPG
9293,http://commondatastorage.googleapis.com/jjgames-static/images/8323.JPG
13928,http://commondatastorage.googleapis.com/jjgames-static/images/26146.JPG
9299,http://commondatastorage.googleapis.com/jjgames-static/images/8313.JPG
11977,http://commondatastorage.googleapis.com/jjgames-static/images/5874.JPG
9301,http://commondatastorage.googleapis.com/jjgames-static/images/8327.JPG
9371,http://commondatastorage.googleapis.com/jjgames-static/images/5782.JPG
9303,http://commondatastorage.googleapis.com/jjgames-static/images/8350.JPG
7019,http://commondatastorage.googleapis.com/jjgames-static/images/6386.JPG
13791,http://commondatastorage.googleapis.com/jjgames-static/images/6803.JPG
9374,http://commondatastorage.googleapis.com/jjgames-static/images/5974.JPG
9308,http://commondatastorage.googleapis.com/jjgames-static/images/8488.JPG
9381,http://commondatastorage.googleapis.com/jjgames-static/images/5783.JPG
14604,http://commondatastorage.googleapis.com/jjgames-static/images/7522.JPG
9386,http://commondatastorage.googleapis.com/jjgames-static/images/8349.JPG
20080,http://commondatastorage.googleapis.com/jjgames-static/images/25417.JPG
9389,http://commondatastorage.googleapis.com/jjgames-static/images/5844.JPG
9322,http://commondatastorage.googleapis.com/jjgames-static/images/8465.JPG
31785,http://commondatastorage.googleapis.com/jjgames-static/images/25418.JPG
13943,http://commondatastorage.googleapis.com/jjgames-static/images/7115.JPG
13762,http://commondatastorage.googleapis.com/jjgames-static/images/7000.JPG
13199,http://commondatastorage.googleapis.com/jjgames-static/images/6318.JPG
9334,http://commondatastorage.googleapis.com/jjgames-static/images/6012.JPG
19630,http://commondatastorage.googleapis.com/jjgames-static/images/13556.JPG
18548,http://commondatastorage.googleapis.com/jjgames-static/images/12966.JPG
11978,http://commondatastorage.googleapis.com/jjgames-static/images/5875.JPG
9417,http://commondatastorage.googleapis.com/jjgames-static/images/8482.JPG
9336,http://commondatastorage.googleapis.com/jjgames-static/images/6387.JPG
9419,http://commondatastorage.googleapis.com/jjgames-static/images/7103.JPG
9340,http://commondatastorage.googleapis.com/jjgames-static/images/8337.JPG
13830,http://commondatastorage.googleapis.com/jjgames-static/images/6868.JPG
9341,http://commondatastorage.googleapis.com/jjgames-static/images/8296.JPG
9422,http://commondatastorage.googleapis.com/jjgames-static/images/5815.JPG
9344,http://commondatastorage.googleapis.com/jjgames-static/images/6068.JPG
9425,http://commondatastorage.googleapis.com/jjgames-static/images/5845.JPG
9350,http://commondatastorage.googleapis.com/jjgames-static/images/8461.JPG
9434,http://commondatastorage.googleapis.com/jjgames-static/images/5923.JPG
14285,http://commondatastorage.googleapis.com/jjgames-static/images/10368.JPG
9435,http://commondatastorage.googleapis.com/jjgames-static/images/5924.JPG
9352,http://commondatastorage.googleapis.com/jjgames-static/images/5780.JPG
9436,http://commondatastorage.googleapis.com/jjgames-static/images/8431.JPG
9353,http://commondatastorage.googleapis.com/jjgames-static/images/8428.JPG
9438,http://commondatastorage.googleapis.com/jjgames-static/images/8446.JPG
9356,http://commondatastorage.googleapis.com/jjgames-static/images/6768.JPG
32649,http://static.jjgames.com/images/noimage.jpg
9442,http://commondatastorage.googleapis.com/jjgames-static/images/8393.JPG
9443,http://commondatastorage.googleapis.com/jjgames-static/images/8392.JPG
16235,http://commondatastorage.googleapis.com/jjgames-static/images/12756.JPG
16432,http://commondatastorage.googleapis.com/jjgames-static/images/12834.JPG
18533,http://commondatastorage.googleapis.com/jjgames-static/images/12953.JPG
9456,http://commondatastorage.googleapis.com/jjgames-static/images/8478.JPG
9462,http://commondatastorage.googleapis.com/jjgames-static/images/8403.JPG
9470,http://commondatastorage.googleapis.com/jjgames-static/images/8445.JPG
9511,http://commondatastorage.googleapis.com/jjgames-static/images/7041.JPG
9471,http://commondatastorage.googleapis.com/jjgames-static/images/8449.JPG
21037,http://commondatastorage.googleapis.com/jjgames-static/images/14309.JPG
9472,http://commondatastorage.googleapis.com/jjgames-static/images/8438.JPG
9540,http://commondatastorage.googleapis.com/jjgames-static/images/8444.JPG
9473,http://commondatastorage.googleapis.com/jjgames-static/images/8433.JPG
9541,http://commondatastorage.googleapis.com/jjgames-static/images/8436.JPG
9475,http://commondatastorage.googleapis.com/jjgames-static/images/8291.JPG
9543,http://commondatastorage.googleapis.com/jjgames-static/images/8462.JPG
9477,http://commondatastorage.googleapis.com/jjgames-static/images/8480.JPG
9544,http://commondatastorage.googleapis.com/jjgames-static/images/8439.JPG
33175,http://commondatastorage.googleapis.com/jjgames-static/images/25419.JPG
9545,http://commondatastorage.googleapis.com/jjgames-static/images/8452.JPG
9480,http://commondatastorage.googleapis.com/jjgames-static/images/8456.JPG
9517,http://commondatastorage.googleapis.com/jjgames-static/images/8320.JPG
9451,http://commondatastorage.googleapis.com/jjgames-static/images/8404.JPG
9519,http://commondatastorage.googleapis.com/jjgames-static/images/5976.JPG
9482,http://commondatastorage.googleapis.com/jjgames-static/images/8354.JPG
14577,http://commondatastorage.googleapis.com/jjgames-static/images/10485.JPG
9493,http://commondatastorage.googleapis.com/jjgames-static/images/8309.JPG
9522,http://commondatastorage.googleapis.com/jjgames-static/images/7479.JPG
9494,http://commondatastorage.googleapis.com/jjgames-static/images/8361.JPG
9527,http://commondatastorage.googleapis.com/jjgames-static/images/6416.JPG
9496,http://commondatastorage.googleapis.com/jjgames-static/images/8447.JPG
9529,http://commondatastorage.googleapis.com/jjgames-static/images/5876.JPG
14616,http://commondatastorage.googleapis.com/jjgames-static/images/10514.JPG
34154,http://static.jjgames.com/images/noimage.jpg
9501,http://commondatastorage.googleapis.com/jjgames-static/images/8293.JPG
9536,http://commondatastorage.googleapis.com/jjgames-static/images/8479.JPG
14209,http://commondatastorage.googleapis.com/jjgames-static/images/10329.JPG
9537,http://commondatastorage.googleapis.com/jjgames-static/images/8422.JPG
9506,http://commondatastorage.googleapis.com/jjgames-static/images/8360.JPG
11957,http://commondatastorage.googleapis.com/jjgames-static/images/5816.JPG
9510,http://commondatastorage.googleapis.com/jjgames-static/images/6380.JPG
9546,http://commondatastorage.googleapis.com/jjgames-static/images/6809.JPG
18617,http://commondatastorage.googleapis.com/jjgames-static/images/13018.JPG
9547,http://commondatastorage.googleapis.com/jjgames-static/images/6332.JPG
18638,http://commondatastorage.googleapis.com/jjgames-static/images/13032.JPG
9550,http://commondatastorage.googleapis.com/jjgames-static/images/6810.JPG
9514,http://commondatastorage.googleapis.com/jjgames-static/images/8464.JPG
13198,http://commondatastorage.googleapis.com/jjgames-static/images/6317.JPG
33992,http://static.jjgames.com/images/noimage.jpg
12572,http://commondatastorage.googleapis.com/jjgames-static/images/6013.JPG
9555,http://commondatastorage.googleapis.com/jjgames-static/images/6417.JPG
9559,http://commondatastorage.googleapis.com/jjgames-static/images/8418.JPG
9557,http://commondatastorage.googleapis.com/jjgames-static/images/6812.JPG
9563,http://commondatastorage.googleapis.com/jjgames-static/images/6365.JPG
11954,http://commondatastorage.googleapis.com/jjgames-static/images/5818.JPG
9562,http://commondatastorage.googleapis.com/jjgames-static/images/5979.JPG
9623,http://commondatastorage.googleapis.com/jjgames-static/images/7002.JPG
9567,http://commondatastorage.googleapis.com/jjgames-static/images/8342.JPG
21034,http://commondatastorage.googleapis.com/jjgames-static/images/25420.JPG
9625,http://commondatastorage.googleapis.com/jjgames-static/images/6255.JPG
18584,http://commondatastorage.googleapis.com/jjgames-static/images/12994.JPG
9627,http://commondatastorage.googleapis.com/jjgames-static/images/8416.JPG
12573,http://commondatastorage.googleapis.com/jjgames-static/images/6014.JPG
9644,http://commondatastorage.googleapis.com/jjgames-static/images/8371.JPG
9583,http://commondatastorage.googleapis.com/jjgames-static/images/5455.JPG
9647,http://commondatastorage.googleapis.com/jjgames-static/images/6368.JPG
9586,http://commondatastorage.googleapis.com/jjgames-static/images/6015.JPG
9657,http://commondatastorage.googleapis.com/jjgames-static/images/5980.JPG
18493,http://commondatastorage.googleapis.com/jjgames-static/images/12919.JPG
12570,http://commondatastorage.googleapis.com/jjgames-static/images/6016.JPG
9587,http://commondatastorage.googleapis.com/jjgames-static/images/6366.JPG
18677,http://commondatastorage.googleapis.com/jjgames-static/images/13062.JPG
19632,http://commondatastorage.googleapis.com/jjgames-static/images/13558.JPG
9663,http://commondatastorage.googleapis.com/jjgames-static/images/5892.JPG
9591,http://commondatastorage.googleapis.com/jjgames-static/images/8387.JPG
12558,http://commondatastorage.googleapis.com/jjgames-static/images/5982.JPG
9602,http://commondatastorage.googleapis.com/jjgames-static/images/8343.JPG
12027,http://commondatastorage.googleapis.com/jjgames-static/images/9375.JPG
9610,http://commondatastorage.googleapis.com/jjgames-static/images/5784.JPG
9666,http://commondatastorage.googleapis.com/jjgames-static/images/6333.JPG
9611,http://commondatastorage.googleapis.com/jjgames-static/images/6420.JPG
9667,http://commondatastorage.googleapis.com/jjgames-static/images/5848.JPG
9636,http://commondatastorage.googleapis.com/jjgames-static/images/7510.JPG
14261,http://commondatastorage.googleapis.com/jjgames-static/images/10352.JPG
9637,http://commondatastorage.googleapis.com/jjgames-static/images/8380.JPG
13724,http://commondatastorage.googleapis.com/jjgames-static/images/6523.JPG
14618,http://commondatastorage.googleapis.com/jjgames-static/images/10516.JPG
9672,http://commondatastorage.googleapis.com/jjgames-static/images/7043.JPG
9674,http://commondatastorage.googleapis.com/jjgames-static/images/5983.JPG
9638,http://commondatastorage.googleapis.com/jjgames-static/images/8373.JPG
9676,http://commondatastorage.googleapis.com/jjgames-static/images/8357.JPG
9617,http://commondatastorage.googleapis.com/jjgames-static/images/8381.JPG
11963,http://commondatastorage.googleapis.com/jjgames-static/images/5890.JPG
9618,http://commondatastorage.googleapis.com/jjgames-static/images/8352.JPG
9680,http://commondatastorage.googleapis.com/jjgames-static/images/8305.JPG
9619,http://commondatastorage.googleapis.com/jjgames-static/images/8388.JPG
9683,http://commondatastorage.googleapis.com/jjgames-static/images/8322.JPG
31631,http://commondatastorage.googleapis.com/jjgames-static/images/25422.JPG
14670,http://commondatastorage.googleapis.com/jjgames-static/images/10543.JPG
9684,http://commondatastorage.googleapis.com/jjgames-static/images/8364.JPG
13930,http://commondatastorage.googleapis.com/jjgames-static/images/10212.JPG
15877,http://commondatastorage.googleapis.com/jjgames-static/images/10579.JPG
21184,http://commondatastorage.googleapis.com/jjgames-static/images/25423.JPG
9726,http://commondatastorage.googleapis.com/jjgames-static/images/8353.JPG
14575,http://commondatastorage.googleapis.com/jjgames-static/images/10483.JPG
9728,http://commondatastorage.googleapis.com/jjgames-static/images/8491.JPG
9691,http://commondatastorage.googleapis.com/jjgames-static/images/6180.JPG
12028,http://commondatastorage.googleapis.com/jjgames-static/images/6770.JPG
9694,http://commondatastorage.googleapis.com/jjgames-static/images/8463.JPG
9732,http://commondatastorage.googleapis.com/jjgames-static/images/6018.JPG
9698,http://commondatastorage.googleapis.com/jjgames-static/images/8401.JPG
9734,http://commondatastorage.googleapis.com/jjgames-static/images/6334.JPG
9703,http://commondatastorage.googleapis.com/jjgames-static/images/8294.JPG
12029,http://commondatastorage.googleapis.com/jjgames-static/images/5926.JPG
34045,http://static.jjgames.com/images/noimage.jpg
12574,http://commondatastorage.googleapis.com/jjgames-static/images/6019.JPG
18475,http://commondatastorage.googleapis.com/jjgames-static/images/12080.JPG
9743,http://commondatastorage.googleapis.com/jjgames-static/images/6075.JPG
18476,http://commondatastorage.googleapis.com/jjgames-static/images/12081.JPG
9756,http://commondatastorage.googleapis.com/jjgames-static/images/6771.JPG
34776,http://commondatastorage.googleapis.com/jjgames-static/images/27152.JPG
14079,http://commondatastorage.googleapis.com/jjgames-static/images/7299.JPG
9708,http://commondatastorage.googleapis.com/jjgames-static/images/5456.JPG
9760,http://commondatastorage.googleapis.com/jjgames-static/images/6076.JPG
31453,http://static.jjgames.com/images/noimage.jpg
32904,http://static.jjgames.com/images/noimage.jpg
20383,http://static.jjgames.com/images/noimage.jpg
21632,http://commondatastorage.googleapis.com/jjgames-static/images/14623.JPG
19370,http://commondatastorage.googleapis.com/jjgames-static/images/13197.JPG
9773,http://commondatastorage.googleapis.com/jjgames-static/images/6369.JPG
9719,http://commondatastorage.googleapis.com/jjgames-static/images/8400.JPG
9775,http://commondatastorage.googleapis.com/jjgames-static/images/6020.JPG
14576,http://commondatastorage.googleapis.com/jjgames-static/images/10484.JPG
9778,http://commondatastorage.googleapis.com/jjgames-static/images/6520.JPG
19450,http://commondatastorage.googleapis.com/jjgames-static/images/13214.JPG
9782,http://commondatastorage.googleapis.com/jjgames-static/images/5458.JPG
9723,http://commondatastorage.googleapis.com/jjgames-static/images/5819.JPG
9788,http://commondatastorage.googleapis.com/jjgames-static/images/5786.JPG
13175,http://commondatastorage.googleapis.com/jjgames-static/images/6256.JPG
9781,http://commondatastorage.googleapis.com/jjgames-static/images/5457.JPG
13176,http://commondatastorage.googleapis.com/jjgames-static/images/6815.JPG
9789,http://commondatastorage.googleapis.com/jjgames-static/images/5787.JPG
9725,http://commondatastorage.googleapis.com/jjgames-static/images/6017.JPG
9790,http://commondatastorage.googleapis.com/jjgames-static/images/5459.JPG
13884,http://commondatastorage.googleapis.com/jjgames-static/images/10189.JPG
9791,http://commondatastorage.googleapis.com/jjgames-static/images/5529.JPG
9804,http://commondatastorage.googleapis.com/jjgames-static/images/8339.JPG
32576,http://commondatastorage.googleapis.com/jjgames-static/images/16614.JPG
14825,http://commondatastorage.googleapis.com/jjgames-static/images/13142.JPG
12030,http://commondatastorage.googleapis.com/jjgames-static/images/6258.JPG
9812,http://commondatastorage.googleapis.com/jjgames-static/images/5850.JPG
10946,http://commondatastorage.googleapis.com/jjgames-static/images/5788.JPG
34285,http://commondatastorage.googleapis.com/jjgames-static/images/26301.JPG
9875,http://commondatastorage.googleapis.com/jjgames-static/images/5990.JPG
9305,http://commondatastorage.googleapis.com/jjgames-static/images/5894.JPG
11974,http://commondatastorage.googleapis.com/jjgames-static/images/5871.JPG
34797,http://static.jjgames.com/images/noimage.jpg
11975,http://commondatastorage.googleapis.com/jjgames-static/images/5872.JPG
9816,http://commondatastorage.googleapis.com/jjgames-static/images/5988.JPG
12971,http://commondatastorage.googleapis.com/jjgames-static/images/6080.JPG
21415,http://commondatastorage.googleapis.com/jjgames-static/images/25426.JPG
9879,http://commondatastorage.googleapis.com/jjgames-static/images/6081.JPG
9825,http://commondatastorage.googleapis.com/jjgames-static/images/8321.JPG
9880,http://commondatastorage.googleapis.com/jjgames-static/images/6862.JPG
9826,http://commondatastorage.googleapis.com/jjgames-static/images/7044.JPG
16184,http://commondatastorage.googleapis.com/jjgames-static/images/12747.JPG
18510,http://commondatastorage.googleapis.com/jjgames-static/images/12938.JPG
9881,http://commondatastorage.googleapis.com/jjgames-static/images/5820.JPG
9831,http://commondatastorage.googleapis.com/jjgames-static/images/6908.JPG
9882,http://commondatastorage.googleapis.com/jjgames-static/images/8333.JPG
9840,http://commondatastorage.googleapis.com/jjgames-static/images/6820.JPG
12543,http://commondatastorage.googleapis.com/jjgames-static/images/5928.JPG
9843,http://commondatastorage.googleapis.com/jjgames-static/images/8475.JPG
9886,http://commondatastorage.googleapis.com/jjgames-static/images/8486.JPG
9845,http://commondatastorage.googleapis.com/jjgames-static/images/6021.JPG
21188,http://commondatastorage.googleapis.com/jjgames-static/images/25427.JPG
14835,http://commondatastorage.googleapis.com/jjgames-static/images/10601.JPG
12979,http://commondatastorage.googleapis.com/jjgames-static/images/6082.JPG
14474,http://commondatastorage.googleapis.com/jjgames-static/images/10472.JPG
19360,http://commondatastorage.googleapis.com/jjgames-static/images/12717.JPG
15049,http://commondatastorage.googleapis.com/jjgames-static/images/10554.JPG
9894,http://commondatastorage.googleapis.com/jjgames-static/images/6909.JPG
9860,http://commondatastorage.googleapis.com/jjgames-static/images/8378.JPG
9897,http://commondatastorage.googleapis.com/jjgames-static/images/5851.JPG
9862,http://commondatastorage.googleapis.com/jjgames-static/images/8379.JPG
9900,http://commondatastorage.googleapis.com/jjgames-static/images/5878.JPG
9868,http://commondatastorage.googleapis.com/jjgames-static/images/5460.JPG
12031,http://commondatastorage.googleapis.com/jjgames-static/images/6824.JPG
16208,http://commondatastorage.googleapis.com/jjgames-static/images/12752.JPG
9901,http://commondatastorage.googleapis.com/jjgames-static/images/6825.JPG
9874,http://commondatastorage.googleapis.com/jjgames-static/images/5927.JPG
16143,http://commondatastorage.googleapis.com/jjgames-static/images/10603.JPG
12559,http://commondatastorage.googleapis.com/jjgames-static/images/5991.JPG
12032,http://commondatastorage.googleapis.com/jjgames-static/images/6423.JPG
9916,http://commondatastorage.googleapis.com/jjgames-static/images/6827.JPG
9918,http://commondatastorage.googleapis.com/jjgames-static/images/8376.JPG
9919,http://commondatastorage.googleapis.com/jjgames-static/images/8443.JPG
13802,http://commondatastorage.googleapis.com/jjgames-static/images/5852.JPG
10025,http://commondatastorage.googleapis.com/jjgames-static/images/8317.JPG
16255,http://commondatastorage.googleapis.com/jjgames-static/images/12760.JPG
13953,http://commondatastorage.googleapis.com/jjgames-static/images/7146.JPG
13954,http://commondatastorage.googleapis.com/jjgames-static/images/7145.JPG
15024,http://commondatastorage.googleapis.com/jjgames-static/images/12688.JPG
9926,http://commondatastorage.googleapis.com/jjgames-static/images/5789.JPG
9927,http://commondatastorage.googleapis.com/jjgames-static/images/5790.JPG
18678,http://commondatastorage.googleapis.com/jjgames-static/images/13063.JPG
13944,http://commondatastorage.googleapis.com/jjgames-static/images/7118.JPG
12973,http://commondatastorage.googleapis.com/jjgames-static/images/6083.JPG
9932,http://commondatastorage.googleapis.com/jjgames-static/images/6084.JPG
9933,http://commondatastorage.googleapis.com/jjgames-static/images/5821.JPG
9935,http://commondatastorage.googleapis.com/jjgames-static/images/8419.JPG
9936,http://commondatastorage.googleapis.com/jjgames-static/images/6828.JPG
21554,http://commondatastorage.googleapis.com/jjgames-static/images/25428.JPG
16054,http://commondatastorage.googleapis.com/jjgames-static/images/12725.JPG
9937,http://commondatastorage.googleapis.com/jjgames-static/images/8316.JPG
13242,http://commondatastorage.googleapis.com/jjgames-static/images/6371.JPG
9943,http://commondatastorage.googleapis.com/jjgames-static/images/6372.JPG
9950,http://commondatastorage.googleapis.com/jjgames-static/images/5888.JPG
9954,http://commondatastorage.googleapis.com/jjgames-static/images/5791.JPG
9969,http://commondatastorage.googleapis.com/jjgames-static/images/6865.JPG
9970,http://commondatastorage.googleapis.com/jjgames-static/images/6022.JPG
9976,http://commondatastorage.googleapis.com/jjgames-static/images/5929.JPG
9977,http://commondatastorage.googleapis.com/jjgames-static/images/6863.JPG
18718,http://commondatastorage.googleapis.com/jjgames-static/images/12100.JPG
9979,http://commondatastorage.googleapis.com/jjgames-static/images/7107.JPG
19635,http://commondatastorage.googleapis.com/jjgames-static/images/13561.JPG
13829,http://commondatastorage.googleapis.com/jjgames-static/images/6867.JPG
9985,http://commondatastorage.googleapis.com/jjgames-static/images/8302.JPG
9987,http://commondatastorage.googleapis.com/jjgames-static/images/5992.JPG
9989,http://commondatastorage.googleapis.com/jjgames-static/images/5993.JPG
9992,http://commondatastorage.googleapis.com/jjgames-static/images/5463.JPG
9993,http://commondatastorage.googleapis.com/jjgames-static/images/5854.JPG
13929,http://commondatastorage.googleapis.com/jjgames-static/images/10211.JPG
12569,http://commondatastorage.googleapis.com/jjgames-static/images/6121.JPG
13831,http://commondatastorage.googleapis.com/jjgames-static/images/6869.JPG
9998,http://commondatastorage.googleapis.com/jjgames-static/images/6261.JPG
11964,http://commondatastorage.googleapis.com/jjgames-static/images/5830.JPG
10000,http://commondatastorage.googleapis.com/jjgames-static/images/6305.JPG
10002,http://commondatastorage.googleapis.com/jjgames-static/images/8338.JPG
10006,http://commondatastorage.googleapis.com/jjgames-static/images/7295.JPG
10007,http://commondatastorage.googleapis.com/jjgames-static/images/8331.JPG
10012,http://commondatastorage.googleapis.com/jjgames-static/images/5994.JPG
13750,http://commondatastorage.googleapis.com/jjgames-static/images/6641.JPG
12968,http://commondatastorage.googleapis.com/jjgames-static/images/6085.JPG
10018,http://commondatastorage.googleapis.com/jjgames-static/images/8295.JPG
21294,http://commondatastorage.googleapis.com/jjgames-static/images/14622.JPG
10023,http://commondatastorage.googleapis.com/jjgames-static/images/5995.JPG
10028,http://commondatastorage.googleapis.com/jjgames-static/images/6549.JPG
12089,http://commondatastorage.googleapis.com/jjgames-static/images/5855.JPG
10029,http://commondatastorage.googleapis.com/jjgames-static/images/5856.JPG
10030,http://commondatastorage.googleapis.com/jjgames-static/images/8487.JPG
10034,http://commondatastorage.googleapis.com/jjgames-static/images/6335.JPG
17631,http://commondatastorage.googleapis.com/jjgames-static/images/12904.JPG
17606,http://commondatastorage.googleapis.com/jjgames-static/images/12891.JPG
12972,http://commondatastorage.googleapis.com/jjgames-static/images/6087.JPG
10055,http://commondatastorage.googleapis.com/jjgames-static/images/6088.JPG
13695,http://commondatastorage.googleapis.com/jjgames-static/images/6388.JPG
10058,http://commondatastorage.googleapis.com/jjgames-static/images/5464.JPG
19629,http://commondatastorage.googleapis.com/jjgames-static/images/13555.JPG
20102,http://commondatastorage.googleapis.com/jjgames-static/images/25429.JPG
10063,http://commondatastorage.googleapis.com/jjgames-static/images/8326.JPG
10066,http://commondatastorage.googleapis.com/jjgames-static/images/8440.JPG
31423,http://commondatastorage.googleapis.com/jjgames-static/images/25430.JPG
15629,http://commondatastorage.googleapis.com/jjgames-static/images/12697.JPG
13792,http://commondatastorage.googleapis.com/jjgames-static/images/6830.JPG
10070,http://commondatastorage.googleapis.com/jjgames-static/images/8384.JPG
10071,http://commondatastorage.googleapis.com/jjgames-static/images/6773.JPG
13174,http://commondatastorage.googleapis.com/jjgames-static/images/6263.JPG
10075,http://commondatastorage.googleapis.com/jjgames-static/images/8427.JPG
13728,http://commondatastorage.googleapis.com/jjgames-static/images/6527.JPG
16146,http://commondatastorage.googleapis.com/jjgames-static/images/10606.JPG
10077,http://commondatastorage.googleapis.com/jjgames-static/images/8348.JPG
7220,http://commondatastorage.googleapis.com/jjgames-static/images/6385.JPG
16144,http://commondatastorage.googleapis.com/jjgames-static/images/10604.JPG
10089,http://commondatastorage.googleapis.com/jjgames-static/images/8367.JPG
9450,http://commondatastorage.googleapis.com/jjgames-static/images/8358.JPG
10092,http://commondatastorage.googleapis.com/jjgames-static/images/8426.JPG
19726,http://commondatastorage.googleapis.com/jjgames-static/images/13627.JPG
10098,http://commondatastorage.googleapis.com/jjgames-static/images/6023.JPG
15048,http://commondatastorage.googleapis.com/jjgames-static/images/10553.JPG
18663,http://commondatastorage.googleapis.com/jjgames-static/images/13051.JPG
10100,http://commondatastorage.googleapis.com/jjgames-static/images/5997.JPG
18664,http://commondatastorage.googleapis.com/jjgames-static/images/13052.JPG
10103,http://commondatastorage.googleapis.com/jjgames-static/images/5794.JPG
10104,http://commondatastorage.googleapis.com/jjgames-static/images/6024.JPG
10106,http://commondatastorage.googleapis.com/jjgames-static/images/6089.JPG
10115,http://commondatastorage.googleapis.com/jjgames-static/images/6383.JPG
10120,http://commondatastorage.googleapis.com/jjgames-static/images/6090.JPG
10125,http://commondatastorage.googleapis.com/jjgames-static/images/7110.JPG
15045,http://commondatastorage.googleapis.com/jjgames-static/images/10550.JPG
10215,http://commondatastorage.googleapis.com/jjgames-static/images/5860.JPG
10216,http://commondatastorage.googleapis.com/jjgames-static/images/5822.JPG
10219,http://commondatastorage.googleapis.com/jjgames-static/images/6000.JPG
13832,http://commondatastorage.googleapis.com/jjgames-static/images/6870.JPG
18675,http://commondatastorage.googleapis.com/jjgames-static/images/13060.JPG
13828,http://commondatastorage.googleapis.com/jjgames-static/images/6864.JPG
10139,http://commondatastorage.googleapis.com/jjgames-static/images/7514.JPG
10140,http://commondatastorage.googleapis.com/jjgames-static/images/8423.JPG
16142,http://commondatastorage.googleapis.com/jjgames-static/images/10602.JPG
13849,http://commondatastorage.googleapis.com/jjgames-static/images/7001.JPG
13727,http://commondatastorage.googleapis.com/jjgames-static/images/6548.JPG
10144,http://commondatastorage.googleapis.com/jjgames-static/images/8369.JPG
10145,http://commondatastorage.googleapis.com/jjgames-static/images/7515.JPG
22160,http://commondatastorage.googleapis.com/jjgames-static/images/15149.JPG
34264,http://static.jjgames.com/images/noimage.jpg
10148,http://commondatastorage.googleapis.com/jjgames-static/images/5795.JPG
10151,http://commondatastorage.googleapis.com/jjgames-static/images/8450.JPG
10150,http://commondatastorage.googleapis.com/jjgames-static/images/8451.JPG
21189,http://commondatastorage.googleapis.com/jjgames-static/images/25431.JPG
10157,http://commondatastorage.googleapis.com/jjgames-static/images/8383.JPG
18547,http://commondatastorage.googleapis.com/jjgames-static/images/12965.JPG
13177,http://commondatastorage.googleapis.com/jjgames-static/images/6265.JPG
10161,http://commondatastorage.googleapis.com/jjgames-static/images/6092.JPG
14617,http://commondatastorage.googleapis.com/jjgames-static/images/10515.JPG
15050,http://commondatastorage.googleapis.com/jjgames-static/images/10555.JPG
10168,http://commondatastorage.googleapis.com/jjgames-static/images/8344.JPG
10170,http://commondatastorage.googleapis.com/jjgames-static/images/6309.JPG
12034,http://commondatastorage.googleapis.com/jjgames-static/images/5891.JPG
12969,http://commondatastorage.googleapis.com/jjgames-static/images/6093.JPG
12982,http://commondatastorage.googleapis.com/jjgames-static/images/6094.JPG
10177,http://commondatastorage.googleapis.com/jjgames-static/images/8301.JPG
10179,http://commondatastorage.googleapis.com/jjgames-static/images/8300.JPG
10180,http://commondatastorage.googleapis.com/jjgames-static/images/8470.JPG
14157,http://commondatastorage.googleapis.com/jjgames-static/images/10294.JPG
32799,http://commondatastorage.googleapis.com/jjgames-static/images/25433.JPG
32800,http://commondatastorage.googleapis.com/jjgames-static/images/25434.JPG
10187,http://commondatastorage.googleapis.com/jjgames-static/images/5930.JPG
12981,http://commondatastorage.googleapis.com/jjgames-static/images/6095.JPG
12566,http://commondatastorage.googleapis.com/jjgames-static/images/5999.JPG
10223,http://commondatastorage.googleapis.com/jjgames-static/images/5861.JPG
10224,http://commondatastorage.googleapis.com/jjgames-static/images/5797.JPG
18673,http://commondatastorage.googleapis.com/jjgames-static/images/13059.JPG
18707,http://commondatastorage.googleapis.com/jjgames-static/images/13084.JPG
13850,http://commondatastorage.googleapis.com/jjgames-static/images/7003.JPG
15046,http://commondatastorage.googleapis.com/jjgames-static/images/10551.JPG
10237,http://commondatastorage.googleapis.com/jjgames-static/images/8407.JPG
10241,http://commondatastorage.googleapis.com/jjgames-static/images/5467.JPG
13698,http://commondatastorage.googleapis.com/jjgames-static/images/6394.JPG
15023,http://commondatastorage.googleapis.com/jjgames-static/images/12687.JPG
10242,http://commondatastorage.googleapis.com/jjgames-static/images/5823.JPG
