13087,http://commondatastorage.googleapis.com/jjgames-static/images/6107.JPG
16292,http://commondatastorage.googleapis.com/jjgames-static/images/12088.JPG
16291,http://commondatastorage.googleapis.com/jjgames-static/images/12775.JPG
13693,http://commondatastorage.googleapis.com/jjgames-static/images/10152.JPG
15032,http://commondatastorage.googleapis.com/jjgames-static/images/12690.JPG
19832,http://commondatastorage.googleapis.com/jjgames-static/images/13728.JPG
34067,/images/notfound.jpg
13088,http://commondatastorage.googleapis.com/jjgames-static/images/6119.JPG
17612,http://commondatastorage.googleapis.com/jjgames-static/images/16912.JPG
18587,http://commondatastorage.googleapis.com/jjgames-static/images/12997.JPG
13734,http://commondatastorage.googleapis.com/jjgames-static/images/6538.JPG
18485,http://commondatastorage.googleapis.com/jjgames-static/images/12098.JPG
21589,http://commondatastorage.googleapis.com/jjgames-static/images/25405.JPG
18640,http://commondatastorage.googleapis.com/jjgames-static/images/13034.JPG
13089,http://commondatastorage.googleapis.com/jjgames-static/images/6111.JPG
34074,/images/notfound.jpg
34068,/images/notfound.jpg
13725,http://commondatastorage.googleapis.com/jjgames-static/images/6524.JPG
34069,/images/notfound.jpg
13735,http://commondatastorage.googleapis.com/jjgames-static/images/6539.JPG
16290,http://commondatastorage.googleapis.com/jjgames-static/images/12774.JPG
34075,/images/notfound.jpg
16413,http://commondatastorage.googleapis.com/jjgames-static/images/12825.JPG
34076,/images/notfound.jpg
14170,http://commondatastorage.googleapis.com/jjgames-static/images/10302.JPG
31932,http://commondatastorage.googleapis.com/jjgames-static/images/25432.JPG
13091,http://commondatastorage.googleapis.com/jjgames-static/images/6115.JPG
18492,http://commondatastorage.googleapis.com/jjgames-static/images/12918.JPG
14832,http://commondatastorage.googleapis.com/jjgames-static/images/12087.JPG
18486,http://commondatastorage.googleapis.com/jjgames-static/images/12099.JPG
34070,/images/notfound.jpg
18612,http://commondatastorage.googleapis.com/jjgames-static/images/13014.JPG
34071,/images/notfound.jpg
13090,http://commondatastorage.googleapis.com/jjgames-static/images/6116.JPG
34072,/images/notfound.jpg
11961,http://commondatastorage.googleapis.com/jjgames-static/images/5849.JPG
18484,http://commondatastorage.googleapis.com/jjgames-static/images/12097.JPG
31009,/images/notfound.jpg
