8444,http://commondatastorage.googleapis.com/jjgames-static/images/12103.JPG
9110,http://commondatastorage.googleapis.com/jjgames-static/images/12176.JPG
8461,http://commondatastorage.googleapis.com/jjgames-static/images/12104.JPG
9136,http://commondatastorage.googleapis.com/jjgames-static/images/12178.JPG
8492,http://commondatastorage.googleapis.com/jjgames-static/images/12105.JPG
9140,http://commondatastorage.googleapis.com/jjgames-static/images/12179.JPG
8500,http://commondatastorage.googleapis.com/jjgames-static/images/12106.JPG
9141,http://commondatastorage.googleapis.com/jjgames-static/images/12180.JPG
9144,http://commondatastorage.googleapis.com/jjgames-static/images/12181.JPG
13114,http://commondatastorage.googleapis.com/jjgames-static/images/12586.JPG
8502,http://commondatastorage.googleapis.com/jjgames-static/images/12107.JPG
9151,http://commondatastorage.googleapis.com/jjgames-static/images/12182.JPG
8508,http://commondatastorage.googleapis.com/jjgames-static/images/12108.JPG
9153,http://commondatastorage.googleapis.com/jjgames-static/images/12183.JPG
8510,http://commondatastorage.googleapis.com/jjgames-static/images/12109.JPG
13129,http://commondatastorage.googleapis.com/jjgames-static/images/12601.JPG
8520,http://commondatastorage.googleapis.com/jjgames-static/images/12110.JPG
9226,http://commondatastorage.googleapis.com/jjgames-static/images/12184.JPG
8524,http://commondatastorage.googleapis.com/jjgames-static/images/12111.JPG
9227,http://commondatastorage.googleapis.com/jjgames-static/images/12185.JPG
8535,http://commondatastorage.googleapis.com/jjgames-static/images/12112.JPG
9233,http://commondatastorage.googleapis.com/jjgames-static/images/12186.JPG
8549,http://commondatastorage.googleapis.com/jjgames-static/images/12113.JPG
9251,http://commondatastorage.googleapis.com/jjgames-static/images/12187.JPG
8563,http://commondatastorage.googleapis.com/jjgames-static/images/12114.JPG
20298,/images/notfound.jpg
20299,/images/notfound.jpg
8572,http://commondatastorage.googleapis.com/jjgames-static/images/12115.JPG
20300,/images/notfound.jpg
8576,http://commondatastorage.googleapis.com/jjgames-static/images/12116.JPG
9016,http://commondatastorage.googleapis.com/jjgames-static/images/12602.JPG
8577,http://commondatastorage.googleapis.com/jjgames-static/images/12117.JPG
9263,http://commondatastorage.googleapis.com/jjgames-static/images/12188.JPG
8581,http://commondatastorage.googleapis.com/jjgames-static/images/12118.JPG
9265,http://commondatastorage.googleapis.com/jjgames-static/images/12189.JPG
13142,http://commondatastorage.googleapis.com/jjgames-static/images/12614.JPG
13131,http://commondatastorage.googleapis.com/jjgames-static/images/12603.JPG
8583,http://commondatastorage.googleapis.com/jjgames-static/images/12119.JPG
9274,http://commondatastorage.googleapis.com/jjgames-static/images/12190.JPG
8612,http://commondatastorage.googleapis.com/jjgames-static/images/12120.JPG
14020,http://commondatastorage.googleapis.com/jjgames-static/images/12619.JPG
18515,http://commondatastorage.googleapis.com/jjgames-static/images/25564.JPG
8638,http://commondatastorage.googleapis.com/jjgames-static/images/12124.JPG
9283,http://commondatastorage.googleapis.com/jjgames-static/images/12191.JPG
8783,http://commondatastorage.googleapis.com/jjgames-static/images/12143.JPG
8616,http://commondatastorage.googleapis.com/jjgames-static/images/12121.JPG
8641,http://commondatastorage.googleapis.com/jjgames-static/images/12125.JPG
9284,http://commondatastorage.googleapis.com/jjgames-static/images/12192.JPG
13120,http://commondatastorage.googleapis.com/jjgames-static/images/12592.JPG
8618,http://commondatastorage.googleapis.com/jjgames-static/images/12122.JPG
8644,http://commondatastorage.googleapis.com/jjgames-static/images/12126.JPG
9295,http://commondatastorage.googleapis.com/jjgames-static/images/12193.JPG
8792,http://commondatastorage.googleapis.com/jjgames-static/images/12144.JPG
8619,http://commondatastorage.googleapis.com/jjgames-static/images/12123.JPG
8653,http://commondatastorage.googleapis.com/jjgames-static/images/12127.JPG
13121,http://commondatastorage.googleapis.com/jjgames-static/images/12593.JPG
8659,http://commondatastorage.googleapis.com/jjgames-static/images/12129.JPG
8798,http://commondatastorage.googleapis.com/jjgames-static/images/12145.JPG
8660,http://commondatastorage.googleapis.com/jjgames-static/images/12128.JPG
8835,http://commondatastorage.googleapis.com/jjgames-static/images/12151.JPG
8666,http://commondatastorage.googleapis.com/jjgames-static/images/12130.JPG
13122,http://commondatastorage.googleapis.com/jjgames-static/images/12594.JPG
31310,/images/notfound.jpg
8669,http://commondatastorage.googleapis.com/jjgames-static/images/12131.JPG
8806,http://commondatastorage.googleapis.com/jjgames-static/images/12146.JPG
9300,http://commondatastorage.googleapis.com/jjgames-static/images/12194.JPG
8670,http://commondatastorage.googleapis.com/jjgames-static/images/12132.JPG
8807,http://commondatastorage.googleapis.com/jjgames-static/images/12147.JPG
18601,http://commondatastorage.googleapis.com/jjgames-static/images/27206.JPG
13115,http://commondatastorage.googleapis.com/jjgames-static/images/12587.JPG
34819,/images/notfound.jpg
9311,http://commondatastorage.googleapis.com/jjgames-static/images/12195.JPG
8708,http://commondatastorage.googleapis.com/jjgames-static/images/12133.JPG
8819,http://commondatastorage.googleapis.com/jjgames-static/images/12148.JPG
9318,http://commondatastorage.googleapis.com/jjgames-static/images/12196.JPG
13116,http://commondatastorage.googleapis.com/jjgames-static/images/12588.JPG
8821,http://commondatastorage.googleapis.com/jjgames-static/images/12149.JPG
9321,http://commondatastorage.googleapis.com/jjgames-static/images/12197.JPG
8739,http://commondatastorage.googleapis.com/jjgames-static/images/12134.JPG
14439,http://commondatastorage.googleapis.com/jjgames-static/images/12626.JPG
31311,/images/notfound.jpg
13117,http://commondatastorage.googleapis.com/jjgames-static/images/12589.JPG
8831,http://commondatastorage.googleapis.com/jjgames-static/images/12150.JPG
9357,http://commondatastorage.googleapis.com/jjgames-static/images/12198.JPG
8751,http://commondatastorage.googleapis.com/jjgames-static/images/12135.JPG
13123,http://commondatastorage.googleapis.com/jjgames-static/images/12595.JPG
9373,http://commondatastorage.googleapis.com/jjgames-static/images/12199.JPG
8756,http://commondatastorage.googleapis.com/jjgames-static/images/12136.JPG
13124,http://commondatastorage.googleapis.com/jjgames-static/images/12596.JPG
13132,http://commondatastorage.googleapis.com/jjgames-static/images/12604.JPG
13118,http://commondatastorage.googleapis.com/jjgames-static/images/12590.JPG
8842,http://commondatastorage.googleapis.com/jjgames-static/images/12152.JPG
9380,http://commondatastorage.googleapis.com/jjgames-static/images/12200.JPG
8761,http://commondatastorage.googleapis.com/jjgames-static/images/12137.JPG
8843,http://commondatastorage.googleapis.com/jjgames-static/images/12153.JPG
9394,http://commondatastorage.googleapis.com/jjgames-static/images/12201.JPG
8765,http://commondatastorage.googleapis.com/jjgames-static/images/12138.JPG
13125,http://commondatastorage.googleapis.com/jjgames-static/images/12597.JPG
9395,http://commondatastorage.googleapis.com/jjgames-static/images/12202.JPG
13119,http://commondatastorage.googleapis.com/jjgames-static/images/12591.JPG
8857,http://commondatastorage.googleapis.com/jjgames-static/images/12154.JPG
9401,http://commondatastorage.googleapis.com/jjgames-static/images/12203.JPG
8779,http://commondatastorage.googleapis.com/jjgames-static/images/12139.JPG
8865,http://commondatastorage.googleapis.com/jjgames-static/images/12155.JPG
9416,http://commondatastorage.googleapis.com/jjgames-static/images/12204.JPG
8780,http://commondatastorage.googleapis.com/jjgames-static/images/12140.JPG
8871,http://commondatastorage.googleapis.com/jjgames-static/images/12156.JPG
9418,http://commondatastorage.googleapis.com/jjgames-static/images/12205.JPG
8781,http://commondatastorage.googleapis.com/jjgames-static/images/12141.JPG
8879,http://commondatastorage.googleapis.com/jjgames-static/images/12157.JPG
9423,http://commondatastorage.googleapis.com/jjgames-static/images/12206.JPG
8782,http://commondatastorage.googleapis.com/jjgames-static/images/12142.JPG
9424,http://commondatastorage.googleapis.com/jjgames-static/images/12207.JPG
8894,http://commondatastorage.googleapis.com/jjgames-static/images/12158.JPG
13133,http://commondatastorage.googleapis.com/jjgames-static/images/12605.JPG
8907,http://commondatastorage.googleapis.com/jjgames-static/images/12159.JPG
9437,http://commondatastorage.googleapis.com/jjgames-static/images/12208.JPG
9474,http://commondatastorage.googleapis.com/jjgames-static/images/12213.JPG
15701,http://commondatastorage.googleapis.com/jjgames-static/images/12627.JPG
19535,/images/notfound.jpg
9737,http://commondatastorage.googleapis.com/jjgames-static/images/12252.JPG
9455,http://commondatastorage.googleapis.com/jjgames-static/images/12210.JPG
9476,http://commondatastorage.googleapis.com/jjgames-static/images/12214.JPG
9622,http://commondatastorage.googleapis.com/jjgames-static/images/12233.JPG
14800,http://commondatastorage.googleapis.com/jjgames-static/images/12624.JPG
9738,http://commondatastorage.googleapis.com/jjgames-static/images/12253.JPG
10436,http://commondatastorage.googleapis.com/jjgames-static/images/12211.JPG
9478,http://commondatastorage.googleapis.com/jjgames-static/images/12215.JPG
9631,http://commondatastorage.googleapis.com/jjgames-static/images/12234.JPG
18595,/images/notfound.jpg
9750,http://commondatastorage.googleapis.com/jjgames-static/images/12254.JPG
10437,http://commondatastorage.googleapis.com/jjgames-static/images/12212.JPG
9479,http://commondatastorage.googleapis.com/jjgames-static/images/12216.JPG
13136,http://commondatastorage.googleapis.com/jjgames-static/images/12608.JPG
8957,http://commondatastorage.googleapis.com/jjgames-static/images/12160.JPG
9757,http://commondatastorage.googleapis.com/jjgames-static/images/12255.JPG
13134,http://commondatastorage.googleapis.com/jjgames-static/images/12606.JPG
9486,http://commondatastorage.googleapis.com/jjgames-static/images/12218.JPG
9651,http://commondatastorage.googleapis.com/jjgames-static/images/12235.JPG
8963,http://commondatastorage.googleapis.com/jjgames-static/images/12161.JPG
9759,http://commondatastorage.googleapis.com/jjgames-static/images/12256.JPG
9445,http://commondatastorage.googleapis.com/jjgames-static/images/12209.JPG
9656,http://commondatastorage.googleapis.com/jjgames-static/images/12236.JPG
8966,http://commondatastorage.googleapis.com/jjgames-static/images/12162.JPG
13138,http://commondatastorage.googleapis.com/jjgames-static/images/12610.JPG
10026,http://commondatastorage.googleapis.com/jjgames-static/images/12282.JPG
18516,/images/notfound.jpg
9662,http://commondatastorage.googleapis.com/jjgames-static/images/12237.JPG
8968,http://commondatastorage.googleapis.com/jjgames-static/images/12163.JPG
9772,http://commondatastorage.googleapis.com/jjgames-static/images/12257.JPG
9946,http://commondatastorage.googleapis.com/jjgames-static/images/12271.JPG
9484,http://commondatastorage.googleapis.com/jjgames-static/images/12217.JPG
9665,http://commondatastorage.googleapis.com/jjgames-static/images/12238.JPG
8988,http://commondatastorage.googleapis.com/jjgames-static/images/12164.JPG
9777,http://commondatastorage.googleapis.com/jjgames-static/images/12258.JPG
9947,http://commondatastorage.googleapis.com/jjgames-static/images/12272.JPG
10114,http://commondatastorage.googleapis.com/jjgames-static/images/12290.JPG
9497,http://commondatastorage.googleapis.com/jjgames-static/images/12219.JPG
9670,http://commondatastorage.googleapis.com/jjgames-static/images/12239.JPG
9006,http://commondatastorage.googleapis.com/jjgames-static/images/12165.JPG
9783,http://commondatastorage.googleapis.com/jjgames-static/images/12259.JPG
9967,http://commondatastorage.googleapis.com/jjgames-static/images/12273.JPG
10117,http://commondatastorage.googleapis.com/jjgames-static/images/12291.JPG
9499,http://commondatastorage.googleapis.com/jjgames-static/images/12220.JPG
9675,http://commondatastorage.googleapis.com/jjgames-static/images/12240.JPG
9008,http://commondatastorage.googleapis.com/jjgames-static/images/12166.JPG
9784,http://commondatastorage.googleapis.com/jjgames-static/images/12260.JPG
9975,http://commondatastorage.googleapis.com/jjgames-static/images/12274.JPG
10118,http://commondatastorage.googleapis.com/jjgames-static/images/12292.JPG
9500,http://commondatastorage.googleapis.com/jjgames-static/images/12221.JPG
9685,http://commondatastorage.googleapis.com/jjgames-static/images/12241.JPG
9026,http://commondatastorage.googleapis.com/jjgames-static/images/12167.JPG
9799,http://commondatastorage.googleapis.com/jjgames-static/images/12261.JPG
9982,http://commondatastorage.googleapis.com/jjgames-static/images/12275.JPG
10119,http://commondatastorage.googleapis.com/jjgames-static/images/12293.JPG
9542,http://commondatastorage.googleapis.com/jjgames-static/images/12226.JPG
9695,http://commondatastorage.googleapis.com/jjgames-static/images/12242.JPG
9027,http://commondatastorage.googleapis.com/jjgames-static/images/12168.JPG
9801,http://commondatastorage.googleapis.com/jjgames-static/images/12262.JPG
9983,http://commondatastorage.googleapis.com/jjgames-static/images/12276.JPG
10126,http://commondatastorage.googleapis.com/jjgames-static/images/12294.JPG
9601,http://commondatastorage.googleapis.com/jjgames-static/images/12230.JPG
9700,http://commondatastorage.googleapis.com/jjgames-static/images/12243.JPG
9048,http://commondatastorage.googleapis.com/jjgames-static/images/12169.JPG
9802,http://commondatastorage.googleapis.com/jjgames-static/images/12263.JPG
9986,http://commondatastorage.googleapis.com/jjgames-static/images/12277.JPG
10127,http://commondatastorage.googleapis.com/jjgames-static/images/12295.JPG
9701,http://commondatastorage.googleapis.com/jjgames-static/images/12244.JPG
13135,http://commondatastorage.googleapis.com/jjgames-static/images/12607.JPG
13126,http://commondatastorage.googleapis.com/jjgames-static/images/12598.JPG
13139,http://commondatastorage.googleapis.com/jjgames-static/images/12611.JPG
31307,/images/notfound.jpg
13141,http://commondatastorage.googleapis.com/jjgames-static/images/12613.JPG
9704,http://commondatastorage.googleapis.com/jjgames-static/images/12245.JPG
9524,http://commondatastorage.googleapis.com/jjgames-static/images/12222.JPG
13127,http://commondatastorage.googleapis.com/jjgames-static/images/12599.JPG
9841,http://commondatastorage.googleapis.com/jjgames-static/images/12264.JPG
31308,/images/notfound.jpg
10128,http://commondatastorage.googleapis.com/jjgames-static/images/12296.JPG
9712,http://commondatastorage.googleapis.com/jjgames-static/images/12246.JPG
9525,http://commondatastorage.googleapis.com/jjgames-static/images/12223.JPG
9073,http://commondatastorage.googleapis.com/jjgames-static/images/12170.JPG
9861,http://commondatastorage.googleapis.com/jjgames-static/images/12265.JPG
31309,/images/notfound.jpg
13803,http://commondatastorage.googleapis.com/jjgames-static/images/12616.JPG
13171,http://commondatastorage.googleapis.com/jjgames-static/images/12625.JPG
9526,http://commondatastorage.googleapis.com/jjgames-static/images/12224.JPG
9076,http://commondatastorage.googleapis.com/jjgames-static/images/12171.JPG
9864,http://commondatastorage.googleapis.com/jjgames-static/images/12266.JPG
9994,http://commondatastorage.googleapis.com/jjgames-static/images/12278.JPG
10213,http://commondatastorage.googleapis.com/jjgames-static/images/12310.JPG
33865,http://commondatastorage.googleapis.com/jjgames-static/images/25560.JPG
9535,http://commondatastorage.googleapis.com/jjgames-static/images/12225.JPG
9087,http://commondatastorage.googleapis.com/jjgames-static/images/12172.JPG
9867,http://commondatastorage.googleapis.com/jjgames-static/images/12267.JPG
10005,http://commondatastorage.googleapis.com/jjgames-static/images/12279.JPG
10220,http://commondatastorage.googleapis.com/jjgames-static/images/12311.JPG
9581,http://commondatastorage.googleapis.com/jjgames-static/images/12227.JPG
13137,http://commondatastorage.googleapis.com/jjgames-static/images/12609.JPG
9101,http://commondatastorage.googleapis.com/jjgames-static/images/12173.JPG
16202,http://commondatastorage.googleapis.com/jjgames-static/images/12629.JPG
10009,http://commondatastorage.googleapis.com/jjgames-static/images/12280.JPG
19536,/images/notfound.jpg
9585,http://commondatastorage.googleapis.com/jjgames-static/images/12228.JPG
9727,http://commondatastorage.googleapis.com/jjgames-static/images/12247.JPG
9102,http://commondatastorage.googleapis.com/jjgames-static/images/12174.JPG
9871,http://commondatastorage.googleapis.com/jjgames-static/images/12268.JPG
10013,http://commondatastorage.googleapis.com/jjgames-static/images/12281.JPG
10135,http://commondatastorage.googleapis.com/jjgames-static/images/12298.JPG
9590,http://commondatastorage.googleapis.com/jjgames-static/images/12229.JPG
9730,http://commondatastorage.googleapis.com/jjgames-static/images/12248.JPG
9105,http://commondatastorage.googleapis.com/jjgames-static/images/12175.JPG
16125,http://commondatastorage.googleapis.com/jjgames-static/images/12628.JPG
10039,http://commondatastorage.googleapis.com/jjgames-static/images/12283.JPG
10156,http://commondatastorage.googleapis.com/jjgames-static/images/12299.JPG
19415,/images/notfound.jpg
9733,http://commondatastorage.googleapis.com/jjgames-static/images/12249.JPG
9106,http://commondatastorage.googleapis.com/jjgames-static/images/12177.JPG
9876,http://commondatastorage.googleapis.com/jjgames-static/images/12269.JPG
10072,http://commondatastorage.googleapis.com/jjgames-static/images/12284.JPG
10158,http://commondatastorage.googleapis.com/jjgames-static/images/12300.JPG
9612,http://commondatastorage.googleapis.com/jjgames-static/images/12231.JPG
9735,http://commondatastorage.googleapis.com/jjgames-static/images/12250.JPG
13128,http://commondatastorage.googleapis.com/jjgames-static/images/12600.JPG
33882,http://commondatastorage.googleapis.com/jjgames-static/images/25565.JPG
10073,http://commondatastorage.googleapis.com/jjgames-static/images/12285.JPG
10160,http://commondatastorage.googleapis.com/jjgames-static/images/12301.JPG
9614,http://commondatastorage.googleapis.com/jjgames-static/images/12232.JPG
9736,http://commondatastorage.googleapis.com/jjgames-static/images/12251.JPG
9895,http://commondatastorage.googleapis.com/jjgames-static/images/12270.JPG
31498,/images/notfound.jpg
10088,http://commondatastorage.googleapis.com/jjgames-static/images/12286.JPG
13804,http://commondatastorage.googleapis.com/jjgames-static/images/12617.JPG
10201,http://commondatastorage.googleapis.com/jjgames-static/images/12309.JPG
10130,http://commondatastorage.googleapis.com/jjgames-static/images/12297.JPG
10163,http://commondatastorage.googleapis.com/jjgames-static/images/12302.JPG
10225,http://commondatastorage.googleapis.com/jjgames-static/images/12312.JPG
13140,http://commondatastorage.googleapis.com/jjgames-static/images/12612.JPG
10178,http://commondatastorage.googleapis.com/jjgames-static/images/12303.JPG
31306,/images/notfound.jpg
10111,http://commondatastorage.googleapis.com/jjgames-static/images/12287.JPG
10183,http://commondatastorage.googleapis.com/jjgames-static/images/12304.JPG
10112,http://commondatastorage.googleapis.com/jjgames-static/images/12288.JPG
10186,http://commondatastorage.googleapis.com/jjgames-static/images/12305.JPG
10113,http://commondatastorage.googleapis.com/jjgames-static/images/12289.JPG
10188,http://commondatastorage.googleapis.com/jjgames-static/images/12306.JPG
10199,http://commondatastorage.googleapis.com/jjgames-static/images/12307.JPG
10200,http://commondatastorage.googleapis.com/jjgames-static/images/12308.JPG
