6828,http://commondatastorage.googleapis.com/jjgames-static/images/7898.JPG
13028,http://commondatastorage.googleapis.com/jjgames-static/images/6250.JPG
6829,http://commondatastorage.googleapis.com/jjgames-static/images/7292.JPG
6948,http://commondatastorage.googleapis.com/jjgames-static/images/6203.JPG
7258,http://commondatastorage.googleapis.com/jjgames-static/images/5091.JPG
6949,http://commondatastorage.googleapis.com/jjgames-static/images/4985.JPG
13002,http://commondatastorage.googleapis.com/jjgames-static/images/9708.JPG
6950,http://commondatastorage.googleapis.com/jjgames-static/images/5397.JPG
13003,http://commondatastorage.googleapis.com/jjgames-static/images/6632.JPG
7347,http://commondatastorage.googleapis.com/jjgames-static/images/5311.JPG
6830,http://commondatastorage.googleapis.com/jjgames-static/images/5214.JPG
13029,http://commondatastorage.googleapis.com/jjgames-static/images/7096.JPG
6831,http://commondatastorage.googleapis.com/jjgames-static/images/5653.JPG
12590,http://commondatastorage.googleapis.com/jjgames-static/images/9538.JPG
6832,http://commondatastorage.googleapis.com/jjgames-static/images/5824.JPG
13030,http://commondatastorage.googleapis.com/jjgames-static/images/9718.JPG
6833,http://commondatastorage.googleapis.com/jjgames-static/images/6027.JPG
7348,http://commondatastorage.googleapis.com/jjgames-static/images/5211.JPG
7261,http://commondatastorage.googleapis.com/jjgames-static/images/5196.JPG
6951,http://commondatastorage.googleapis.com/jjgames-static/images/5248.JPG
7262,http://commondatastorage.googleapis.com/jjgames-static/images/5167.JPG
6952,http://commondatastorage.googleapis.com/jjgames-static/images/5130.JPG
7263,http://commondatastorage.googleapis.com/jjgames-static/images/5296.JPG
6953,http://commondatastorage.googleapis.com/jjgames-static/images/7617.JPG
8473,http://commondatastorage.googleapis.com/jjgames-static/images/5346.JPG
6954,http://commondatastorage.googleapis.com/jjgames-static/images/5030.JPG
12576,http://commondatastorage.googleapis.com/jjgames-static/images/9535.JPG
7350,http://commondatastorage.googleapis.com/jjgames-static/images/5249.JPG
8475,http://commondatastorage.googleapis.com/jjgames-static/images/5392.JPG
6956,http://commondatastorage.googleapis.com/jjgames-static/images/5100.JPG
6835,http://commondatastorage.googleapis.com/jjgames-static/images/7592.JPG
33054,http://commondatastorage.googleapis.com/jjgames-static/images/25599.JPG
6836,http://commondatastorage.googleapis.com/jjgames-static/images/6193.JPG
13031,http://commondatastorage.googleapis.com/jjgames-static/images/9719.JPG
6837,http://commondatastorage.googleapis.com/jjgames-static/images/7172.JPG
14204,http://commondatastorage.googleapis.com/jjgames-static/images/10324.JPG
13004,http://commondatastorage.googleapis.com/jjgames-static/images/6896.JPG
13032,http://commondatastorage.googleapis.com/jjgames-static/images/9720.JPG
6838,http://commondatastorage.googleapis.com/jjgames-static/images/5706.JPG
18600,http://commondatastorage.googleapis.com/jjgames-static/images/13007.JPG
6839,http://commondatastorage.googleapis.com/jjgames-static/images/4973.JPG
7352,http://commondatastorage.googleapis.com/jjgames-static/images/5194.JPG
6840,http://commondatastorage.googleapis.com/jjgames-static/images/6698.JPG
13033,http://commondatastorage.googleapis.com/jjgames-static/images/6678.JPG
10414,http://commondatastorage.googleapis.com/jjgames-static/images/5518.JPG
10445,http://commondatastorage.googleapis.com/jjgames-static/images/5564.JPG
6841,http://commondatastorage.googleapis.com/jjgames-static/images/5267.JPG
7353,http://commondatastorage.googleapis.com/jjgames-static/images/5101.JPG
6842,http://commondatastorage.googleapis.com/jjgames-static/images/7291.JPG
6843,http://commondatastorage.googleapis.com/jjgames-static/images/5297.JPG
6844,http://commondatastorage.googleapis.com/jjgames-static/images/5088.JPG
30262,http://commondatastorage.googleapis.com/jjgames-static/images/5423.JPG
6845,http://commondatastorage.googleapis.com/jjgames-static/images/7882.JPG
6846,http://commondatastorage.googleapis.com/jjgames-static/images/7885.JPG
6847,http://commondatastorage.googleapis.com/jjgames-static/images/5242.JPG
6848,http://commondatastorage.googleapis.com/jjgames-static/images/4974.JPG
6849,http://commondatastorage.googleapis.com/jjgames-static/images/5092.JPG
6867,http://commondatastorage.googleapis.com/jjgames-static/images/7913.JPG
6850,http://commondatastorage.googleapis.com/jjgames-static/images/7186.JPG
6851,http://commondatastorage.googleapis.com/jjgames-static/images/5592.JPG
14057,http://commondatastorage.googleapis.com/jjgames-static/images/10247.JPG
6852,http://commondatastorage.googleapis.com/jjgames-static/images/5519.JPG
16436,http://commondatastorage.googleapis.com/jjgames-static/images/12838.JPG
13006,http://commondatastorage.googleapis.com/jjgames-static/images/6276.JPG
6865,http://commondatastorage.googleapis.com/jjgames-static/images/5707.JPG
6853,http://commondatastorage.googleapis.com/jjgames-static/images/4976.JPG
6854,http://commondatastorage.googleapis.com/jjgames-static/images/5025.JPG
13007,http://commondatastorage.googleapis.com/jjgames-static/images/9710.JPG
6855,http://commondatastorage.googleapis.com/jjgames-static/images/5719.JPG
6856,http://commondatastorage.googleapis.com/jjgames-static/images/5026.JPG
6857,http://commondatastorage.googleapis.com/jjgames-static/images/7621.JPG
6859,http://commondatastorage.googleapis.com/jjgames-static/images/5291.JPG
6858,http://commondatastorage.googleapis.com/jjgames-static/images/5093.JPG
6860,http://commondatastorage.googleapis.com/jjgames-static/images/5721.JPG
6861,http://commondatastorage.googleapis.com/jjgames-static/images/6195.JPG
8594,http://commondatastorage.googleapis.com/jjgames-static/images/5393.JPG
6862,http://commondatastorage.googleapis.com/jjgames-static/images/7033.JPG
13008,http://commondatastorage.googleapis.com/jjgames-static/images/6278.JPG
6863,http://commondatastorage.googleapis.com/jjgames-static/images/5300.JPG
6864,http://commondatastorage.googleapis.com/jjgames-static/images/5722.JPG
14220,http://commondatastorage.googleapis.com/jjgames-static/images/10337.JPG
16236,http://commondatastorage.googleapis.com/jjgames-static/images/12757.JPG
13010,http://commondatastorage.googleapis.com/jjgames-static/images/9711.JPG
13011,http://commondatastorage.googleapis.com/jjgames-static/images/9712.JPG
13012,http://commondatastorage.googleapis.com/jjgames-static/images/6748.JPG
6866,http://commondatastorage.googleapis.com/jjgames-static/images/7091.JPG
13013,http://commondatastorage.googleapis.com/jjgames-static/images/9713.JPG
6868,http://commondatastorage.googleapis.com/jjgames-static/images/7187.JPG
13838,http://commondatastorage.googleapis.com/jjgames-static/images/6883.JPG
6869,http://commondatastorage.googleapis.com/jjgames-static/images/7901.JPG
13014,http://commondatastorage.googleapis.com/jjgames-static/images/9714.JPG
6870,http://commondatastorage.googleapis.com/jjgames-static/images/6351.JPG
6871,http://commondatastorage.googleapis.com/jjgames-static/images/7398.JPG
6872,http://commondatastorage.googleapis.com/jjgames-static/images/7532.JPG
6873,http://commondatastorage.googleapis.com/jjgames-static/images/5899.JPG
6874,http://commondatastorage.googleapis.com/jjgames-static/images/5725.JPG
13015,http://commondatastorage.googleapis.com/jjgames-static/images/6197.JPG
14877,http://commondatastorage.googleapis.com/jjgames-static/images/12651.JPG
14358,http://commondatastorage.googleapis.com/jjgames-static/images/10419.JPG
12965,http://commondatastorage.googleapis.com/jjgames-static/images/6055.JPG
7282,http://commondatastorage.googleapis.com/jjgames-static/images/5212.JPG
12550,http://commondatastorage.googleapis.com/jjgames-static/images/5937.JPG
6875,http://commondatastorage.googleapis.com/jjgames-static/images/7878.JPG
10576,http://commondatastorage.googleapis.com/jjgames-static/images/5594.JPG
13819,http://commondatastorage.googleapis.com/jjgames-static/images/10171.JPG
33055,http://commondatastorage.googleapis.com/jjgames-static/images/25542.JPG
6876,http://commondatastorage.googleapis.com/jjgames-static/images/5243.JPG
6877,http://commondatastorage.googleapis.com/jjgames-static/images/6098.JPG
18557,http://commondatastorage.googleapis.com/jjgames-static/images/12975.JPG
6878,http://commondatastorage.googleapis.com/jjgames-static/images/5268.JPG
12948,http://commondatastorage.googleapis.com/jjgames-static/images/9702.JPG
14228,http://commondatastorage.googleapis.com/jjgames-static/images/10344.JPG
6879,http://commondatastorage.googleapis.com/jjgames-static/images/6099.JPG
7288,http://commondatastorage.googleapis.com/jjgames-static/images/5244.JPG
6880,http://commondatastorage.googleapis.com/jjgames-static/images/5302.JPG
6881,http://commondatastorage.googleapis.com/jjgames-static/images/7610.JPG
6882,http://commondatastorage.googleapis.com/jjgames-static/images/7873.JPG
6883,http://commondatastorage.googleapis.com/jjgames-static/images/6633.JPG
6884,http://commondatastorage.googleapis.com/jjgames-static/images/6198.JPG
13016,http://commondatastorage.googleapis.com/jjgames-static/images/7288.JPG
13009,http://commondatastorage.googleapis.com/jjgames-static/images/7499.JPG
6885,http://commondatastorage.googleapis.com/jjgames-static/images/4977.JPG
6886,http://commondatastorage.googleapis.com/jjgames-static/images/5941.JPG
32682,http://static.jjgames.com/images/noimage.jpg
12588,http://commondatastorage.googleapis.com/jjgames-static/images/9536.JPG
6887,http://commondatastorage.googleapis.com/jjgames-static/images/4978.JPG
13770,http://commondatastorage.googleapis.com/jjgames-static/images/6750.JPG
13756,http://commondatastorage.googleapis.com/jjgames-static/images/6634.JPG
6888,http://commondatastorage.googleapis.com/jjgames-static/images/7534.JPG
6889,http://commondatastorage.googleapis.com/jjgames-static/images/7171.JPG
7293,http://commondatastorage.googleapis.com/jjgames-static/images/5190.JPG
6890,http://commondatastorage.googleapis.com/jjgames-static/images/5123.JPG
10421,http://commondatastorage.googleapis.com/jjgames-static/images/5530.JPG
13017,http://commondatastorage.googleapis.com/jjgames-static/images/6881.JPG
6891,http://commondatastorage.googleapis.com/jjgames-static/images/6100.JPG
7294,http://commondatastorage.googleapis.com/jjgames-static/images/5206.JPG
7295,http://commondatastorage.googleapis.com/jjgames-static/images/5221.JPG
6892,http://commondatastorage.googleapis.com/jjgames-static/images/7911.JPG
16206,http://commondatastorage.googleapis.com/jjgames-static/images/12751.JPG
6893,http://commondatastorage.googleapis.com/jjgames-static/images/5613.JPG
6894,http://commondatastorage.googleapis.com/jjgames-static/images/5177.JPG
8762,http://commondatastorage.googleapis.com/jjgames-static/images/5395.JPG
13018,http://commondatastorage.googleapis.com/jjgames-static/images/7535.JPG
10902,http://commondatastorage.googleapis.com/jjgames-static/images/6102.JPG
13019,http://commondatastorage.googleapis.com/jjgames-static/images/6713.JPG
6895,http://commondatastorage.googleapis.com/jjgames-static/images/5245.JPG
6897,http://commondatastorage.googleapis.com/jjgames-static/images/5125.JPG
7303,http://commondatastorage.googleapis.com/jjgames-static/images/5124.JPG
13020,http://commondatastorage.googleapis.com/jjgames-static/images/6110.JPG
19250,http://commondatastorage.googleapis.com/jjgames-static/images/13127.JPG
7304,http://commondatastorage.googleapis.com/jjgames-static/images/5203.JPG
6896,http://commondatastorage.googleapis.com/jjgames-static/images/7188.JPG
10579,http://commondatastorage.googleapis.com/jjgames-static/images/5595.JPG
13021,http://commondatastorage.googleapis.com/jjgames-static/images/6329.JPG
6898,http://commondatastorage.googleapis.com/jjgames-static/images/7302.JPG
6899,http://commondatastorage.googleapis.com/jjgames-static/images/5094.JPG
13022,http://commondatastorage.googleapis.com/jjgames-static/images/6228.JPG
6900,http://commondatastorage.googleapis.com/jjgames-static/images/4878.JPG
6901,http://commondatastorage.googleapis.com/jjgames-static/images/5027.JPG
6902,http://commondatastorage.googleapis.com/jjgames-static/images/5095.JPG
14934,http://commondatastorage.googleapis.com/jjgames-static/images/12662.JPG
6903,http://commondatastorage.googleapis.com/jjgames-static/images/5081.JPG
6904,http://commondatastorage.googleapis.com/jjgames-static/images/7456.JPG
13773,http://commondatastorage.googleapis.com/jjgames-static/images/6764.JPG
6905,http://commondatastorage.googleapis.com/jjgames-static/images/5559.JPG
7312,http://commondatastorage.googleapis.com/jjgames-static/images/5213.JPG
6906,http://commondatastorage.googleapis.com/jjgames-static/images/5272.JPG
11861,http://commondatastorage.googleapis.com/jjgames-static/images/5760.JPG
6907,http://commondatastorage.googleapis.com/jjgames-static/images/5096.JPG
6908,http://commondatastorage.googleapis.com/jjgames-static/images/6541.JPG
6909,http://commondatastorage.googleapis.com/jjgames-static/images/7902.JPG
7316,http://commondatastorage.googleapis.com/jjgames-static/images/5246.JPG
17618,http://commondatastorage.googleapis.com/jjgames-static/images/12900.JPG
18586,http://commondatastorage.googleapis.com/jjgames-static/images/12996.JPG
13023,http://commondatastorage.googleapis.com/jjgames-static/images/9715.JPG
16167,http://commondatastorage.googleapis.com/jjgames-static/images/12741.JPG
6916,http://commondatastorage.googleapis.com/jjgames-static/images/6636.JPG
8892,http://commondatastorage.googleapis.com/jjgames-static/images/5425.JPG
6910,http://commondatastorage.googleapis.com/jjgames-static/images/5028.JPG
6911,http://commondatastorage.googleapis.com/jjgames-static/images/5274.JPG
6912,http://commondatastorage.googleapis.com/jjgames-static/images/5728.JPG
6913,http://commondatastorage.googleapis.com/jjgames-static/images/7888.JPG
6914,http://commondatastorage.googleapis.com/jjgames-static/images/6993.JPG
18616,http://commondatastorage.googleapis.com/jjgames-static/images/13017.JPG
6915,http://commondatastorage.googleapis.com/jjgames-static/images/5126.JPG
14836,http://commondatastorage.googleapis.com/jjgames-static/images/12633.JPG
15930,http://commondatastorage.googleapis.com/jjgames-static/images/12720.JPG
6917,http://commondatastorage.googleapis.com/jjgames-static/images/5215.JPG
6936,http://commondatastorage.googleapis.com/jjgames-static/images/4983.JPG
6918,http://commondatastorage.googleapis.com/jjgames-static/images/5308.JPG
6919,http://commondatastorage.googleapis.com/jjgames-static/images/7889.JPG
6920,http://commondatastorage.googleapis.com/jjgames-static/images/4980.JPG
6924,http://commondatastorage.googleapis.com/jjgames-static/images/4981.JPG
8959,http://commondatastorage.googleapis.com/jjgames-static/images/5426.JPG
18679,http://commondatastorage.googleapis.com/jjgames-static/images/13064.JPG
13024,http://commondatastorage.googleapis.com/jjgames-static/images/6884.JPG
6921,http://commondatastorage.googleapis.com/jjgames-static/images/7893.JPG
7324,http://commondatastorage.googleapis.com/jjgames-static/images/5127.JPG
6922,http://commondatastorage.googleapis.com/jjgames-static/images/5729.JPG
7328,http://commondatastorage.googleapis.com/jjgames-static/images/5216.JPG
6923,http://commondatastorage.googleapis.com/jjgames-static/images/7189.JPG
13025,http://commondatastorage.googleapis.com/jjgames-static/images/9716.JPG
6925,http://commondatastorage.googleapis.com/jjgames-static/images/4982.JPG
6926,http://commondatastorage.googleapis.com/jjgames-static/images/5097.JPG
6927,http://commondatastorage.googleapis.com/jjgames-static/images/5098.JPG
6928,http://commondatastorage.googleapis.com/jjgames-static/images/5128.JPG
7330,http://commondatastorage.googleapis.com/jjgames-static/images/5261.JPG
6929,http://commondatastorage.googleapis.com/jjgames-static/images/7612.JPG
6930,http://commondatastorage.googleapis.com/jjgames-static/images/7598.JPG
6931,http://commondatastorage.googleapis.com/jjgames-static/images/7868.JPG
7331,http://commondatastorage.googleapis.com/jjgames-static/images/5247.JPG
13026,http://commondatastorage.googleapis.com/jjgames-static/images/9717.JPG
7333,http://commondatastorage.googleapis.com/jjgames-static/images/5309.JPG
13165,http://commondatastorage.googleapis.com/jjgames-static/images/6225.JPG
16053,http://commondatastorage.googleapis.com/jjgames-static/images/12724.JPG
16209,http://commondatastorage.googleapis.com/jjgames-static/images/12753.JPG
13879,http://commondatastorage.googleapis.com/jjgames-static/images/10187.JPG
6932,http://commondatastorage.googleapis.com/jjgames-static/images/7883.JPG
6933,http://commondatastorage.googleapis.com/jjgames-static/images/5099.JPG
6934,http://commondatastorage.googleapis.com/jjgames-static/images/6751.JPG
6935,http://commondatastorage.googleapis.com/jjgames-static/images/7602.JPG
6942,http://commondatastorage.googleapis.com/jjgames-static/images/7914.JPG
6943,http://commondatastorage.googleapis.com/jjgames-static/images/6247.JPG
9009,http://commondatastorage.googleapis.com/jjgames-static/images/5355.JPG
6937,http://commondatastorage.googleapis.com/jjgames-static/images/7618.JPG
6938,http://commondatastorage.googleapis.com/jjgames-static/images/7875.JPG
16086,http://commondatastorage.googleapis.com/jjgames-static/images/12728.JPG
6939,http://commondatastorage.googleapis.com/jjgames-static/images/7607.JPG
33842,http://static.jjgames.com/images/noimage.jpg
6940,http://commondatastorage.googleapis.com/jjgames-static/images/7895.JPG
6941,http://commondatastorage.googleapis.com/jjgames-static/images/5029.JPG
6944,http://commondatastorage.googleapis.com/jjgames-static/images/5129.JPG
6945,http://commondatastorage.googleapis.com/jjgames-static/images/4984.JPG
6946,http://commondatastorage.googleapis.com/jjgames-static/images/7608.JPG
14053,http://commondatastorage.googleapis.com/jjgames-static/images/10244.JPG
12949,http://commondatastorage.googleapis.com/jjgames-static/images/7190.JPG
13005,http://commondatastorage.googleapis.com/jjgames-static/images/9709.JPG
11862,http://commondatastorage.googleapis.com/jjgames-static/images/5761.JPG
6947,http://commondatastorage.googleapis.com/jjgames-static/images/7595.JPG
13027,http://commondatastorage.googleapis.com/jjgames-static/images/7521.JPG
7354,http://commondatastorage.googleapis.com/jjgames-static/images/5131.JPG
6958,http://commondatastorage.googleapis.com/jjgames-static/images/4986.JPG
18636,http://commondatastorage.googleapis.com/jjgames-static/images/13031.JPG
21553,http://static.jjgames.com/images/noimage.jpg
6959,http://commondatastorage.googleapis.com/jjgames-static/images/5292.JPG
6960,http://commondatastorage.googleapis.com/jjgames-static/images/7613.JPG
13824,http://commondatastorage.googleapis.com/jjgames-static/images/10175.JPG
6961,http://commondatastorage.googleapis.com/jjgames-static/images/4987.JPG
13034,http://commondatastorage.googleapis.com/jjgames-static/images/6205.JPG
7359,http://commondatastorage.googleapis.com/jjgames-static/images/5102.JPG
7360,http://commondatastorage.googleapis.com/jjgames-static/images/5293.JPG
13035,http://commondatastorage.googleapis.com/jjgames-static/images/6288.JPG
6962,http://commondatastorage.googleapis.com/jjgames-static/images/6767.JPG
6963,http://commondatastorage.googleapis.com/jjgames-static/images/7912.JPG
9201,http://commondatastorage.googleapis.com/jjgames-static/images/5424.JPG
6964,http://commondatastorage.googleapis.com/jjgames-static/images/5179.JPG
6965,http://commondatastorage.googleapis.com/jjgames-static/images/4988.JPG
6966,http://commondatastorage.googleapis.com/jjgames-static/images/7872.JPG
6967,http://commondatastorage.googleapis.com/jjgames-static/images/5597.JPG
7365,http://commondatastorage.googleapis.com/jjgames-static/images/5199.JPG
6968,http://commondatastorage.googleapis.com/jjgames-static/images/5732.JPG
12551,http://commondatastorage.googleapis.com/jjgames-static/images/5938.JPG
6969,http://commondatastorage.googleapis.com/jjgames-static/images/5103.JPG
7366,http://commondatastorage.googleapis.com/jjgames-static/images/5209.JPG
7367,http://commondatastorage.googleapis.com/jjgames-static/images/5210.JPG
6971,http://commondatastorage.googleapis.com/jjgames-static/images/5180.JPG
6972,http://commondatastorage.googleapis.com/jjgames-static/images/5031.JPG
7368,http://commondatastorage.googleapis.com/jjgames-static/images/5104.JPG
6973,http://commondatastorage.googleapis.com/jjgames-static/images/5250.JPG
6974,http://commondatastorage.googleapis.com/jjgames-static/images/6959.JPG
6975,http://commondatastorage.googleapis.com/jjgames-static/images/5105.JPG
16155,http://commondatastorage.googleapis.com/jjgames-static/images/12740.JPG
6976,http://commondatastorage.googleapis.com/jjgames-static/images/5251.JPG
13036,http://commondatastorage.googleapis.com/jjgames-static/images/6358.JPG
6977,http://commondatastorage.googleapis.com/jjgames-static/images/5312.JPG
7371,http://commondatastorage.googleapis.com/jjgames-static/images/5208.JPG
6978,http://commondatastorage.googleapis.com/jjgames-static/images/7446.JPG
6979,http://commondatastorage.googleapis.com/jjgames-static/images/6271.JPG
6980,http://commondatastorage.googleapis.com/jjgames-static/images/5106.JPG
6981,http://commondatastorage.googleapis.com/jjgames-static/images/7401.JPG
10839,http://commondatastorage.googleapis.com/jjgames-static/images/5635.JPG
13037,http://commondatastorage.googleapis.com/jjgames-static/images/6206.JPG
7373,http://commondatastorage.googleapis.com/jjgames-static/images/5132.JPG
6982,http://commondatastorage.googleapis.com/jjgames-static/images/7623.JPG
12548,http://commondatastorage.googleapis.com/jjgames-static/images/5935.JPG
6983,http://commondatastorage.googleapis.com/jjgames-static/images/5107.JPG
6984,http://commondatastorage.googleapis.com/jjgames-static/images/7884.JPG
6985,http://commondatastorage.googleapis.com/jjgames-static/images/5315.JPG
16295,http://commondatastorage.googleapis.com/jjgames-static/images/12778.JPG
6986,http://commondatastorage.googleapis.com/jjgames-static/images/5906.JPG
6987,http://commondatastorage.googleapis.com/jjgames-static/images/5813.JPG
30858,http://commondatastorage.googleapis.com/jjgames-static/images/25808.JPG
15648,http://commondatastorage.googleapis.com/jjgames-static/images/12710.JPG
14149,http://commondatastorage.googleapis.com/jjgames-static/images/10288.JPG
14875,http://commondatastorage.googleapis.com/jjgames-static/images/12650.JPG
14874,http://commondatastorage.googleapis.com/jjgames-static/images/12649.JPG
6988,http://commondatastorage.googleapis.com/jjgames-static/images/4911.JPG
16091,http://commondatastorage.googleapis.com/jjgames-static/images/12729.JPG
18721,http://commondatastorage.googleapis.com/jjgames-static/images/13092.JPG
6990,http://commondatastorage.googleapis.com/jjgames-static/images/6361.JPG
13038,http://commondatastorage.googleapis.com/jjgames-static/images/9721.JPG
13039,http://commondatastorage.googleapis.com/jjgames-static/images/7191.JPG
6991,http://commondatastorage.googleapis.com/jjgames-static/images/4989.JPG
6993,http://commondatastorage.googleapis.com/jjgames-static/images/4990.JPG
6992,http://commondatastorage.googleapis.com/jjgames-static/images/5400.JPG
6995,http://commondatastorage.googleapis.com/jjgames-static/images/6905.JPG
6994,http://commondatastorage.googleapis.com/jjgames-static/images/6208.JPG
6996,http://commondatastorage.googleapis.com/jjgames-static/images/6234.JPG
9290,http://commondatastorage.googleapis.com/jjgames-static/images/5453.JPG
13040,http://commondatastorage.googleapis.com/jjgames-static/images/7402.JPG
6997,http://commondatastorage.googleapis.com/jjgames-static/images/5223.JPG
6998,http://commondatastorage.googleapis.com/jjgames-static/images/7896.JPG
6999,http://commondatastorage.googleapis.com/jjgames-static/images/6801.JPG
13041,http://commondatastorage.googleapis.com/jjgames-static/images/6802.JPG
13042,http://commondatastorage.googleapis.com/jjgames-static/images/9722.JPG
7381,http://commondatastorage.googleapis.com/jjgames-static/images/5202.JPG
10396,http://commondatastorage.googleapis.com/jjgames-static/images/5494.JPG
7000,http://commondatastorage.googleapis.com/jjgames-static/images/7605.JPG
7001,http://commondatastorage.googleapis.com/jjgames-static/images/6101.JPG
7002,http://commondatastorage.googleapis.com/jjgames-static/images/5217.JPG
7003,http://commondatastorage.googleapis.com/jjgames-static/images/5915.JPG
7004,http://commondatastorage.googleapis.com/jjgames-static/images/7467.JPG
7005,http://commondatastorage.googleapis.com/jjgames-static/images/4991.JPG
12017,http://commondatastorage.googleapis.com/jjgames-static/images/9372.JPG
7006,http://commondatastorage.googleapis.com/jjgames-static/images/7887.JPG
7007,http://commondatastorage.googleapis.com/jjgames-static/images/5500.JPG
7008,http://commondatastorage.googleapis.com/jjgames-static/images/5276.JPG
14271,http://commondatastorage.googleapis.com/jjgames-static/images/7373.JPG
7009,http://commondatastorage.googleapis.com/jjgames-static/images/5032.JPG
7010,http://commondatastorage.googleapis.com/jjgames-static/images/6906.JPG
7011,http://commondatastorage.googleapis.com/jjgames-static/images/5454.JPG
7012,http://commondatastorage.googleapis.com/jjgames-static/images/7193.JPG
7013,http://commondatastorage.googleapis.com/jjgames-static/images/5033.JPG
7015,http://commondatastorage.googleapis.com/jjgames-static/images/5598.JPG
11966,http://commondatastorage.googleapis.com/jjgames-static/images/5842.JPG
16136,http://commondatastorage.googleapis.com/jjgames-static/images/10593.JPG
7016,http://commondatastorage.googleapis.com/jjgames-static/images/7493.JPG
7388,http://commondatastorage.googleapis.com/jjgames-static/images/5224.JPG
7017,http://commondatastorage.googleapis.com/jjgames-static/images/5133.JPG
13745,http://commondatastorage.googleapis.com/jjgames-static/images/5181.JPG
7018,http://commondatastorage.googleapis.com/jjgames-static/images/5218.JPG
7020,http://commondatastorage.googleapis.com/jjgames-static/images/5279.JPG
13043,http://commondatastorage.googleapis.com/jjgames-static/images/9723.JPG
7021,http://commondatastorage.googleapis.com/jjgames-static/images/5034.JPG
14035,http://commondatastorage.googleapis.com/jjgames-static/images/7194.JPG
14997,http://commondatastorage.googleapis.com/jjgames-static/images/12671.JPG
13044,http://commondatastorage.googleapis.com/jjgames-static/images/9724.JPG
12553,http://commondatastorage.googleapis.com/jjgames-static/images/5940.JPG
7022,http://commondatastorage.googleapis.com/jjgames-static/images/4992.JPG
7023,http://commondatastorage.googleapis.com/jjgames-static/images/5035.JPG
13823,http://commondatastorage.googleapis.com/jjgames-static/images/10174.JPG
14335,http://commondatastorage.googleapis.com/jjgames-static/images/10406.JPG
14056,http://commondatastorage.googleapis.com/jjgames-static/images/10246.JPG
7024,http://commondatastorage.googleapis.com/jjgames-static/images/7922.JPG
14055,http://commondatastorage.googleapis.com/jjgames-static/images/10245.JPG
13817,http://commondatastorage.googleapis.com/jjgames-static/images/10170.JPG
20083,http://static.jjgames.com/images/noimage.jpg
15001,http://commondatastorage.googleapis.com/jjgames-static/images/12674.JPG
14879,http://commondatastorage.googleapis.com/jjgames-static/images/12652.JPG
14995,http://commondatastorage.googleapis.com/jjgames-static/images/12670.JPG
20085,http://static.jjgames.com/images/noimage.jpg
14418,http://commondatastorage.googleapis.com/jjgames-static/images/10448.JPG
14152,http://commondatastorage.googleapis.com/jjgames-static/images/10289.JPG
18722,http://commondatastorage.googleapis.com/jjgames-static/images/13093.JPG
7026,http://commondatastorage.googleapis.com/jjgames-static/images/5280.JPG
13045,http://commondatastorage.googleapis.com/jjgames-static/images/9725.JPG
13822,http://commondatastorage.googleapis.com/jjgames-static/images/10173.JPG
13820,http://commondatastorage.googleapis.com/jjgames-static/images/10172.JPG
20084,http://static.jjgames.com/images/noimage.jpg
13046,http://commondatastorage.googleapis.com/jjgames-static/images/9726.JPG
13047,http://commondatastorage.googleapis.com/jjgames-static/images/6967.JPG
14314,http://commondatastorage.googleapis.com/jjgames-static/images/10387.JPG
30845,http://commondatastorage.googleapis.com/jjgames-static/images/25543.JPG
7027,http://commondatastorage.googleapis.com/jjgames-static/images/7594.JPG
7028,http://commondatastorage.googleapis.com/jjgames-static/images/7600.JPG
19388,http://commondatastorage.googleapis.com/jjgames-static/images/13203.JPG
34875,http://commondatastorage.googleapis.com/jjgames-static/images/27223.JPG
19389,http://commondatastorage.googleapis.com/jjgames-static/images/13204.JPG
7029,http://commondatastorage.googleapis.com/jjgames-static/images/7900.JPG
7030,http://commondatastorage.googleapis.com/jjgames-static/images/7871.JPG
7031,http://commondatastorage.googleapis.com/jjgames-static/images/7092.JPG
7032,http://commondatastorage.googleapis.com/jjgames-static/images/5319.JPG
7033,http://commondatastorage.googleapis.com/jjgames-static/images/7915.JPG
7034,http://commondatastorage.googleapis.com/jjgames-static/images/7601.JPG
13048,http://commondatastorage.googleapis.com/jjgames-static/images/6747.JPG
7035,http://commondatastorage.googleapis.com/jjgames-static/images/7874.JPG
7036,http://commondatastorage.googleapis.com/jjgames-static/images/7918.JPG
7037,http://commondatastorage.googleapis.com/jjgames-static/images/7924.JPG
13049,http://commondatastorage.googleapis.com/jjgames-static/images/9727.JPG
7038,http://commondatastorage.googleapis.com/jjgames-static/images/7597.JPG
7039,http://commondatastorage.googleapis.com/jjgames-static/images/5901.JPG
7040,http://commondatastorage.googleapis.com/jjgames-static/images/7104.JPG
7413,http://commondatastorage.googleapis.com/jjgames-static/images/5193.JPG
7414,http://commondatastorage.googleapis.com/jjgames-static/images/5195.JPG
7415,http://commondatastorage.googleapis.com/jjgames-static/images/8091.JPG
13050,http://commondatastorage.googleapis.com/jjgames-static/images/7293.JPG
13051,http://commondatastorage.googleapis.com/jjgames-static/images/9728.JPG
14313,http://commondatastorage.googleapis.com/jjgames-static/images/10386.JPG
7416,http://commondatastorage.googleapis.com/jjgames-static/images/5252.JPG
7041,http://commondatastorage.googleapis.com/jjgames-static/images/5253.JPG
7043,http://commondatastorage.googleapis.com/jjgames-static/images/4994.JPG
7042,http://commondatastorage.googleapis.com/jjgames-static/images/7616.JPG
7044,http://commondatastorage.googleapis.com/jjgames-static/images/5846.JPG
7045,http://commondatastorage.googleapis.com/jjgames-static/images/5134.JPG
7417,http://commondatastorage.googleapis.com/jjgames-static/images/5321.JPG
13052,http://commondatastorage.googleapis.com/jjgames-static/images/6723.JPG
13053,http://commondatastorage.googleapis.com/jjgames-static/images/6254.JPG
7046,http://commondatastorage.googleapis.com/jjgames-static/images/5135.JPG
7047,http://commondatastorage.googleapis.com/jjgames-static/images/5521.JPG
7048,http://commondatastorage.googleapis.com/jjgames-static/images/4995.JPG
7049,http://commondatastorage.googleapis.com/jjgames-static/images/5847.JPG
7050,http://commondatastorage.googleapis.com/jjgames-static/images/7603.JPG
11859,http://commondatastorage.googleapis.com/jjgames-static/images/5758.JPG
9556,http://commondatastorage.googleapis.com/jjgames-static/images/5352.JPG
7051,http://commondatastorage.googleapis.com/jjgames-static/images/5642.JPG
16051,http://commondatastorage.googleapis.com/jjgames-static/images/12723.JPG
7421,http://commondatastorage.googleapis.com/jjgames-static/images/5522.JPG
7052,http://commondatastorage.googleapis.com/jjgames-static/images/6753.JPG
13054,http://commondatastorage.googleapis.com/jjgames-static/images/9729.JPG
7053,http://commondatastorage.googleapis.com/jjgames-static/images/7313.JPG
11953,http://commondatastorage.googleapis.com/jjgames-static/images/5817.JPG
7054,http://commondatastorage.googleapis.com/jjgames-static/images/4913.JPG
7055,http://commondatastorage.googleapis.com/jjgames-static/images/7899.JPG
20081,http://static.jjgames.com/images/noimage.jpg
7056,http://commondatastorage.googleapis.com/jjgames-static/images/7891.JPG
7057,http://commondatastorage.googleapis.com/jjgames-static/images/4998.JPG
7423,http://commondatastorage.googleapis.com/jjgames-static/images/5136.JPG
13195,http://commondatastorage.googleapis.com/jjgames-static/images/6311.JPG
7424,http://commondatastorage.googleapis.com/jjgames-static/images/5207.JPG
10580,http://commondatastorage.googleapis.com/jjgames-static/images/5599.JPG
7058,http://commondatastorage.googleapis.com/jjgames-static/images/6188.JPG
20082,http://static.jjgames.com/images/noimage.jpg
16213,http://commondatastorage.googleapis.com/jjgames-static/images/12754.JPG
7060,http://commondatastorage.googleapis.com/jjgames-static/images/7897.JPG
7429,http://commondatastorage.googleapis.com/jjgames-static/images/5200.JPG
7075,http://commondatastorage.googleapis.com/jjgames-static/images/5139.JPG
13055,http://static.jjgames.com/images/noimage.jpg
7062,http://commondatastorage.googleapis.com/jjgames-static/images/6769.JPG
14034,http://commondatastorage.googleapis.com/jjgames-static/images/10236.JPG
7063,http://commondatastorage.googleapis.com/jjgames-static/images/7917.JPG
7064,http://commondatastorage.googleapis.com/jjgames-static/images/5137.JPG
12542,http://commondatastorage.googleapis.com/jjgames-static/images/5912.JPG
7065,http://commondatastorage.googleapis.com/jjgames-static/images/5934.JPG
7066,http://commondatastorage.googleapis.com/jjgames-static/images/7919.JPG
7067,http://commondatastorage.googleapis.com/jjgames-static/images/7867.JPG
13056,http://commondatastorage.googleapis.com/jjgames-static/images/9730.JPG
13057,http://commondatastorage.googleapis.com/jjgames-static/images/9731.JPG
7068,http://commondatastorage.googleapis.com/jjgames-static/images/4999.JPG
13058,http://commondatastorage.googleapis.com/jjgames-static/images/9732.JPG
13821,http://commondatastorage.googleapis.com/jjgames-static/images/7094.JPG
7069,http://commondatastorage.googleapis.com/jjgames-static/images/7198.JPG
7434,http://commondatastorage.googleapis.com/jjgames-static/images/5197.JPG
7435,http://commondatastorage.googleapis.com/jjgames-static/images/5138.JPG
14399,http://commondatastorage.googleapis.com/jjgames-static/images/7445.JPG
7070,http://commondatastorage.googleapis.com/jjgames-static/images/5294.JPG
7071,http://commondatastorage.googleapis.com/jjgames-static/images/5000.JPG
7436,http://commondatastorage.googleapis.com/jjgames-static/images/5198.JPG
7072,http://commondatastorage.googleapis.com/jjgames-static/images/7886.JPG
13059,http://commondatastorage.googleapis.com/jjgames-static/images/7317.JPG
7073,http://commondatastorage.googleapis.com/jjgames-static/images/7318.JPG
13060,http://commondatastorage.googleapis.com/jjgames-static/images/6994.JPG
17610,http://commondatastorage.googleapis.com/jjgames-static/images/12895.JPG
13061,http://commondatastorage.googleapis.com/jjgames-static/images/6134.JPG
13062,http://commondatastorage.googleapis.com/jjgames-static/images/9733.JPG
7074,http://commondatastorage.googleapis.com/jjgames-static/images/7876.JPG
7076,http://commondatastorage.googleapis.com/jjgames-static/images/5140.JPG
7093,http://commondatastorage.googleapis.com/jjgames-static/images/7620.JPG
18519,http://commondatastorage.googleapis.com/jjgames-static/images/12944.JPG
14568,http://commondatastorage.googleapis.com/jjgames-static/images/7504.JPG
7162,http://commondatastorage.googleapis.com/jjgames-static/images/7596.JPG
10439,http://commondatastorage.googleapis.com/jjgames-static/images/5558.JPG
7077,http://commondatastorage.googleapis.com/jjgames-static/images/4914.JPG
7078,http://commondatastorage.googleapis.com/jjgames-static/images/5002.JPG
7079,http://commondatastorage.googleapis.com/jjgames-static/images/7199.JPG
7080,http://commondatastorage.googleapis.com/jjgames-static/images/5644.JPG
7081,http://commondatastorage.googleapis.com/jjgames-static/images/5524.JPG
7082,http://commondatastorage.googleapis.com/jjgames-static/images/5281.JPG
7083,http://commondatastorage.googleapis.com/jjgames-static/images/6135.JPG
7084,http://commondatastorage.googleapis.com/jjgames-static/images/5739.JPG
19763,http://commondatastorage.googleapis.com/jjgames-static/images/13671.JPG
7085,http://commondatastorage.googleapis.com/jjgames-static/images/7892.JPG
7086,http://commondatastorage.googleapis.com/jjgames-static/images/7881.JPG
7087,http://commondatastorage.googleapis.com/jjgames-static/images/5328.JPG
10840,http://commondatastorage.googleapis.com/jjgames-static/images/5740.JPG
7088,http://commondatastorage.googleapis.com/jjgames-static/images/4915.JPG
12537,http://commondatastorage.googleapis.com/jjgames-static/images/5908.JPG
13063,http://commondatastorage.googleapis.com/jjgames-static/images/7179.JPG
16234,http://commondatastorage.googleapis.com/jjgames-static/images/12755.JPG
7089,http://commondatastorage.googleapis.com/jjgames-static/images/7920.JPG
7090,http://commondatastorage.googleapis.com/jjgames-static/images/6637.JPG
7091,http://commondatastorage.googleapis.com/jjgames-static/images/5668.JPG
13064,http://commondatastorage.googleapis.com/jjgames-static/images/7365.JPG
7443,http://commondatastorage.googleapis.com/jjgames-static/images/5329.JPG
13065,http://commondatastorage.googleapis.com/jjgames-static/images/7200.JPG
7092,http://commondatastorage.googleapis.com/jjgames-static/images/6370.JPG
7094,http://commondatastorage.googleapis.com/jjgames-static/images/7404.JPG
13066,http://commondatastorage.googleapis.com/jjgames-static/images/7201.JPG
14054,http://commondatastorage.googleapis.com/jjgames-static/images/7473.JPG
7095,http://commondatastorage.googleapis.com/jjgames-static/images/5182.JPG
7096,http://commondatastorage.googleapis.com/jjgames-static/images/5601.JPG
7097,http://commondatastorage.googleapis.com/jjgames-static/images/5602.JPG
7098,http://commondatastorage.googleapis.com/jjgames-static/images/5669.JPG
7099,http://commondatastorage.googleapis.com/jjgames-static/images/5406.JPG
12966,http://commondatastorage.googleapis.com/jjgames-static/images/6078.JPG
7100,http://commondatastorage.googleapis.com/jjgames-static/images/7320.JPG
7101,http://commondatastorage.googleapis.com/jjgames-static/images/4916.JPG
7446,http://commondatastorage.googleapis.com/jjgames-static/images/5255.JPG
7102,http://commondatastorage.googleapis.com/jjgames-static/images/5003.JPG
7103,http://commondatastorage.googleapis.com/jjgames-static/images/5036.JPG
13067,http://commondatastorage.googleapis.com/jjgames-static/images/9734.JPG
14872,http://commondatastorage.googleapis.com/jjgames-static/images/12648.JPG
7106,http://commondatastorage.googleapis.com/jjgames-static/images/5037.JPG
7104,http://commondatastorage.googleapis.com/jjgames-static/images/5141.JPG
7105,http://commondatastorage.googleapis.com/jjgames-static/images/4917.JPG
10943,http://commondatastorage.googleapis.com/jjgames-static/images/5688.JPG
14935,http://commondatastorage.googleapis.com/jjgames-static/images/12663.JPG
13068,http://commondatastorage.googleapis.com/jjgames-static/images/7322.JPG
7107,http://commondatastorage.googleapis.com/jjgames-static/images/6215.JPG
21631,http://static.jjgames.com/images/noimage.jpg
7108,http://commondatastorage.googleapis.com/jjgames-static/images/7916.JPG
13069,http://commondatastorage.googleapis.com/jjgames-static/images/9735.JPG
7452,http://commondatastorage.googleapis.com/jjgames-static/images/5539.JPG
7453,http://commondatastorage.googleapis.com/jjgames-static/images/5256.JPG
7109,http://commondatastorage.googleapis.com/jjgames-static/images/4877.JPG
13070,http://commondatastorage.googleapis.com/jjgames-static/images/9736.JPG
7110,http://commondatastorage.googleapis.com/jjgames-static/images/7880.JPG
7111,http://commondatastorage.googleapis.com/jjgames-static/images/7622.JPG
7454,http://commondatastorage.googleapis.com/jjgames-static/images/5257.JPG
7112,http://commondatastorage.googleapis.com/jjgames-static/images/5038.JPG
19251,http://commondatastorage.googleapis.com/jjgames-static/images/13128.JPG
33653,http://static.jjgames.com/images/noimage.jpg
7113,http://commondatastorage.googleapis.com/jjgames-static/images/5142.JPG
7114,http://commondatastorage.googleapis.com/jjgames-static/images/7495.JPG
7115,http://commondatastorage.googleapis.com/jjgames-static/images/7323.JPG
7116,http://commondatastorage.googleapis.com/jjgames-static/images/7614.JPG
7117,http://commondatastorage.googleapis.com/jjgames-static/images/6822.JPG
7118,http://commondatastorage.googleapis.com/jjgames-static/images/5004.JPG
7119,http://commondatastorage.googleapis.com/jjgames-static/images/7254.JPG
7120,http://commondatastorage.googleapis.com/jjgames-static/images/7255.JPG
13071,http://commondatastorage.googleapis.com/jjgames-static/images/9737.JPG
7122,http://commondatastorage.googleapis.com/jjgames-static/images/5143.JPG
7123,http://commondatastorage.googleapis.com/jjgames-static/images/5108.JPG
7459,http://commondatastorage.googleapis.com/jjgames-static/images/5144.JPG
7124,http://commondatastorage.googleapis.com/jjgames-static/images/5005.JPG
14547,http://commondatastorage.googleapis.com/jjgames-static/images/10479.JPG
7125,http://commondatastorage.googleapis.com/jjgames-static/images/5533.JPG
34653,http://commondatastorage.googleapis.com/jjgames-static/images/5907.JPG
7127,http://commondatastorage.googleapis.com/jjgames-static/images/7045.JPG
7128,http://commondatastorage.googleapis.com/jjgames-static/images/5145.JPG
7129,http://commondatastorage.googleapis.com/jjgames-static/images/7869.JPG
13818,http://commondatastorage.googleapis.com/jjgames-static/images/6979.JPG
7130,http://commondatastorage.googleapis.com/jjgames-static/images/5006.JPG
7131,http://commondatastorage.googleapis.com/jjgames-static/images/5146.JPG
7132,http://commondatastorage.googleapis.com/jjgames-static/images/5544.JPG
31345,http://commondatastorage.googleapis.com/jjgames-static/images/25597.JPG
7133,http://commondatastorage.googleapis.com/jjgames-static/images/5534.JPG
7460,http://commondatastorage.googleapis.com/jjgames-static/images/5263.JPG
7134,http://commondatastorage.googleapis.com/jjgames-static/images/5184.JPG
7135,http://commondatastorage.googleapis.com/jjgames-static/images/7894.JPG
7461,http://commondatastorage.googleapis.com/jjgames-static/images/5168.JPG
7136,http://commondatastorage.googleapis.com/jjgames-static/images/5007.JPG
7137,http://commondatastorage.googleapis.com/jjgames-static/images/5109.JPG
7138,http://commondatastorage.googleapis.com/jjgames-static/images/5110.JPG
9888,http://commondatastorage.googleapis.com/jjgames-static/images/5359.JPG
7139,http://commondatastorage.googleapis.com/jjgames-static/images/4876.JPG
7140,http://commondatastorage.googleapis.com/jjgames-static/images/5008.JPG
7141,http://commondatastorage.googleapis.com/jjgames-static/images/5009.JPG
7142,http://commondatastorage.googleapis.com/jjgames-static/images/5039.JPG
7143,http://commondatastorage.googleapis.com/jjgames-static/images/5111.JPG
7144,http://commondatastorage.googleapis.com/jjgames-static/images/7294.JPG
31555,http://static.jjgames.com/images/noimage.jpg
9893,http://commondatastorage.googleapis.com/jjgames-static/images/5357.JPG
30877,http://commondatastorage.googleapis.com/jjgames-static/images/15146.JPG
7145,http://commondatastorage.googleapis.com/jjgames-static/images/4943.JPG
7146,http://commondatastorage.googleapis.com/jjgames-static/images/5942.JPG
7147,http://commondatastorage.googleapis.com/jjgames-static/images/5238.JPG
7148,http://commondatastorage.googleapis.com/jjgames-static/images/5010.JPG
12547,http://commondatastorage.googleapis.com/jjgames-static/images/5933.JPG
14799,http://commondatastorage.googleapis.com/jjgames-static/images/12709.JPG
7149,http://commondatastorage.googleapis.com/jjgames-static/images/5112.JPG
16261,http://commondatastorage.googleapis.com/jjgames-static/images/10624.JPG
7462,http://commondatastorage.googleapis.com/jjgames-static/images/5147.JPG
7150,http://commondatastorage.googleapis.com/jjgames-static/images/6189.JPG
19501,http://commondatastorage.googleapis.com/jjgames-static/images/24823.JPG
30820,http://commondatastorage.googleapis.com/jjgames-static/images/13232.JPG
15666,http://commondatastorage.googleapis.com/jjgames-static/images/12713.JPG
7463,http://commondatastorage.googleapis.com/jjgames-static/images/5191.JPG
7151,http://commondatastorage.googleapis.com/jjgames-static/images/6735.JPG
33053,http://static.jjgames.com/images/noimage.jpg
7152,http://commondatastorage.googleapis.com/jjgames-static/images/6259.JPG
7153,http://commondatastorage.googleapis.com/jjgames-static/images/5082.JPG
7154,http://commondatastorage.googleapis.com/jjgames-static/images/5040.JPG
7155,http://commondatastorage.googleapis.com/jjgames-static/images/4918.JPG
7156,http://commondatastorage.googleapis.com/jjgames-static/images/5185.JPG
7157,http://commondatastorage.googleapis.com/jjgames-static/images/5461.JPG
7158,http://commondatastorage.googleapis.com/jjgames-static/images/5011.JPG
7159,http://commondatastorage.googleapis.com/jjgames-static/images/7406.JPG
7464,http://commondatastorage.googleapis.com/jjgames-static/images/5204.JPG
7160,http://commondatastorage.googleapis.com/jjgames-static/images/5540.JPG
7161,http://commondatastorage.googleapis.com/jjgames-static/images/7921.JPG
13072,http://commondatastorage.googleapis.com/jjgames-static/images/9738.JPG
18544,http://commondatastorage.googleapis.com/jjgames-static/images/12962.JPG
7163,http://commondatastorage.googleapis.com/jjgames-static/images/7599.JPG
9923,http://commondatastorage.googleapis.com/jjgames-static/images/6880.JPG
13073,http://commondatastorage.googleapis.com/jjgames-static/images/9739.JPG
34777,http://static.jjgames.com/images/noimage.jpg
7164,http://commondatastorage.googleapis.com/jjgames-static/images/5041.JPG
19254,http://commondatastorage.googleapis.com/jjgames-static/images/13130.JPG
13772,http://commondatastorage.googleapis.com/jjgames-static/images/6752.JPG
7466,http://commondatastorage.googleapis.com/jjgames-static/images/5148.JPG
7165,http://commondatastorage.googleapis.com/jjgames-static/images/7117.JPG
7166,http://commondatastorage.googleapis.com/jjgames-static/images/5646.JPG
16381,http://commondatastorage.googleapis.com/jjgames-static/images/12811.JPG
7168,http://commondatastorage.googleapis.com/jjgames-static/images/5121.JPG
7169,http://commondatastorage.googleapis.com/jjgames-static/images/5042.JPG
13074,http://commondatastorage.googleapis.com/jjgames-static/images/9740.JPG
7467,http://commondatastorage.googleapis.com/jjgames-static/images/5149.JPG
19309,http://commondatastorage.googleapis.com/jjgames-static/images/13178.JPG
31305,http://commondatastorage.googleapis.com/jjgames-static/images/25546.JPG
7170,http://commondatastorage.googleapis.com/jjgames-static/images/4879.JPG
7172,http://commondatastorage.googleapis.com/jjgames-static/images/5546.JPG
7171,http://commondatastorage.googleapis.com/jjgames-static/images/5342.JPG
7173,http://commondatastorage.googleapis.com/jjgames-static/images/5525.JPG
7174,http://commondatastorage.googleapis.com/jjgames-static/images/5331.JPG
7176,http://commondatastorage.googleapis.com/jjgames-static/images/7545.JPG
11860,http://commondatastorage.googleapis.com/jjgames-static/images/5759.JPG
7179,http://commondatastorage.googleapis.com/jjgames-static/images/7609.JPG
7180,http://commondatastorage.googleapis.com/jjgames-static/images/5150.JPG
7181,http://commondatastorage.googleapis.com/jjgames-static/images/7325.JPG
7182,http://commondatastorage.googleapis.com/jjgames-static/images/5853.JPG
7183,http://commondatastorage.googleapis.com/jjgames-static/images/6984.JPG
7184,http://commondatastorage.googleapis.com/jjgames-static/images/5043.JPG
7185,http://commondatastorage.googleapis.com/jjgames-static/images/5670.JPG
13075,http://commondatastorage.googleapis.com/jjgames-static/images/9741.JPG
7186,http://commondatastorage.googleapis.com/jjgames-static/images/6237.JPG
7187,http://commondatastorage.googleapis.com/jjgames-static/images/5410.JPG
7188,http://commondatastorage.googleapis.com/jjgames-static/images/7877.JPG
7189,http://commondatastorage.googleapis.com/jjgames-static/images/6190.JPG
7190,http://commondatastorage.googleapis.com/jjgames-static/images/5012.JPG
7191,http://commondatastorage.googleapis.com/jjgames-static/images/5044.JPG
7192,http://commondatastorage.googleapis.com/jjgames-static/images/5526.JPG
13076,http://commondatastorage.googleapis.com/jjgames-static/images/6260.JPG
7193,http://commondatastorage.googleapis.com/jjgames-static/images/5354.JPG
7195,http://commondatastorage.googleapis.com/jjgames-static/images/6772.JPG
7196,http://commondatastorage.googleapis.com/jjgames-static/images/5616.JPG
7197,http://commondatastorage.googleapis.com/jjgames-static/images/5113.JPG
10467,http://commondatastorage.googleapis.com/jjgames-static/images/5578.JPG
7198,http://commondatastorage.googleapis.com/jjgames-static/images/5114.JPG
9999,http://commondatastorage.googleapis.com/jjgames-static/images/5655.JPG
13077,http://commondatastorage.googleapis.com/jjgames-static/images/9742.JPG
7199,http://commondatastorage.googleapis.com/jjgames-static/images/7923.JPG
7200,http://commondatastorage.googleapis.com/jjgames-static/images/5708.JPG
7201,http://commondatastorage.googleapis.com/jjgames-static/images/5115.JPG
7202,http://commondatastorage.googleapis.com/jjgames-static/images/5151.JPG
7203,http://commondatastorage.googleapis.com/jjgames-static/images/5743.JPG
7204,http://commondatastorage.googleapis.com/jjgames-static/images/7910.JPG
7205,http://commondatastorage.googleapis.com/jjgames-static/images/5152.JPG
7475,http://commondatastorage.googleapis.com/jjgames-static/images/5153.JPG
7476,http://commondatastorage.googleapis.com/jjgames-static/images/5154.JPG
7206,http://commondatastorage.googleapis.com/jjgames-static/images/5116.JPG
12549,http://commondatastorage.googleapis.com/jjgames-static/images/5936.JPG
7207,http://commondatastorage.googleapis.com/jjgames-static/images/5013.JPG
7209,http://commondatastorage.googleapis.com/jjgames-static/images/7170.JPG
7210,http://commondatastorage.googleapis.com/jjgames-static/images/5155.JPG
18700,http://commondatastorage.googleapis.com/jjgames-static/images/13077.JPG
7211,http://commondatastorage.googleapis.com/jjgames-static/images/5284.JPG
7212,http://commondatastorage.googleapis.com/jjgames-static/images/5117.JPG
7213,http://commondatastorage.googleapis.com/jjgames-static/images/5671.JPG
7479,http://commondatastorage.googleapis.com/jjgames-static/images/5205.JPG
7480,http://commondatastorage.googleapis.com/jjgames-static/images/5169.JPG
11965,http://commondatastorage.googleapis.com/jjgames-static/images/5857.JPG
13079,http://commondatastorage.googleapis.com/jjgames-static/images/6638.JPG
13880,http://commondatastorage.googleapis.com/jjgames-static/images/10188.JPG
7214,http://commondatastorage.googleapis.com/jjgames-static/images/5156.JPG
13839,http://commondatastorage.googleapis.com/jjgames-static/images/6885.JPG
7215,http://commondatastorage.googleapis.com/jjgames-static/images/5015.JPG
7222,http://commondatastorage.googleapis.com/jjgames-static/images/5017.JPG
7216,http://commondatastorage.googleapis.com/jjgames-static/images/7890.JPG
7217,http://commondatastorage.googleapis.com/jjgames-static/images/7615.JPG
7218,http://commondatastorage.googleapis.com/jjgames-static/images/6374.JPG
7219,http://commondatastorage.googleapis.com/jjgames-static/images/5335.JPG
13691,http://commondatastorage.googleapis.com/jjgames-static/images/5285.JPG
7221,http://commondatastorage.googleapis.com/jjgames-static/images/5016.JPG
7223,http://commondatastorage.googleapis.com/jjgames-static/images/7611.JPG
7025,http://commondatastorage.googleapis.com/jjgames-static/images/7604.JPG
7224,http://commondatastorage.googleapis.com/jjgames-static/images/5510.JPG
7485,http://commondatastorage.googleapis.com/jjgames-static/images/5201.JPG
7225,http://commondatastorage.googleapis.com/jjgames-static/images/7181.JPG
7226,http://commondatastorage.googleapis.com/jjgames-static/images/5465.JPG
12540,http://commondatastorage.googleapis.com/jjgames-static/images/5910.JPG
13837,http://commondatastorage.googleapis.com/jjgames-static/images/6882.JPG
7232,http://commondatastorage.googleapis.com/jjgames-static/images/5412.JPG
7505,http://commondatastorage.googleapis.com/jjgames-static/images/5340.JPG
7506,http://commondatastorage.googleapis.com/jjgames-static/images/5287.JPG
7246,http://commondatastorage.googleapis.com/jjgames-static/images/5020.JPG
7247,http://commondatastorage.googleapis.com/jjgames-static/images/5161.JPG
12967,http://commondatastorage.googleapis.com/jjgames-static/images/6091.JPG
7227,http://commondatastorage.googleapis.com/jjgames-static/images/7870.JPG
7228,http://commondatastorage.googleapis.com/jjgames-static/images/7903.JPG
7229,http://commondatastorage.googleapis.com/jjgames-static/images/5157.JPG
7230,http://commondatastorage.googleapis.com/jjgames-static/images/4919.JPG
12545,http://commondatastorage.googleapis.com/jjgames-static/images/5931.JPG
16174,http://commondatastorage.googleapis.com/jjgames-static/images/12746.JPG
7231,http://commondatastorage.googleapis.com/jjgames-static/images/7593.JPG
10841,http://commondatastorage.googleapis.com/jjgames-static/images/5634.JPG
7497,http://commondatastorage.googleapis.com/jjgames-static/images/5158.JPG
13080,http://commondatastorage.googleapis.com/jjgames-static/images/6737.JPG
7233,http://commondatastorage.googleapis.com/jjgames-static/images/5186.JPG
7235,http://commondatastorage.googleapis.com/jjgames-static/images/5511.JPG
7234,http://commondatastorage.googleapis.com/jjgames-static/images/5018.JPG
32703,http://static.jjgames.com/images/noimage.jpg
12546,http://commondatastorage.googleapis.com/jjgames-static/images/5932.JPG
13081,http://commondatastorage.googleapis.com/jjgames-static/images/9743.JPG
7236,http://commondatastorage.googleapis.com/jjgames-static/images/7619.JPG
7237,http://commondatastorage.googleapis.com/jjgames-static/images/5159.JPG
13082,http://commondatastorage.googleapis.com/jjgames-static/images/7289.JPG
8518,http://commondatastorage.googleapis.com/jjgames-static/images/14641.JPG
7238,http://commondatastorage.googleapis.com/jjgames-static/images/5160.JPG
7239,http://commondatastorage.googleapis.com/jjgames-static/images/5089.JPG
7500,http://commondatastorage.googleapis.com/jjgames-static/images/5338.JPG
13078,http://commondatastorage.googleapis.com/jjgames-static/images/6749.JPG
7240,http://commondatastorage.googleapis.com/jjgames-static/images/5603.JPG
7241,http://commondatastorage.googleapis.com/jjgames-static/images/5858.JPG
15879,http://commondatastorage.googleapis.com/jjgames-static/images/10583.JPG
7242,http://commondatastorage.googleapis.com/jjgames-static/images/5748.JPG
7243,http://commondatastorage.googleapis.com/jjgames-static/images/5512.JPG
12552,http://commondatastorage.googleapis.com/jjgames-static/images/5939.JPG
7244,http://commondatastorage.googleapis.com/jjgames-static/images/5019.JPG
13083,http://commondatastorage.googleapis.com/jjgames-static/images/6832.JPG
7502,http://commondatastorage.googleapis.com/jjgames-static/images/5118.JPG
18604,http://commondatastorage.googleapis.com/jjgames-static/images/13009.JPG
7245,http://commondatastorage.googleapis.com/jjgames-static/images/7879.JPG
7507,http://commondatastorage.googleapis.com/jjgames-static/images/5162.JPG
7250,http://commondatastorage.googleapis.com/jjgames-static/images/5045.JPG
7251,http://commondatastorage.googleapis.com/jjgames-static/images/5163.JPG
7249,http://commondatastorage.googleapis.com/jjgames-static/images/5563.JPG
7252,http://commondatastorage.googleapis.com/jjgames-static/images/5905.JPG
7509,http://commondatastorage.googleapis.com/jjgames-static/images/5288.JPG
7253,http://commondatastorage.googleapis.com/jjgames-static/images/6220.JPG
10231,http://commondatastorage.googleapis.com/jjgames-static/images/5466.JPG
7254,http://commondatastorage.googleapis.com/jjgames-static/images/5046.JPG
7255,http://commondatastorage.googleapis.com/jjgames-static/images/7606.JPG
7256,http://commondatastorage.googleapis.com/jjgames-static/images/5119.JPG
13084,http://commondatastorage.googleapis.com/jjgames-static/images/9744.JPG
7511,http://commondatastorage.googleapis.com/jjgames-static/images/5192.JPG
