14490,http://commondatastorage.googleapis.com/jjgames-static/images/16864.JPG
32782,/images/notfound.jpg
12043,http://commondatastorage.googleapis.com/jjgames-static/images/16785.JPG
12044,http://commondatastorage.googleapis.com/jjgames-static/images/16812.JPG
14491,http://commondatastorage.googleapis.com/jjgames-static/images/16843.JPG
14492,http://commondatastorage.googleapis.com/jjgames-static/images/16787.JPG
12045,http://commondatastorage.googleapis.com/jjgames-static/images/16818.JPG
14493,http://commondatastorage.googleapis.com/jjgames-static/images/16844.JPG
32783,/images/notfound.jpg
12046,http://commondatastorage.googleapis.com/jjgames-static/images/16813.JPG
12047,http://commondatastorage.googleapis.com/jjgames-static/images/16814.JPG
14494,http://commondatastorage.googleapis.com/jjgames-static/images/16810.JPG
12048,http://commondatastorage.googleapis.com/jjgames-static/images/16815.JPG
12049,http://commondatastorage.googleapis.com/jjgames-static/images/16816.JPG
12050,http://commondatastorage.googleapis.com/jjgames-static/images/16819.JPG
12051,http://commondatastorage.googleapis.com/jjgames-static/images/16762.JPG
32763,/images/notfound.jpg
14495,http://commondatastorage.googleapis.com/jjgames-static/images/16788.JPG
12052,http://commondatastorage.googleapis.com/jjgames-static/images/16822.JPG
32775,/images/notfound.jpg
18628,http://commondatastorage.googleapis.com/jjgames-static/images/16838.JPG
32785,/images/notfound.jpg
32773,/images/notfound.jpg
14496,http://commondatastorage.googleapis.com/jjgames-static/images/16789.JPG
12053,http://commondatastorage.googleapis.com/jjgames-static/images/16763.JPG
12054,http://commondatastorage.googleapis.com/jjgames-static/images/16820.JPG
18629,http://commondatastorage.googleapis.com/jjgames-static/images/16839.JPG
32787,/images/notfound.jpg
12055,http://commondatastorage.googleapis.com/jjgames-static/images/16823.JPG
14498,http://commondatastorage.googleapis.com/jjgames-static/images/16845.JPG
32769,/images/notfound.jpg
14499,http://commondatastorage.googleapis.com/jjgames-static/images/16782.JPG
14500,http://commondatastorage.googleapis.com/jjgames-static/images/16846.JPG
12056,http://commondatastorage.googleapis.com/jjgames-static/images/16764.JPG
14501,http://commondatastorage.googleapis.com/jjgames-static/images/16791.JPG
12057,http://commondatastorage.googleapis.com/jjgames-static/images/16758.JPG
12058,http://commondatastorage.googleapis.com/jjgames-static/images/16765.JPG
32766,/images/notfound.jpg
12059,http://commondatastorage.googleapis.com/jjgames-static/images/16824.JPG
12060,http://commondatastorage.googleapis.com/jjgames-static/images/16825.JPG
12061,http://commondatastorage.googleapis.com/jjgames-static/images/16809.JPG
12062,http://commondatastorage.googleapis.com/jjgames-static/images/16766.JPG
32778,/images/notfound.jpg
32774,/images/notfound.jpg
12063,http://commondatastorage.googleapis.com/jjgames-static/images/16759.JPG
14440,http://commondatastorage.googleapis.com/jjgames-static/images/16781.JPG
14855,http://commondatastorage.googleapis.com/jjgames-static/images/16866.JPG
14503,http://commondatastorage.googleapis.com/jjgames-static/images/16792.JPG
14504,http://commondatastorage.googleapis.com/jjgames-static/images/16871.JPG
18560,http://commondatastorage.googleapis.com/jjgames-static/images/16783.JPG
14505,http://commondatastorage.googleapis.com/jjgames-static/images/16793.JPG
32772,/images/notfound.jpg
18697,http://commondatastorage.googleapis.com/jjgames-static/images/16841.JPG
12064,http://commondatastorage.googleapis.com/jjgames-static/images/16826.JPG
12065,http://commondatastorage.googleapis.com/jjgames-static/images/16760.JPG
14506,http://commondatastorage.googleapis.com/jjgames-static/images/16794.JPG
32818,/images/notfound.jpg
32788,/images/notfound.jpg
14507,http://commondatastorage.googleapis.com/jjgames-static/images/16756.JPG
14137,http://commondatastorage.googleapis.com/jjgames-static/images/16780.JPG
20385,http://commondatastorage.googleapis.com/jjgames-static/images/16874.JPG
18578,http://commondatastorage.googleapis.com/jjgames-static/images/16821.JPG
32784,/images/notfound.jpg
12066,http://commondatastorage.googleapis.com/jjgames-static/images/16827.JPG
14508,http://commondatastorage.googleapis.com/jjgames-static/images/16847.JPG
14509,http://commondatastorage.googleapis.com/jjgames-static/images/16848.JPG
18541,http://commondatastorage.googleapis.com/jjgames-static/images/16867.JPG
14510,http://commondatastorage.googleapis.com/jjgames-static/images/16849.JPG
14511,http://commondatastorage.googleapis.com/jjgames-static/images/16852.JPG
14512,http://commondatastorage.googleapis.com/jjgames-static/images/16853.JPG
32776,/images/notfound.jpg
14513,http://commondatastorage.googleapis.com/jjgames-static/images/16854.JPG
14514,http://commondatastorage.googleapis.com/jjgames-static/images/16795.JPG
14515,http://commondatastorage.googleapis.com/jjgames-static/images/16855.JPG
32765,/images/notfound.jpg
32770,/images/notfound.jpg
32781,/images/notfound.jpg
14516,http://commondatastorage.googleapis.com/jjgames-static/images/16796.JPG
18695,http://commondatastorage.googleapis.com/jjgames-static/images/16840.JPG
32764,/images/notfound.jpg
12067,http://commondatastorage.googleapis.com/jjgames-static/images/16755.JPG
12068,http://commondatastorage.googleapis.com/jjgames-static/images/16779.JPG
12069,http://commondatastorage.googleapis.com/jjgames-static/images/16775.JPG
12070,http://commondatastorage.googleapis.com/jjgames-static/images/16828.JPG
12071,http://commondatastorage.googleapis.com/jjgames-static/images/16773.JPG
12072,http://commondatastorage.googleapis.com/jjgames-static/images/16776.JPG
14517,http://commondatastorage.googleapis.com/jjgames-static/images/16797.JPG
12073,http://commondatastorage.googleapis.com/jjgames-static/images/16769.JPG
14518,http://commondatastorage.googleapis.com/jjgames-static/images/16856.JPG
12074,http://commondatastorage.googleapis.com/jjgames-static/images/16842.JPG
14519,http://commondatastorage.googleapis.com/jjgames-static/images/16784.JPG
14520,http://commondatastorage.googleapis.com/jjgames-static/images/16798.JPG
12075,http://commondatastorage.googleapis.com/jjgames-static/images/16829.JPG
18624,http://commondatastorage.googleapis.com/jjgames-static/images/16868.JPG
14521,http://commondatastorage.googleapis.com/jjgames-static/images/16857.JPG
12077,http://commondatastorage.googleapis.com/jjgames-static/images/16771.JPG
14522,http://commondatastorage.googleapis.com/jjgames-static/images/16799.JPG
12076,http://commondatastorage.googleapis.com/jjgames-static/images/16830.JPG
12078,http://commondatastorage.googleapis.com/jjgames-static/images/16774.JPG
32771,/images/notfound.jpg
18696,http://commondatastorage.googleapis.com/jjgames-static/images/16869.JPG
32780,/images/notfound.jpg
32779,/images/notfound.jpg
12079,http://commondatastorage.googleapis.com/jjgames-static/images/16770.JPG
14523,http://commondatastorage.googleapis.com/jjgames-static/images/16850.JPG
12080,http://commondatastorage.googleapis.com/jjgames-static/images/16772.JPG
14253,http://commondatastorage.googleapis.com/jjgames-static/images/16786.JPG
14524,http://commondatastorage.googleapis.com/jjgames-static/images/16817.JPG
12081,http://commondatastorage.googleapis.com/jjgames-static/images/16768.JPG
14525,http://commondatastorage.googleapis.com/jjgames-static/images/16800.JPG
14526,http://commondatastorage.googleapis.com/jjgames-static/images/16851.JPG
32790,/images/notfound.jpg
14527,http://commondatastorage.googleapis.com/jjgames-static/images/16801.JPG
18623,http://commondatastorage.googleapis.com/jjgames-static/images/16837.JPG
12082,http://commondatastorage.googleapis.com/jjgames-static/images/16831.JPG
12083,http://commondatastorage.googleapis.com/jjgames-static/images/16778.JPG
12084,http://commondatastorage.googleapis.com/jjgames-static/images/16777.JPG
14528,http://commondatastorage.googleapis.com/jjgames-static/images/16858.JPG
32786,/images/notfound.jpg
14536,http://commondatastorage.googleapis.com/jjgames-static/images/16833.JPG
14537,http://commondatastorage.googleapis.com/jjgames-static/images/16861.JPG
14538,http://commondatastorage.googleapis.com/jjgames-static/images/16806.JPG
14529,http://commondatastorage.googleapis.com/jjgames-static/images/16859.JPG
14530,http://commondatastorage.googleapis.com/jjgames-static/images/16811.JPG
21781,http://commondatastorage.googleapis.com/jjgames-static/images/16872.JPG
33635,/images/notfound.jpg
14531,http://commondatastorage.googleapis.com/jjgames-static/images/16802.JPG
14532,http://commondatastorage.googleapis.com/jjgames-static/images/16860.JPG
14533,http://commondatastorage.googleapis.com/jjgames-static/images/16803.JPG
33201,/images/notfound.jpg
14534,http://commondatastorage.googleapis.com/jjgames-static/images/16804.JPG
32768,/images/notfound.jpg
31632,http://commondatastorage.googleapis.com/jjgames-static/images/16836.JPG
33818,/images/notfound.jpg
19984,http://commondatastorage.googleapis.com/jjgames-static/images/16865.JPG
14535,http://commondatastorage.googleapis.com/jjgames-static/images/16805.JPG
19538,http://commondatastorage.googleapis.com/jjgames-static/images/16870.JPG
18658,http://commondatastorage.googleapis.com/jjgames-static/images/16757.JPG
19537,http://commondatastorage.googleapis.com/jjgames-static/images/16873.JPG
32789,/images/notfound.jpg
32777,/images/notfound.jpg
14539,http://commondatastorage.googleapis.com/jjgames-static/images/16862.JPG
12085,http://commondatastorage.googleapis.com/jjgames-static/images/16761.JPG
12086,http://commondatastorage.googleapis.com/jjgames-static/images/16832.JPG
12087,http://commondatastorage.googleapis.com/jjgames-static/images/16767.JPG
14540,http://commondatastorage.googleapis.com/jjgames-static/images/16807.JPG
12088,http://commondatastorage.googleapis.com/jjgames-static/images/16808.JPG
14542,http://commondatastorage.googleapis.com/jjgames-static/images/16863.JPG
18608,http://commondatastorage.googleapis.com/jjgames-static/images/16835.JPG
18577,http://commondatastorage.googleapis.com/jjgames-static/images/16834.JPG
14497,http://commondatastorage.googleapis.com/jjgames-static/images/16790.JPG
