16070,http://static.jjgames.com/images/noimage.jpg
16071,http://static.jjgames.com/images/noimage.jpg
16072,http://static.jjgames.com/images/noimage.jpg
16073,http://static.jjgames.com/images/noimage.jpg
14217,http://static.jjgames.com/images/noimage.jpg
16074,http://static.jjgames.com/images/noimage.jpg
16075,http://static.jjgames.com/images/noimage.jpg
16076,http://static.jjgames.com/images/noimage.jpg
16077,http://static.jjgames.com/images/noimage.jpg
19446,http://static.jjgames.com/images/noimage.jpg
33953,http://static.jjgames.com/images/noimage.jpg
14346,http://static.jjgames.com/images/noimage.jpg
16078,http://static.jjgames.com/images/noimage.jpg
19445,http://commondatastorage.googleapis.com/jjgames-static/images/25594.JPG
20121,http://commondatastorage.googleapis.com/jjgames-static/images/25809.JPG
16079,http://static.jjgames.com/images/noimage.jpg
14198,http://static.jjgames.com/images/noimage.jpg
16080,http://static.jjgames.com/images/noimage.jpg
