33629,http://commondatastorage.googleapis.com/jjgames-static/images/25090.JPG
34585,http://commondatastorage.googleapis.com/jjgames-static/images/26486.JPG
33888,http://commondatastorage.googleapis.com/jjgames-static/images/25606.JPG
34838,http://commondatastorage.googleapis.com/jjgames-static/images/27162.JPG
34469,http://commondatastorage.googleapis.com/jjgames-static/images/26385.JPG
34159,http://commondatastorage.googleapis.com/jjgames-static/images/26184.JPG
33310,http://commondatastorage.googleapis.com/jjgames-static/images/24843.JPG
34473,http://commondatastorage.googleapis.com/jjgames-static/images/26389.JPG
34591,http://commondatastorage.googleapis.com/jjgames-static/images/26499.JPG
33312,http://commondatastorage.googleapis.com/jjgames-static/images/24845.JPG
34460,http://commondatastorage.googleapis.com/jjgames-static/images/26394.JPG
33634,/images/notfound.jpg
34506,http://commondatastorage.googleapis.com/jjgames-static/images/26505.JPG
34758,http://commondatastorage.googleapis.com/jjgames-static/images/27103.JPG
33570,http://commondatastorage.googleapis.com/jjgames-static/images/25116.JPG
33398,http://commondatastorage.googleapis.com/jjgames-static/images/24860.JPG
34509,http://commondatastorage.googleapis.com/jjgames-static/images/26512.JPG
33399,http://commondatastorage.googleapis.com/jjgames-static/images/24868.JPG
34456,http://commondatastorage.googleapis.com/jjgames-static/images/26415.JPG
34174,http://commondatastorage.googleapis.com/jjgames-static/images/26200.JPG
34145,http://commondatastorage.googleapis.com/jjgames-static/images/26206.JPG
34695,http://commondatastorage.googleapis.com/jjgames-static/images/26623.JPG
34527,http://commondatastorage.googleapis.com/jjgames-static/images/26528.JPG
33323,http://commondatastorage.googleapis.com/jjgames-static/images/24887.JPG
33403,http://commondatastorage.googleapis.com/jjgames-static/images/24883.JPG
33326,http://commondatastorage.googleapis.com/jjgames-static/images/24894.JPG
33574,http://commondatastorage.googleapis.com/jjgames-static/images/25136.JPG
34034,http://commondatastorage.googleapis.com/jjgames-static/images/25762.JPG
34328,http://commondatastorage.googleapis.com/jjgames-static/images/26420.JPG
34084,http://commondatastorage.googleapis.com/jjgames-static/images/25766.JPG
33327,http://commondatastorage.googleapis.com/jjgames-static/images/24904.JPG
34280,http://commondatastorage.googleapis.com/jjgames-static/images/26224.JPG
34931,http://commondatastorage.googleapis.com/jjgames-static/images/27286.JPG
33981,http://commondatastorage.googleapis.com/jjgames-static/images/25646.JPG
34319,http://commondatastorage.googleapis.com/jjgames-static/images/26424.JPG
34321,http://commondatastorage.googleapis.com/jjgames-static/images/26425.JPG
33332,http://commondatastorage.googleapis.com/jjgames-static/images/25166.JPG
34432,http://commondatastorage.googleapis.com/jjgames-static/images/26428.JPG
34037,http://commondatastorage.googleapis.com/jjgames-static/images/25769.JPG
33928,http://commondatastorage.googleapis.com/jjgames-static/images/25650.JPG
34435,http://commondatastorage.googleapis.com/jjgames-static/images/26432.JPG
34671,/images/notfound.jpg
34806,http://commondatastorage.googleapis.com/jjgames-static/images/27183.JPG
33337,http://commondatastorage.googleapis.com/jjgames-static/images/24936.JPG
34554,http://commondatastorage.googleapis.com/jjgames-static/images/26547.JPG
34555,http://commondatastorage.googleapis.com/jjgames-static/images/26548.JPG
34919,http://commondatastorage.googleapis.com/jjgames-static/images/27248.JPG
34960,http://commondatastorage.googleapis.com/jjgames-static/images/27363.JPG
33579,http://commondatastorage.googleapis.com/jjgames-static/images/25189.JPG
33338,http://commondatastorage.googleapis.com/jjgames-static/images/24938.JPG
34487,http://commondatastorage.googleapis.com/jjgames-static/images/26437.JPG
33929,http://commondatastorage.googleapis.com/jjgames-static/images/25660.JPG
33383,http://commondatastorage.googleapis.com/jjgames-static/images/24958.JPG
33931,http://commondatastorage.googleapis.com/jjgames-static/images/25667.JPG
34225,http://commondatastorage.googleapis.com/jjgames-static/images/26242.JPG
33405,http://commondatastorage.googleapis.com/jjgames-static/images/24971.JPG
34501,http://commondatastorage.googleapis.com/jjgames-static/images/26560.JPG
33396,http://commondatastorage.googleapis.com/jjgames-static/images/24976.JPG
34624,/images/notfound.jpg
34489,http://commondatastorage.googleapis.com/jjgames-static/images/26444.JPG
34164,http://commondatastorage.googleapis.com/jjgames-static/images/26253.JPG
34143,http://commondatastorage.googleapis.com/jjgames-static/images/26256.JPG
33341,http://commondatastorage.googleapis.com/jjgames-static/images/24994.JPG
33582,http://commondatastorage.googleapis.com/jjgames-static/images/25224.JPG
34245,http://commondatastorage.googleapis.com/jjgames-static/images/26266.JPG
34040,http://commondatastorage.googleapis.com/jjgames-static/images/25784.JPG
33584,http://commondatastorage.googleapis.com/jjgames-static/images/25228.JPG
33407,http://commondatastorage.googleapis.com/jjgames-static/images/25015.JPG
33346,http://commondatastorage.googleapis.com/jjgames-static/images/25013.JPG
34294,http://commondatastorage.googleapis.com/jjgames-static/images/26274.JPG
33411,http://commondatastorage.googleapis.com/jjgames-static/images/25021.JPG
34410,http://commondatastorage.googleapis.com/jjgames-static/images/26457.JPG
33349,http://commondatastorage.googleapis.com/jjgames-static/images/25027.JPG
34495,/images/notfound.jpg
34187,http://commondatastorage.googleapis.com/jjgames-static/images/26276.JPG
34956,http://commondatastorage.googleapis.com/jjgames-static/images/27307.JPG
34448,/images/notfound.jpg
34615,http://commondatastorage.googleapis.com/jjgames-static/images/26568.JPG
33406,http://commondatastorage.googleapis.com/jjgames-static/images/25034.JPG
33417,http://commondatastorage.googleapis.com/jjgames-static/images/25038.JPG
33921,http://commondatastorage.googleapis.com/jjgames-static/images/25702.JPG
34128,http://commondatastorage.googleapis.com/jjgames-static/images/26289.JPG
33418,http://commondatastorage.googleapis.com/jjgames-static/images/25045.JPG
34948,http://commondatastorage.googleapis.com/jjgames-static/images/27310.JPG
34110,http://commondatastorage.googleapis.com/jjgames-static/images/25796.JPG
33934,http://commondatastorage.googleapis.com/jjgames-static/images/25719.JPG
33419,http://commondatastorage.googleapis.com/jjgames-static/images/25055.JPG
34913,/images/notfound.jpg
33633,http://commondatastorage.googleapis.com/jjgames-static/images/25257.JPG
34646,http://commondatastorage.googleapis.com/jjgames-static/images/26611.JPG
34645,http://commondatastorage.googleapis.com/jjgames-static/images/26612.JPG
34979,http://commondatastorage.googleapis.com/jjgames-static/images/27318.JPG
33364,http://commondatastorage.googleapis.com/jjgames-static/images/25058.JPG
33363,http://commondatastorage.googleapis.com/jjgames-static/images/25059.JPG
34958,http://commondatastorage.googleapis.com/jjgames-static/images/27319.JPG
34957,http://commondatastorage.googleapis.com/jjgames-static/images/27320.JPG
34959,http://commondatastorage.googleapis.com/jjgames-static/images/27321.JPG
34822,http://commondatastorage.googleapis.com/jjgames-static/images/27201.JPG
33366,http://commondatastorage.googleapis.com/jjgames-static/images/25060.JPG
33367,http://commondatastorage.googleapis.com/jjgames-static/images/25061.JPG
33420,http://commondatastorage.googleapis.com/jjgames-static/images/25063.JPG
34420,http://commondatastorage.googleapis.com/jjgames-static/images/26474.JPG
34271,http://commondatastorage.googleapis.com/jjgames-static/images/26298.JPG
33358,http://commondatastorage.googleapis.com/jjgames-static/images/25075.JPG
34270,http://commondatastorage.googleapis.com/jjgames-static/images/26300.JPG
34405,http://commondatastorage.googleapis.com/jjgames-static/images/26483.JPG
33395,http://commondatastorage.googleapis.com/jjgames-static/images/25080.JPG
34522,http://commondatastorage.googleapis.com/jjgames-static/images/26588.JPG
33631,http://commondatastorage.googleapis.com/jjgames-static/images/25160.JPG
33397,http://commondatastorage.googleapis.com/jjgames-static/images/24965.JPG
