34835,http://commondatastorage.googleapis.com/jjgames-static/images/27160.JPG
34610,http://commondatastorage.googleapis.com/jjgames-static/images/26492.JPG
34574,http://commondatastorage.googleapis.com/jjgames-static/images/26495.JPG
34575,http://commondatastorage.googleapis.com/jjgames-static/images/26502.JPG
34856,http://static.jjgames.com/images/noimage.jpg
34563,http://commondatastorage.googleapis.com/jjgames-static/images/26511.JPG
34568,http://commondatastorage.googleapis.com/jjgames-static/images/26517.JPG
34565,http://commondatastorage.googleapis.com/jjgames-static/images/26520.JPG
34577,http://commondatastorage.googleapis.com/jjgames-static/images/26525.JPG
35000,http://commondatastorage.googleapis.com/jjgames-static/images/27331.JPG
34791,http://commondatastorage.googleapis.com/jjgames-static/images/27167.JPG
34594,http://commondatastorage.googleapis.com/jjgames-static/images/26530.JPG
34573,http://commondatastorage.googleapis.com/jjgames-static/images/26531.JPG
34572,http://commondatastorage.googleapis.com/jjgames-static/images/26532.JPG
34792,http://commondatastorage.googleapis.com/jjgames-static/images/27173.JPG
34799,http://commondatastorage.googleapis.com/jjgames-static/images/27174.JPG
34793,http://commondatastorage.googleapis.com/jjgames-static/images/27176.JPG
34668,http://static.jjgames.com/images/noimage.jpg
34804,http://commondatastorage.googleapis.com/jjgames-static/images/27181.JPG
34571,http://commondatastorage.googleapis.com/jjgames-static/images/26545.JPG
34751,http://commondatastorage.googleapis.com/jjgames-static/images/27121.JPG
34923,http://commondatastorage.googleapis.com/jjgames-static/images/27291.JPG
34570,http://commondatastorage.googleapis.com/jjgames-static/images/26552.JPG
34596,http://commondatastorage.googleapis.com/jjgames-static/images/26553.JPG
34599,http://commondatastorage.googleapis.com/jjgames-static/images/26556.JPG
