11015,http://commondatastorage.googleapis.com/jjgames-static/images/7014.JPG
6045,http://commondatastorage.googleapis.com/jjgames-static/images/4195.JPG
6046,http://commondatastorage.googleapis.com/jjgames-static/images/553.JPG
6047,http://commondatastorage.googleapis.com/jjgames-static/images/6704.JPG
6061,http://commondatastorage.googleapis.com/jjgames-static/images/3617.JPG
10583,http://commondatastorage.googleapis.com/jjgames-static/images/8614.JPG
6072,http://commondatastorage.googleapis.com/jjgames-static/images/2229.JPG
6048,http://commondatastorage.googleapis.com/jjgames-static/images/3067.JPG
6049,http://commondatastorage.googleapis.com/jjgames-static/images/3208.JPG
11331,http://commondatastorage.googleapis.com/jjgames-static/images/5944.JPG
6050,http://commondatastorage.googleapis.com/jjgames-static/images/1812.JPG
6051,http://commondatastorage.googleapis.com/jjgames-static/images/2372.JPG
6052,http://commondatastorage.googleapis.com/jjgames-static/images/555.JPG
6053,http://commondatastorage.googleapis.com/jjgames-static/images/3528.JPG
6055,http://commondatastorage.googleapis.com/jjgames-static/images/1810.JPG
6056,http://commondatastorage.googleapis.com/jjgames-static/images/1880.JPG
6057,http://commondatastorage.googleapis.com/jjgames-static/images/3597.JPG
10750,http://commondatastorage.googleapis.com/jjgames-static/images/12695.JPG
6058,http://commondatastorage.googleapis.com/jjgames-static/images/5219.JPG
6059,http://commondatastorage.googleapis.com/jjgames-static/images/7942.JPG
11382,http://commondatastorage.googleapis.com/jjgames-static/images/8963.JPG
6060,http://commondatastorage.googleapis.com/jjgames-static/images/4129.JPG
6062,http://commondatastorage.googleapis.com/jjgames-static/images/556.JPG
6063,http://commondatastorage.googleapis.com/jjgames-static/images/2147.JPG
11018,http://commondatastorage.googleapis.com/jjgames-static/images/5946.JPG
6064,http://commondatastorage.googleapis.com/jjgames-static/images/2392.JPG
6065,http://commondatastorage.googleapis.com/jjgames-static/images/1900.JPG
11558,http://commondatastorage.googleapis.com/jjgames-static/images/9117.JPG
6066,http://commondatastorage.googleapis.com/jjgames-static/images/1848.JPG
6067,http://commondatastorage.googleapis.com/jjgames-static/images/2969.JPG
6068,http://commondatastorage.googleapis.com/jjgames-static/images/4548.JPG
6069,http://commondatastorage.googleapis.com/jjgames-static/images/3695.JPG
11468,http://commondatastorage.googleapis.com/jjgames-static/images/9033.JPG
6070,http://commondatastorage.googleapis.com/jjgames-static/images/2999.JPG
11378,http://commondatastorage.googleapis.com/jjgames-static/images/8960.JPG
6071,http://commondatastorage.googleapis.com/jjgames-static/images/2998.JPG
6073,http://commondatastorage.googleapis.com/jjgames-static/images/2978.JPG
6074,http://commondatastorage.googleapis.com/jjgames-static/images/7506.JPG
6075,http://commondatastorage.googleapis.com/jjgames-static/images/557.JPG
6103,http://commondatastorage.googleapis.com/jjgames-static/images/60.JPG
6076,http://commondatastorage.googleapis.com/jjgames-static/images/4134.JPG
11680,http://commondatastorage.googleapis.com/jjgames-static/images/6222.JPG
6077,http://commondatastorage.googleapis.com/jjgames-static/images/3485.JPG
6078,http://commondatastorage.googleapis.com/jjgames-static/images/1894.JPG
6079,http://commondatastorage.googleapis.com/jjgames-static/images/3209.JPG
11098,http://commondatastorage.googleapis.com/jjgames-static/images/8745.JPG
10600,http://commondatastorage.googleapis.com/jjgames-static/images/5610.JPG
21996,http://commondatastorage.googleapis.com/jjgames-static/images/16604.JPG
11105,http://commondatastorage.googleapis.com/jjgames-static/images/8750.JPG
6080,http://commondatastorage.googleapis.com/jjgames-static/images/3837.JPG
6081,http://commondatastorage.googleapis.com/jjgames-static/images/1869.JPG
6082,http://commondatastorage.googleapis.com/jjgames-static/images/2924.JPG
6083,http://commondatastorage.googleapis.com/jjgames-static/images/41.JPG
11578,http://commondatastorage.googleapis.com/jjgames-static/images/9133.JPG
6084,http://commondatastorage.googleapis.com/jjgames-static/images/3653.JPG
11092,http://commondatastorage.googleapis.com/jjgames-static/images/6277.JPG
6085,http://commondatastorage.googleapis.com/jjgames-static/images/3871.JPG
6086,http://commondatastorage.googleapis.com/jjgames-static/images/2027.JPG
6087,http://commondatastorage.googleapis.com/jjgames-static/images/3538.JPG
6088,http://commondatastorage.googleapis.com/jjgames-static/images/2228.JPG
6089,http://commondatastorage.googleapis.com/jjgames-static/images/4228.JPG
14052,http://commondatastorage.googleapis.com/jjgames-static/images/7214.JPG
6091,http://commondatastorage.googleapis.com/jjgames-static/images/3977.JPG
6092,http://commondatastorage.googleapis.com/jjgames-static/images/48.JPG
6093,http://commondatastorage.googleapis.com/jjgames-static/images/605.JPG
11411,http://commondatastorage.googleapis.com/jjgames-static/images/8989.JPG
6094,http://commondatastorage.googleapis.com/jjgames-static/images/1695.JPG
11016,http://commondatastorage.googleapis.com/jjgames-static/images/8697.JPG
6095,http://commondatastorage.googleapis.com/jjgames-static/images/7215.JPG
6096,http://commondatastorage.googleapis.com/jjgames-static/images/1836.JPG
6097,http://commondatastorage.googleapis.com/jjgames-static/images/3838.JPG
6098,http://commondatastorage.googleapis.com/jjgames-static/images/1832.JPG
6099,http://commondatastorage.googleapis.com/jjgames-static/images/1743.JPG
6100,http://commondatastorage.googleapis.com/jjgames-static/images/669.JPG
6101,http://commondatastorage.googleapis.com/jjgames-static/images/2971.JPG
11268,http://commondatastorage.googleapis.com/jjgames-static/images/8869.JPG
11320,http://commondatastorage.googleapis.com/jjgames-static/images/8913.JPG
6102,http://commondatastorage.googleapis.com/jjgames-static/images/4250.JPG
11519,http://commondatastorage.googleapis.com/jjgames-static/images/5951.JPG
11309,http://commondatastorage.googleapis.com/jjgames-static/images/5800.JPG
6104,http://commondatastorage.googleapis.com/jjgames-static/images/2499.JPG
6106,http://commondatastorage.googleapis.com/jjgames-static/images/4130.JPG
6107,http://commondatastorage.googleapis.com/jjgames-static/images/4131.JPG
6108,http://commondatastorage.googleapis.com/jjgames-static/images/1828.JPG
6109,http://commondatastorage.googleapis.com/jjgames-static/images/1618.JPG
6110,http://commondatastorage.googleapis.com/jjgames-static/images/558.JPG
6111,http://commondatastorage.googleapis.com/jjgames-static/images/2369.JPG
6112,http://commondatastorage.googleapis.com/jjgames-static/images/1830.JPG
6113,http://commondatastorage.googleapis.com/jjgames-static/images/1870.JPG
6114,http://commondatastorage.googleapis.com/jjgames-static/images/2946.JPG
6115,http://commondatastorage.googleapis.com/jjgames-static/images/3045.JPG
11012,http://commondatastorage.googleapis.com/jjgames-static/images/5955.JPG
10430,http://commondatastorage.googleapis.com/jjgames-static/images/5554.JPG
6116,http://commondatastorage.googleapis.com/jjgames-static/images/2223.JPG
11203,http://commondatastorage.googleapis.com/jjgames-static/images/6681.JPG
6117,http://commondatastorage.googleapis.com/jjgames-static/images/3007.JPG
6118,http://commondatastorage.googleapis.com/jjgames-static/images/4018.JPG
6119,http://commondatastorage.googleapis.com/jjgames-static/images/4650.JPG
11305,http://commondatastorage.googleapis.com/jjgames-static/images/8899.JPG
6120,http://commondatastorage.googleapis.com/jjgames-static/images/3441.JPG
14421,http://commondatastorage.googleapis.com/jjgames-static/images/10450.JPG
6121,http://commondatastorage.googleapis.com/jjgames-static/images/5220.JPG
6122,http://commondatastorage.googleapis.com/jjgames-static/images/3611.JPG
6123,http://commondatastorage.googleapis.com/jjgames-static/images/4060.JPG
11054,http://commondatastorage.googleapis.com/jjgames-static/images/8720.JPG
13099,http://commondatastorage.googleapis.com/jjgames-static/images/6142.JPG
6124,http://commondatastorage.googleapis.com/jjgames-static/images/1600.JPG
10592,http://commondatastorage.googleapis.com/jjgames-static/images/8617.JPG
6125,http://commondatastorage.googleapis.com/jjgames-static/images/4933.JPG
6126,http://commondatastorage.googleapis.com/jjgames-static/images/4234.JPG
6127,http://commondatastorage.googleapis.com/jjgames-static/images/4365.JPG
6129,http://commondatastorage.googleapis.com/jjgames-static/images/3000.JPG
6130,http://commondatastorage.googleapis.com/jjgames-static/images/1823.JPG
11833,http://commondatastorage.googleapis.com/jjgames-static/images/7381.JPG
6131,http://commondatastorage.googleapis.com/jjgames-static/images/4732.JPG
6132,http://commondatastorage.googleapis.com/jjgames-static/images/1855.JPG
6133,http://commondatastorage.googleapis.com/jjgames-static/images/2979.JPG
11564,http://commondatastorage.googleapis.com/jjgames-static/images/9123.JPG
6134,http://commondatastorage.googleapis.com/jjgames-static/images/5690.JPG
6135,http://commondatastorage.googleapis.com/jjgames-static/images/3610.JPG
6136,http://commondatastorage.googleapis.com/jjgames-static/images/2899.JPG
6137,http://commondatastorage.googleapis.com/jjgames-static/images/86.JPG
11466,http://commondatastorage.googleapis.com/jjgames-static/images/9032.JPG
6138,http://commondatastorage.googleapis.com/jjgames-static/images/2220.JPG
6139,http://commondatastorage.googleapis.com/jjgames-static/images/3207.JPG
6140,http://commondatastorage.googleapis.com/jjgames-static/images/7979.JPG
6141,http://commondatastorage.googleapis.com/jjgames-static/images/7930.JPG
6142,http://commondatastorage.googleapis.com/jjgames-static/images/3525.JPG
6143,http://commondatastorage.googleapis.com/jjgames-static/images/2379.JPG
6144,http://commondatastorage.googleapis.com/jjgames-static/images/2618.JPG
6145,http://commondatastorage.googleapis.com/jjgames-static/images/2617.JPG
6147,http://commondatastorage.googleapis.com/jjgames-static/images/4810.JPG
6148,http://commondatastorage.googleapis.com/jjgames-static/images/3609.JPG
6149,http://commondatastorage.googleapis.com/jjgames-static/images/4541.JPG
6150,http://commondatastorage.googleapis.com/jjgames-static/images/1896.JPG
11681,http://commondatastorage.googleapis.com/jjgames-static/images/9210.JPG
6151,http://commondatastorage.googleapis.com/jjgames-static/images/1744.JPG
6152,http://commondatastorage.googleapis.com/jjgames-static/images/2923.JPG
7298,http://commondatastorage.googleapis.com/jjgames-static/images/5270.JPG
6153,http://commondatastorage.googleapis.com/jjgames-static/images/3834.JPG
6154,http://commondatastorage.googleapis.com/jjgames-static/images/3046.JPG
6155,http://commondatastorage.googleapis.com/jjgames-static/images/4366.JPG
6156,http://commondatastorage.googleapis.com/jjgames-static/images/3987.JPG
6157,http://commondatastorage.googleapis.com/jjgames-static/images/2920.JPG
13952,http://commondatastorage.googleapis.com/jjgames-static/images/7128.JPG
6158,http://commondatastorage.googleapis.com/jjgames-static/images/559.JPG
6159,http://commondatastorage.googleapis.com/jjgames-static/images/4542.JPG
6160,http://commondatastorage.googleapis.com/jjgames-static/images/3068.JPG
10418,http://commondatastorage.googleapis.com/jjgames-static/images/5532.JPG
11103,http://commondatastorage.googleapis.com/jjgames-static/images/7125.JPG
6161,http://commondatastorage.googleapis.com/jjgames-static/images/93.JPG
6162,http://commondatastorage.googleapis.com/jjgames-static/images/4979.JPG
6163,http://commondatastorage.googleapis.com/jjgames-static/images/2902.JPG
6164,http://commondatastorage.googleapis.com/jjgames-static/images/1617.JPG
11011,http://commondatastorage.googleapis.com/jjgames-static/images/8695.JPG
14319,http://commondatastorage.googleapis.com/jjgames-static/images/10392.JPG
6165,http://commondatastorage.googleapis.com/jjgames-static/images/7536.JPG
11374,http://commondatastorage.googleapis.com/jjgames-static/images/8957.JPG
6203,http://commondatastorage.googleapis.com/jjgames-static/images/120.JPG
6166,http://commondatastorage.googleapis.com/jjgames-static/images/4546.JPG
6167,http://commondatastorage.googleapis.com/jjgames-static/images/3760.JPG
6168,http://commondatastorage.googleapis.com/jjgames-static/images/2378.JPG
11275,http://commondatastorage.googleapis.com/jjgames-static/images/8875.JPG
11265,http://commondatastorage.googleapis.com/jjgames-static/images/8868.JPG
6169,http://commondatastorage.googleapis.com/jjgames-static/images/2879.JPG
6170,http://commondatastorage.googleapis.com/jjgames-static/images/2496.JPG
6171,http://commondatastorage.googleapis.com/jjgames-static/images/4946.JPG
10419,http://commondatastorage.googleapis.com/jjgames-static/images/5537.JPG
10420,http://commondatastorage.googleapis.com/jjgames-static/images/5536.JPG
10905,http://commondatastorage.googleapis.com/jjgames-static/images/5652.JPG
6173,http://commondatastorage.googleapis.com/jjgames-static/images/1818.JPG
6174,http://commondatastorage.googleapis.com/jjgames-static/images/3978.JPG
6175,http://commondatastorage.googleapis.com/jjgames-static/images/1619.JPG
6176,http://commondatastorage.googleapis.com/jjgames-static/images/4189.JPG
6177,http://commondatastorage.googleapis.com/jjgames-static/images/104.JPG
6178,http://commondatastorage.googleapis.com/jjgames-static/images/1866.JPG
6179,http://commondatastorage.googleapis.com/jjgames-static/images/2670.JPG
6180,http://commondatastorage.googleapis.com/jjgames-static/images/560.JPG
6181,http://commondatastorage.googleapis.com/jjgames-static/images/4788.JPG
6182,http://commondatastorage.googleapis.com/jjgames-static/images/1863.JPG
6183,http://commondatastorage.googleapis.com/jjgames-static/images/3596.JPG
6184,http://commondatastorage.googleapis.com/jjgames-static/images/1895.JPG
6185,http://commondatastorage.googleapis.com/jjgames-static/images/4221.JPG
6186,http://commondatastorage.googleapis.com/jjgames-static/images/7537.JPG
6187,http://commondatastorage.googleapis.com/jjgames-static/images/3761.JPG
11619,http://commondatastorage.googleapis.com/jjgames-static/images/5726.JPG
6188,http://commondatastorage.googleapis.com/jjgames-static/images/2881.JPG
6189,http://commondatastorage.googleapis.com/jjgames-static/images/3054.JPG
11200,http://commondatastorage.googleapis.com/jjgames-static/images/8818.JPG
6190,http://commondatastorage.googleapis.com/jjgames-static/images/3535.JPG
10386,http://commondatastorage.googleapis.com/jjgames-static/images/5481.JPG
6191,http://commondatastorage.googleapis.com/jjgames-static/images/4734.JPG
6192,http://commondatastorage.googleapis.com/jjgames-static/images/2875.JPG
6193,http://commondatastorage.googleapis.com/jjgames-static/images/3867.JPG
6194,http://commondatastorage.googleapis.com/jjgames-static/images/4347.JPG
6196,http://commondatastorage.googleapis.com/jjgames-static/images/7341.JPG
6197,http://commondatastorage.googleapis.com/jjgames-static/images/3239.JPG
6198,http://commondatastorage.googleapis.com/jjgames-static/images/2098.JPG
6199,http://commondatastorage.googleapis.com/jjgames-static/images/3840.JPG
11365,http://commondatastorage.googleapis.com/jjgames-static/images/8948.JPG
6200,http://commondatastorage.googleapis.com/jjgames-static/images/2726.JPG
6201,http://commondatastorage.googleapis.com/jjgames-static/images/3763.JPG
32446,http://static.jjgames.com/images/noimage.jpg
10934,http://commondatastorage.googleapis.com/jjgames-static/images/5677.JPG
6202,http://commondatastorage.googleapis.com/jjgames-static/images/2748.JPG
6204,http://commondatastorage.googleapis.com/jjgames-static/images/4408.JPG
6205,http://commondatastorage.googleapis.com/jjgames-static/images/4549.JPG
11174,http://commondatastorage.googleapis.com/jjgames-static/images/8799.JPG
6210,http://commondatastorage.googleapis.com/jjgames-static/images/3537.JPG
6211,http://commondatastorage.googleapis.com/jjgames-static/images/2385.JPG
6212,http://commondatastorage.googleapis.com/jjgames-static/images/2941.JPG
6213,http://commondatastorage.googleapis.com/jjgames-static/images/2389.JPG
6214,http://commondatastorage.googleapis.com/jjgames-static/images/2989.JPG
6215,http://commondatastorage.googleapis.com/jjgames-static/images/3645.JPG
6216,http://commondatastorage.googleapis.com/jjgames-static/images/2375.JPG
6217,http://commondatastorage.googleapis.com/jjgames-static/images/2500.JPG
6218,http://commondatastorage.googleapis.com/jjgames-static/images/2380.JPG
6219,http://commondatastorage.googleapis.com/jjgames-static/images/3631.JPG
18539,http://commondatastorage.googleapis.com/jjgames-static/images/12959.JPG
16886,http://commondatastorage.googleapis.com/jjgames-static/images/12880.JPG
6220,http://commondatastorage.googleapis.com/jjgames-static/images/2988.JPG
15875,http://commondatastorage.googleapis.com/jjgames-static/images/10576.JPG
14258,http://commondatastorage.googleapis.com/jjgames-static/images/10350.JPG
11163,http://commondatastorage.googleapis.com/jjgames-static/images/6146.JPG
6206,http://commondatastorage.googleapis.com/jjgames-static/images/1858.JPG
6207,http://commondatastorage.googleapis.com/jjgames-static/images/562.JPG
6208,http://commondatastorage.googleapis.com/jjgames-static/images/1843.JPG
6209,http://commondatastorage.googleapis.com/jjgames-static/images/1873.JPG
11110,http://commondatastorage.googleapis.com/jjgames-static/images/7342.JPG
6221,http://commondatastorage.googleapis.com/jjgames-static/images/2972.JPG
6222,http://commondatastorage.googleapis.com/jjgames-static/images/2381.JPG
6223,http://commondatastorage.googleapis.com/jjgames-static/images/3979.JPG
6224,http://commondatastorage.googleapis.com/jjgames-static/images/1829.JPG
6233,http://commondatastorage.googleapis.com/jjgames-static/images/1852.JPG
6234,http://commondatastorage.googleapis.com/jjgames-static/images/1831.JPG
6235,http://commondatastorage.googleapis.com/jjgames-static/images/4194.JPG
6236,http://commondatastorage.googleapis.com/jjgames-static/images/2973.JPG
6237,http://commondatastorage.googleapis.com/jjgames-static/images/2966.JPG
6238,http://commondatastorage.googleapis.com/jjgames-static/images/5396.JPG
6239,http://commondatastorage.googleapis.com/jjgames-static/images/4282.JPG
6240,http://commondatastorage.googleapis.com/jjgames-static/images/4283.JPG
6241,http://commondatastorage.googleapis.com/jjgames-static/images/4505.JPG
30306,http://commondatastorage.googleapis.com/jjgames-static/images/2876.JPG
14214,http://static.jjgames.com/images/noimage.jpg
6226,http://commondatastorage.googleapis.com/jjgames-static/images/3654.JPG
6227,http://commondatastorage.googleapis.com/jjgames-static/images/4155.JPG
10601,http://commondatastorage.googleapis.com/jjgames-static/images/5614.JPG
6228,http://commondatastorage.googleapis.com/jjgames-static/images/5482.JPG
6229,http://commondatastorage.googleapis.com/jjgames-static/images/4543.JPG
6230,http://commondatastorage.googleapis.com/jjgames-static/images/3442.JPG
11949,http://commondatastorage.googleapis.com/jjgames-static/images/5803.JPG
6231,http://commondatastorage.googleapis.com/jjgames-static/images/1892.JPG
6232,http://commondatastorage.googleapis.com/jjgames-static/images/3868.JPG
6242,http://commondatastorage.googleapis.com/jjgames-static/images/3872.JPG
6243,http://commondatastorage.googleapis.com/jjgames-static/images/2878.JPG
6244,http://commondatastorage.googleapis.com/jjgames-static/images/3238.JPG
6245,http://commondatastorage.googleapis.com/jjgames-static/images/3517.JPG
11053,http://commondatastorage.googleapis.com/jjgames-static/images/8719.JPG
6246,http://commondatastorage.googleapis.com/jjgames-static/images/1902.JPG
6247,http://commondatastorage.googleapis.com/jjgames-static/images/1844.JPG
6248,http://commondatastorage.googleapis.com/jjgames-static/images/4247.JPG
6249,http://commondatastorage.googleapis.com/jjgames-static/images/4821.JPG
11687,http://commondatastorage.googleapis.com/jjgames-static/images/9215.JPG
6250,http://commondatastorage.googleapis.com/jjgames-static/images/3527.JPG
6251,http://commondatastorage.googleapis.com/jjgames-static/images/3589.JPG
6252,http://commondatastorage.googleapis.com/jjgames-static/images/3588.JPG
11467,http://commondatastorage.googleapis.com/jjgames-static/images/5802.JPG
6253,http://commondatastorage.googleapis.com/jjgames-static/images/3018.JPG
11160,http://commondatastorage.googleapis.com/jjgames-static/images/7344.JPG
6254,http://commondatastorage.googleapis.com/jjgames-static/images/2977.JPG
6255,http://commondatastorage.googleapis.com/jjgames-static/images/4235.JPG
6256,http://commondatastorage.googleapis.com/jjgames-static/images/3841.JPG
11272,http://commondatastorage.googleapis.com/jjgames-static/images/8872.JPG
6257,http://commondatastorage.googleapis.com/jjgames-static/images/1868.JPG
6258,http://commondatastorage.googleapis.com/jjgames-static/images/3980.JPG
6259,http://commondatastorage.googleapis.com/jjgames-static/images/2922.JPG
11618,http://commondatastorage.googleapis.com/jjgames-static/images/9162.JPG
11581,http://commondatastorage.googleapis.com/jjgames-static/images/9136.JPG
11848,http://commondatastorage.googleapis.com/jjgames-static/images/8674.JPG
11394,http://commondatastorage.googleapis.com/jjgames-static/images/8972.JPG
6260,http://commondatastorage.googleapis.com/jjgames-static/images/565.JPG
11546,http://commondatastorage.googleapis.com/jjgames-static/images/9106.JPG
11106,http://commondatastorage.googleapis.com/jjgames-static/images/8751.JPG
6261,http://commondatastorage.googleapis.com/jjgames-static/images/1835.JPG
6262,http://commondatastorage.googleapis.com/jjgames-static/images/3048.JPG
6263,http://commondatastorage.googleapis.com/jjgames-static/images/566.JPG
6264,http://commondatastorage.googleapis.com/jjgames-static/images/170.JPG
6265,http://commondatastorage.googleapis.com/jjgames-static/images/2936.JPG
6266,http://commondatastorage.googleapis.com/jjgames-static/images/4552.JPG
6267,http://commondatastorage.googleapis.com/jjgames-static/images/4509.JPG
14940,http://commondatastorage.googleapis.com/jjgames-static/images/10547.JPG
6268,http://commondatastorage.googleapis.com/jjgames-static/images/2616.JPG
6269,http://commondatastorage.googleapis.com/jjgames-static/images/4367.JPG
6270,http://commondatastorage.googleapis.com/jjgames-static/images/2370.JPG
6271,http://commondatastorage.googleapis.com/jjgames-static/images/3648.JPG
11584,http://commondatastorage.googleapis.com/jjgames-static/images/6153.JPG
6272,http://commondatastorage.googleapis.com/jjgames-static/images/7346.JPG
